date,sst
1982-01-01,26.6367
1982-01-02,26.8255
1982-01-03,26.8938
1982-01-04,26.8132
1982-01-05,26.6797
1982-01-06,26.5783
1982-01-07,26.5324
1982-01-08,26.4600
1982-01-09,26.2984
1982-01-10,26.3453
1982-01-11,26.4085
1982-01-12,26.3249
1982-01-13,26.3708
1982-01-14,26.3370
1982-01-15,26.2537
1982-01-16,26.2693
1982-01-17,26.3636
1982-01-18,26.4002
1982-01-19,26.5585
1982-01-20,26.6295
1982-01-21,26.6900
1982-01-22,26.7266
1982-01-23,26.8553
1982-01-24,26.8921
1982-01-25,26.7766
1982-01-26,26.7522
1982-01-27,26.7398
1982-01-28,26.7428
1982-01-29,26.6707
1982-01-30,26.6311
1982-01-31,26.6179
1982-02-01,26.6289
1982-02-02,26.5665
1982-02-03,26.5876
1982-02-04,26.5621
1982-02-05,26.5371
1982-02-06,26.4399
1982-02-07,26.4232
1982-02-08,26.4021
1982-02-09,26.4438
1982-02-10,26.3860
1982-02-11,26.2998
1982-02-12,26.2174
1982-02-13,26.0927
1982-02-14,26.0376
1982-02-15,26.2922
1982-02-16,26.3916
1982-02-17,26.4768
1982-02-18,26.5940
1982-02-19,26.5953
1982-02-20,26.5313
1982-02-21,26.5029
1982-02-22,26.4932
1982-02-23,26.5448
1982-02-24,26.5207
1982-02-25,26.4667
1982-02-26,26.5456
1982-02-27,26.5828
1982-02-28,26.5651
1982-03-01,26.5305
1982-03-02,26.4944
1982-03-03,26.7823
1982-03-04,27.0211
1982-03-05,27.0633
1982-03-06,26.9613
1982-03-07,26.7382
1982-03-08,26.6742
1982-03-09,26.6869
1982-03-10,26.6884
1982-03-11,26.6541
1982-03-12,26.7034
1982-03-13,26.7982
1982-03-14,26.8331
1982-03-15,26.8976
1982-03-16,26.9083
1982-03-17,26.9979
1982-03-18,27.0686
1982-03-19,27.1434
1982-03-20,27.3054
1982-03-21,27.4166
1982-03-22,27.4637
1982-03-23,27.4838
1982-03-24,27.5284
1982-03-25,27.5823
1982-03-26,27.5372
1982-03-27,27.4370
1982-03-28,27.3131
1982-03-29,27.1741
1982-03-30,27.0608
1982-03-31,27.1019
1982-04-01,27.3093
1982-04-02,27.4371
1982-04-03,27.4582
1982-04-04,27.4470
1982-04-05,27.4955
1982-04-06,27.7455
1982-04-07,27.9134
1982-04-08,27.9247
1982-04-09,27.9748
1982-04-10,27.8978
1982-04-11,27.7036
1982-04-12,27.5372
1982-04-13,27.4784
1982-04-14,27.5360
1982-04-15,27.6263
1982-04-16,27.7186
1982-04-17,27.7604
1982-04-18,27.7860
1982-04-19,27.9070
1982-04-20,27.9553
1982-04-21,27.9587
1982-04-22,27.9753
1982-04-23,27.9982
1982-04-24,28.1274
1982-04-25,28.2448
1982-04-26,28.2080
1982-04-27,27.9653
1982-04-28,27.7511
1982-04-29,27.7543
1982-04-30,27.8744
1982-05-01,27.9036
1982-05-02,27.8935
1982-05-03,27.9226
1982-05-04,27.9785
1982-05-05,28.0810
1982-05-06,28.2396
1982-05-07,28.3388
1982-05-08,28.2824
1982-05-09,28.1550
1982-05-10,27.9943
1982-05-11,27.8180
1982-05-12,27.7922
1982-05-13,27.8651
1982-05-14,28.0513
1982-05-15,28.2559
1982-05-16,28.4435
1982-05-17,28.6354
1982-05-18,28.6719
1982-05-19,28.6121
1982-05-20,28.6242
1982-05-21,28.6612
1982-05-22,28.7509
1982-05-23,28.8578
1982-05-24,28.7587
1982-05-25,28.5869
1982-05-26,28.5449
1982-05-27,28.5144
1982-05-28,28.4912
1982-05-29,28.4637
1982-05-30,28.4417
1982-05-31,28.4276
1982-06-01,28.5069
1982-06-02,28.6070
1982-06-03,28.7512
1982-06-04,28.7309
1982-06-05,28.6069
1982-06-06,28.5675
1982-06-07,28.5652
1982-06-08,28.4376
1982-06-09,28.2574
1982-06-10,28.1659
1982-06-11,28.2407
1982-06-12,28.2840
1982-06-13,28.3236
1982-06-14,28.3445
1982-06-15,28.1829
1982-06-16,28.0238
1982-06-17,27.9755
1982-06-18,27.9392
1982-06-19,27.9182
1982-06-20,28.1119
1982-06-21,28.3835
1982-06-22,28.3975
1982-06-23,28.3259
1982-06-24,28.2842
1982-06-25,28.3397
1982-06-26,28.2486
1982-06-27,28.2397
1982-06-28,28.2158
1982-06-29,28.2701
1982-06-30,28.2852
1982-07-01,28.2468
1982-07-02,28.1005
1982-07-03,27.7539
1982-07-04,27.4108
1982-07-05,27.2360
1982-07-06,27.2951
1982-07-07,27.3962
1982-07-08,27.3283
1982-07-09,27.2550
1982-07-10,27.3035
1982-07-11,27.2749
1982-07-12,27.2323
1982-07-13,27.2317
1982-07-14,27.1800
1982-07-15,27.3426
1982-07-16,27.5288
1982-07-17,27.5954
1982-07-18,27.5783
1982-07-19,27.5602
1982-07-20,27.6373
1982-07-21,27.8531
1982-07-22,27.9320
1982-07-23,27.9327
1982-07-24,27.8205
1982-07-25,27.7166
1982-07-26,27.6330
1982-07-27,27.5282
1982-07-28,27.3781
1982-07-29,27.2827
1982-07-30,27.2208
1982-07-31,27.2206
1982-08-01,27.3599
1982-08-02,27.5947
1982-08-03,27.7768
1982-08-04,27.8058
1982-08-05,27.7243
1982-08-06,27.6139
1982-08-07,27.5099
1982-08-08,27.4935
1982-08-09,27.6117
1982-08-10,27.6673
1982-08-11,27.8208
1982-08-12,27.9675
1982-08-13,28.0786
1982-08-14,28.2291
1982-08-15,28.1441
1982-08-16,28.1993
1982-08-17,28.1258
1982-08-18,27.8590
1982-08-19,27.7570
1982-08-20,27.8873
1982-08-21,27.8911
1982-08-22,27.8089
1982-08-23,27.5858
1982-08-24,27.4625
1982-08-25,27.4028
1982-08-26,27.3862
1982-08-27,27.5190
1982-08-28,27.6277
1982-08-29,27.6557
1982-08-30,27.6563
1982-08-31,27.4711
1982-09-01,27.2461
1982-09-02,27.1471
1982-09-03,27.0443
1982-09-04,27.0303
1982-09-05,27.2052
1982-09-06,27.4080
1982-09-07,27.7066
1982-09-08,27.8613
1982-09-09,27.8916
1982-09-10,27.9128
1982-09-11,27.9008
1982-09-12,27.7759
1982-09-13,27.7298
1982-09-14,27.7176
1982-09-15,27.8961
1982-09-16,28.0794
1982-09-17,28.3402
1982-09-18,28.5159
1982-09-19,28.5879
1982-09-20,28.4479
1982-09-21,28.3052
1982-09-22,28.2313
1982-09-23,28.2725
1982-09-24,28.2805
1982-09-25,28.2546
1982-09-26,28.5078
1982-09-27,28.4604
1982-09-28,28.4290
1982-09-29,28.6997
1982-09-30,28.7438
1982-10-01,28.7333
1982-10-02,28.6019
1982-10-03,28.5964
1982-10-04,28.6658
1982-10-05,28.7284
1982-10-06,28.7316
1982-10-07,28.6775
1982-10-08,28.7059
1982-10-09,28.6815
1982-10-10,28.5773
1982-10-11,28.5204
1982-10-12,28.4082
1982-10-13,28.4169
1982-10-14,28.4600
1982-10-15,28.4851
1982-10-16,28.7098
1982-10-17,28.7037
1982-10-18,28.7303
1982-10-19,28.7033
1982-10-20,28.5110
1982-10-21,28.4022
1982-10-22,28.3831
1982-10-23,28.3952
1982-10-24,28.3471
1982-10-25,28.3255
1982-10-26,28.3208
1982-10-27,28.3293
1982-10-28,28.3254
1982-10-29,28.2670
1982-10-30,28.3037
1982-10-31,28.2525
1982-11-01,28.1889
1982-11-02,28.2996
1982-11-03,28.2939
1982-11-04,28.3049
1982-11-05,28.3505
1982-11-06,28.3788
1982-11-07,28.4245
1982-11-08,28.5480
1982-11-09,28.7351
1982-11-10,28.6513
1982-11-11,28.5915
1982-11-12,28.5790
1982-11-13,28.5267
1982-11-14,28.5180
1982-11-15,28.5205
1982-11-16,28.4725
1982-11-17,28.3996
1982-11-18,28.2319
1982-11-19,28.1918
1982-11-20,28.3851
1982-11-21,28.6043
1982-11-22,28.8036
1982-11-23,28.9515
1982-11-24,28.9362
1982-11-25,28.9880
1982-11-26,28.9273
1982-11-27,28.5561
1982-11-28,28.4674
1982-11-29,28.3844
1982-11-30,28.4018
1982-12-01,28.4326
1982-12-02,28.5828
1982-12-03,28.5145
1982-12-04,28.4712
1982-12-05,28.4342
1982-12-06,28.5789
1982-12-07,28.6013
1982-12-08,28.6767
1982-12-09,28.7230
1982-12-10,28.6952
1982-12-11,28.6778
1982-12-12,28.6312
1982-12-13,28.7555
1982-12-14,28.7043
1982-12-15,28.7623
1982-12-16,28.9475
1982-12-17,29.0302
1982-12-18,29.0838
1982-12-19,29.1295
1982-12-20,29.1177
1982-12-21,29.1632
1982-12-22,29.0988
1982-12-23,29.0464
1982-12-24,29.0726
1982-12-25,29.1038
1982-12-26,29.2601
1982-12-27,29.2425
1982-12-28,29.1949
1982-12-29,29.1722
1982-12-30,29.1153
1982-12-31,29.0581
1983-01-01,28.8112
1983-01-02,28.8169
1983-01-03,28.7717
1983-01-04,28.6640
1983-01-05,28.6141
1983-01-06,28.7466
1983-01-07,28.7850
1983-01-08,28.8514
1983-01-09,28.9194
1983-01-10,28.9332
1983-01-11,28.7874
1983-01-12,28.6444
1983-01-13,28.6847
1983-01-14,28.7546
1983-01-15,28.6710
1983-01-16,28.5712
1983-01-17,28.5939
1983-01-18,28.6037
1983-01-19,28.6185
1983-01-20,28.6409
1983-01-21,28.6492
1983-01-22,28.5955
1983-01-23,28.6278
1983-01-24,28.6953
1983-01-25,28.7070
1983-01-26,28.7984
1983-01-27,28.7859
1983-01-28,28.8821
1983-01-29,28.8041
1983-01-30,28.6718
1983-01-31,28.5772
1983-02-01,28.4686
1983-02-02,28.4284
1983-02-03,28.5684
1983-02-04,28.8715
1983-02-05,29.0805
1983-02-06,28.9707
1983-02-07,28.8891
1983-02-08,28.8204
1983-02-09,28.7689
1983-02-10,28.6478
1983-02-11,28.5161
1983-02-12,28.3820
1983-02-13,28.3244
1983-02-14,28.3724
1983-02-15,28.5202
1983-02-16,28.4769
1983-02-17,28.4876
1983-02-18,28.4171
1983-02-19,28.3659
1983-02-20,28.3261
1983-02-21,28.3714
1983-02-22,28.3694
1983-02-23,28.3754
1983-02-24,28.3850
1983-02-25,28.4057
1983-02-26,28.5078
1983-02-27,28.7643
1983-02-28,28.7659
1983-03-01,28.8269
1983-03-02,28.7783
1983-03-03,28.6932
1983-03-04,28.6621
1983-03-05,28.5821
1983-03-06,28.5479
1983-03-07,28.5970
1983-03-08,28.5454
1983-03-09,28.4947
1983-03-10,28.5027
1983-03-11,28.6356
1983-03-12,28.6181
1983-03-13,28.5741
1983-03-14,28.6243
1983-03-15,28.6258
1983-03-16,28.4995
1983-03-17,28.4329
1983-03-18,28.4048
1983-03-19,28.4758
1983-03-20,28.4979
1983-03-21,28.4330
1983-03-22,28.3556
1983-03-23,28.2779
1983-03-24,28.2969
1983-03-25,28.3344
1983-03-26,28.3480
1983-03-27,28.3157
1983-03-28,28.2973
1983-03-29,28.2138
1983-03-30,28.1560
1983-03-31,28.1627
1983-04-01,28.2292
1983-04-02,28.2790
1983-04-03,28.3534
1983-04-04,28.3563
1983-04-05,28.3414
1983-04-06,28.3229
1983-04-07,28.3596
1983-04-08,28.3860
1983-04-09,28.4437
1983-04-10,28.4147
1983-04-11,28.3966
1983-04-12,28.4973
1983-04-13,28.5776
1983-04-14,28.6725
1983-04-15,28.7287
1983-04-16,28.7073
1983-04-17,28.7021
1983-04-18,28.7417
1983-04-19,28.6960
1983-04-20,28.6047
1983-04-21,28.4937
1983-04-22,28.4199
1983-04-23,28.4071
1983-04-24,28.5148
1983-04-25,28.5720
1983-04-26,28.6436
1983-04-27,28.6328
1983-04-28,28.6095
1983-04-29,28.5981
1983-04-30,28.4923
1983-05-01,28.4728
1983-05-02,28.4749
1983-05-03,28.5208
1983-05-04,28.5700
1983-05-05,28.6260
1983-05-06,28.7230
1983-05-07,28.8060
1983-05-08,28.7933
1983-05-09,28.7881
1983-05-10,28.8129
1983-05-11,28.6991
1983-05-12,28.4957
1983-05-13,28.4324
1983-05-14,28.4672
1983-05-15,28.5206
1983-05-16,28.5661
1983-05-17,28.6349
1983-05-18,28.5724
1983-05-19,28.5126
1983-05-20,28.5059
1983-05-21,28.5530
1983-05-22,28.4858
1983-05-23,28.4103
1983-05-24,28.2830
1983-05-25,28.1990
1983-05-26,28.2209
1983-05-27,28.4207
1983-05-28,28.6101
1983-05-29,28.6803
1983-05-30,28.6595
1983-05-31,28.6165
1983-06-01,28.8653
1983-06-02,28.8568
1983-06-03,28.7404
1983-06-04,28.5841
1983-06-05,28.4571
1983-06-06,28.4840
1983-06-07,28.4535
1983-06-08,28.4229
1983-06-09,28.4346
1983-06-10,28.4273
1983-06-11,28.4355
1983-06-12,28.5212
1983-06-13,28.5353
1983-06-14,28.4362
1983-06-15,28.3160
1983-06-16,28.2712
1983-06-17,28.0751
1983-06-18,27.8721
1983-06-19,27.8187
1983-06-20,27.8364
1983-06-21,27.7648
1983-06-22,27.7220
1983-06-23,27.6013
1983-06-24,27.5320
1983-06-25,27.4950
1983-06-26,27.3886
1983-06-27,27.3030
1983-06-28,27.4977
1983-06-29,27.7418
1983-06-30,27.8133
1983-07-01,27.6982
1983-07-02,27.3995
1983-07-03,27.1082
1983-07-04,26.9465
1983-07-05,26.9262
1983-07-06,27.1091
1983-07-07,27.2085
1983-07-08,27.2561
1983-07-09,27.2391
1983-07-10,27.2074
1983-07-11,27.1729
1983-07-12,27.1662
1983-07-13,27.1304
1983-07-14,26.9163
1983-07-15,26.7746
1983-07-16,26.6252
1983-07-17,26.5183
1983-07-18,26.5258
1983-07-19,26.6340
1983-07-20,26.6618
1983-07-21,26.7273
1983-07-22,26.7302
1983-07-23,26.6346
1983-07-24,26.5705
1983-07-25,26.5609
1983-07-26,26.5669
1983-07-27,26.5123
1983-07-28,26.5129
1983-07-29,26.5094
1983-07-30,26.5119
1983-07-31,26.4719
1983-08-01,26.4887
1983-08-02,26.5003
1983-08-03,26.3850
1983-08-04,26.2528
1983-08-05,26.2375
1983-08-06,26.2296
1983-08-07,26.0718
1983-08-08,26.0900
1983-08-09,26.1997
1983-08-10,26.3714
1983-08-11,26.4114
1983-08-12,26.4542
1983-08-13,26.6070
1983-08-14,26.7057
1983-08-15,26.7136
1983-08-16,26.6534
1983-08-17,26.6230
1983-08-18,26.5221
1983-08-19,26.5170
1983-08-20,26.5030
1983-08-21,26.3749
1983-08-22,26.3671
1983-08-23,26.1886
1983-08-24,26.1125
1983-08-25,26.1623
1983-08-26,26.2039
1983-08-27,26.2505
1983-08-28,26.1574
1983-08-29,26.1470
1983-08-30,26.0557
1983-08-31,26.1216
1983-09-01,26.2492
1983-09-02,26.3351
1983-09-03,26.4498
1983-09-04,26.5466
1983-09-05,26.7246
1983-09-06,26.7165
1983-09-07,26.6188
1983-09-08,26.5090
1983-09-09,26.3763
1983-09-10,26.3788
1983-09-11,26.3922
1983-09-12,26.4835
1983-09-13,26.5750
1983-09-14,26.5960
1983-09-15,26.5268
1983-09-16,26.3902
1983-09-17,26.2649
1983-09-18,26.1743
1983-09-19,26.1144
1983-09-20,26.0871
1983-09-21,26.0926
1983-09-22,26.0968
1983-09-23,26.1081
1983-09-24,26.1232
1983-09-25,26.1317
1983-09-26,25.8668
1983-09-27,25.8826
1983-09-28,25.7636
1983-09-29,25.7183
1983-09-30,25.7035
1983-10-01,25.6824
1983-10-02,25.6101
1983-10-03,25.4914
1983-10-04,25.4984
1983-10-05,25.5290
1983-10-06,25.5239
1983-10-07,25.6224
1983-10-08,25.6948
1983-10-09,25.7156
1983-10-10,25.8057
1983-10-11,25.8374
1983-10-12,25.7890
1983-10-13,25.8090
1983-10-14,25.8772
1983-10-15,25.8660
1983-10-16,25.9096
1983-10-17,25.9378
1983-10-18,25.9058
1983-10-19,25.8280
1983-10-20,25.7613
1983-10-21,25.7053
1983-10-22,25.6597
1983-10-23,25.6396
1983-10-24,25.6211
1983-10-25,25.5382
1983-10-26,25.1689
1983-10-27,25.1231
1983-10-28,25.1905
1983-10-29,25.2569
1983-10-30,25.2199
1983-10-31,25.2593
1983-11-01,25.3493
1983-11-02,25.4276
1983-11-03,25.4601
1983-11-04,25.5958
1983-11-05,25.7746
1983-11-06,25.8114
1983-11-07,25.8393
1983-11-08,25.7567
1983-11-09,25.6194
1983-11-10,25.6455
1983-11-11,25.7169
1983-11-12,25.6132
1983-11-13,25.5107
1983-11-14,25.4213
1983-11-15,25.3276
1983-11-16,24.9823
1983-11-17,24.7689
1983-11-18,24.8146
1983-11-19,24.9626
1983-11-20,25.0917
1983-11-21,25.1497
1983-11-22,25.0434
1983-11-23,24.9821
1983-11-24,25.0434
1983-11-25,25.1174
1983-11-26,25.1910
1983-11-27,25.4325
1983-11-28,25.5752
1983-11-29,25.6246
1983-11-30,25.6735
1983-12-01,25.6746
1983-12-02,25.8085
1983-12-03,25.9369
1983-12-04,25.9509
1983-12-05,25.9574
1983-12-06,25.8872
1983-12-07,25.8042
1983-12-08,25.7421
1983-12-09,25.6124
1983-12-10,25.6209
1983-12-11,25.6287
1983-12-12,25.5804
1983-12-13,25.4175
1983-12-14,25.3947
1983-12-15,25.3571
1983-12-16,25.2816
1983-12-17,25.2194
1983-12-18,25.2305
1983-12-19,25.1973
1983-12-20,25.1624
1983-12-21,25.0608
1983-12-22,24.9753
1983-12-23,24.9560
1983-12-24,24.8538
1983-12-25,24.6785
1983-12-26,24.5852
1983-12-27,24.6633
1983-12-28,24.9297
1983-12-29,25.1113
1983-12-30,25.2203
1983-12-31,25.2956
1984-01-01,25.3844
1984-01-02,25.4829
1984-01-03,25.5227
1984-01-04,25.6759
1984-01-05,25.6188
1984-01-06,25.6349
1984-01-07,25.6384
1984-01-08,25.6211
1984-01-09,25.6226
1984-01-10,25.6652
1984-01-11,25.6503
1984-01-12,25.6461
1984-01-13,25.6191
1984-01-14,25.6434
1984-01-15,25.5911
1984-01-16,25.6012
1984-01-17,25.4704
1984-01-18,25.3184
1984-01-19,25.3060
1984-01-20,25.2508
1984-01-21,25.1729
1984-01-22,25.0521
1984-01-23,25.0112
1984-01-24,25.0207
1984-01-25,25.2283
1984-01-26,25.3258
1984-01-27,25.5292
1984-01-28,25.5933
1984-01-29,25.6207
1984-01-30,25.7392
1984-01-31,25.8635
1984-02-01,26.1198
1984-02-02,26.3461
1984-02-03,26.2842
1984-02-04,26.2264
1984-02-05,26.1772
1984-02-06,26.2025
1984-02-07,26.2451
1984-02-08,26.2836
1984-02-09,26.3320
1984-02-10,26.4374
1984-02-11,26.5152
1984-02-12,26.6178
1984-02-13,26.7376
1984-02-14,26.6671
1984-02-15,26.5817
1984-02-16,26.5621
1984-02-17,26.5619
1984-02-18,26.5900
1984-02-19,26.6149
1984-02-20,26.6408
1984-02-21,26.6622
1984-02-22,26.6804
1984-02-23,26.6681
1984-02-24,26.7275
1984-02-25,26.7550
1984-02-26,26.7192
1984-02-27,26.6787
1984-02-28,26.6104
1984-02-29,26.5548
1984-03-01,26.6406
1984-03-02,26.5925
1984-03-03,26.5912
1984-03-04,26.5551
1984-03-05,26.4485
1984-03-06,26.4359
1984-03-07,26.4620
1984-03-08,26.4920
1984-03-09,26.5083
1984-03-10,26.5508
1984-03-11,26.5720
1984-03-12,26.6188
1984-03-13,26.5458
1984-03-14,26.4068
1984-03-15,26.2221
1984-03-16,26.0878
1984-03-17,26.0531
1984-03-18,26.1857
1984-03-19,26.5535
1984-03-20,26.8913
1984-03-21,26.9997
1984-03-22,26.9807
1984-03-23,26.9555
1984-03-24,27.0436
1984-03-25,27.0342
1984-03-26,27.0002
1984-03-27,26.9792
1984-03-28,26.9958
1984-03-29,26.7403
1984-03-30,26.7266
1984-03-31,26.8958
1984-04-01,27.0042
1984-04-02,27.0416
1984-04-03,27.0974
1984-04-04,27.1505
1984-04-05,27.2509
1984-04-06,27.1679
1984-04-07,27.2059
1984-04-08,27.1828
1984-04-09,27.1564
1984-04-10,27.6828
1984-04-11,27.6599
1984-04-12,27.5476
1984-04-13,27.4854
1984-04-14,27.5018
1984-04-15,27.4790
1984-04-16,27.4593
1984-04-17,27.3020
1984-04-18,27.2244
1984-04-19,27.1558
1984-04-20,27.0856
1984-04-21,27.2197
1984-04-22,27.2197
1984-04-23,27.1794
1984-04-24,27.1861
1984-04-25,27.1805
1984-04-26,27.0707
1984-04-27,27.0143
1984-04-28,27.0140
1984-04-29,26.9925
1984-04-30,26.8999
1984-05-01,26.8251
1984-05-02,26.8043
1984-05-03,26.7869
1984-05-04,27.1941
1984-05-05,27.2841
1984-05-06,27.4062
1984-05-07,27.3911
1984-05-08,27.3053
1984-05-09,27.2235
1984-05-10,27.2134
1984-05-11,27.2279
1984-05-12,27.2429
1984-05-13,27.3639
1984-05-14,27.3431
1984-05-15,27.3544
1984-05-16,27.3798
1984-05-17,27.2919
1984-05-18,27.1047
1984-05-19,26.9948
1984-05-20,26.9539
1984-05-21,26.9512
1984-05-22,26.9594
1984-05-23,26.9299
1984-05-24,26.9371
1984-05-25,26.9514
1984-05-26,26.9984
1984-05-27,27.0867
1984-05-28,27.1169
1984-05-29,27.1185
1984-05-30,27.0767
1984-05-31,27.0373
1984-06-01,26.9263
1984-06-02,26.7648
1984-06-03,26.6785
1984-06-04,26.5453
1984-06-05,26.4606
1984-06-06,26.5597
1984-06-07,26.4483
1984-06-08,26.4090
1984-06-09,26.5403
1984-06-10,26.6918
1984-06-11,26.6651
1984-06-12,26.6596
1984-06-13,26.5749
1984-06-14,26.4503
1984-06-15,26.3700
1984-06-16,26.3883
1984-06-17,26.4698
1984-06-18,26.5626
1984-06-19,26.4890
1984-06-20,26.3852
1984-06-21,26.3619
1984-06-22,26.4234
1984-06-23,26.5517
1984-06-24,26.6402
1984-06-25,26.6751
1984-06-26,26.6697
1984-06-27,26.6843
1984-06-28,26.7334
1984-06-29,26.7589
1984-06-30,26.8222
1984-07-01,27.0602
1984-07-02,27.0674
1984-07-03,27.0942
1984-07-04,27.1766
1984-07-05,27.0730
1984-07-06,26.9562
1984-07-07,26.8068
1984-07-08,26.7354
1984-07-09,26.6676
1984-07-10,26.6248
1984-07-11,26.6025
1984-07-12,26.5155
1984-07-13,26.4936
1984-07-14,26.4575
1984-07-15,26.3931
1984-07-16,26.3308
1984-07-17,26.3677
1984-07-18,26.5140
1984-07-19,26.5615
1984-07-20,26.5001
1984-07-21,26.4611
1984-07-22,26.3772
1984-07-23,26.1006
1984-07-24,26.0901
1984-07-25,26.0752
1984-07-26,26.0724
1984-07-27,26.1133
1984-07-28,26.1361
1984-07-29,26.3256
1984-07-30,26.4350
1984-07-31,26.3966
1984-08-01,26.3083
1984-08-02,26.2177
1984-08-03,25.9877
1984-08-04,25.7298
1984-08-05,25.7115
1984-08-06,25.8640
1984-08-07,25.9778
1984-08-08,26.0990
1984-08-09,26.1244
1984-08-10,26.2130
1984-08-11,26.2451
1984-08-12,26.2133
1984-08-13,26.3855
1984-08-14,26.5475
1984-08-15,26.7181
1984-08-16,26.7085
1984-08-17,26.6174
1984-08-18,26.5250
1984-08-19,26.4713
1984-08-20,26.4641
1984-08-21,26.4477
1984-08-22,26.4694
1984-08-23,26.4995
1984-08-24,26.5181
1984-08-25,26.3723
1984-08-26,26.2677
1984-08-27,26.2670
1984-08-28,26.2741
1984-08-29,26.2652
1984-08-30,26.2271
1984-08-31,26.2383
1984-09-01,26.3073
1984-09-02,26.2937
1984-09-03,26.2136
1984-09-04,26.2128
1984-09-05,26.2702
1984-09-06,26.2214
1984-09-07,26.1801
1984-09-08,26.1197
1984-09-09,26.1200
1984-09-10,26.1800
1984-09-11,26.1940
1984-09-12,26.2123
1984-09-13,26.3115
1984-09-14,26.3541
1984-09-15,26.3914
1984-09-16,26.5354
1984-09-17,26.6491
1984-09-18,26.6465
1984-09-19,26.6093
1984-09-20,26.5297
1984-09-21,26.4119
1984-09-22,26.3887
1984-09-23,26.3530
1984-09-24,26.3249
1984-09-25,26.2361
1984-09-26,26.0933
1984-09-27,25.9974
1984-09-28,25.9245
1984-09-29,25.9744
1984-09-30,25.9238
1984-10-01,26.0013
1984-10-02,26.1600
1984-10-03,26.2478
1984-10-04,26.3006
1984-10-05,26.2345
1984-10-06,26.0815
1984-10-07,26.1554
1984-10-08,26.2748
1984-10-09,26.2119
1984-10-10,26.0181
1984-10-11,26.1657
1984-10-12,26.3734
1984-10-13,26.4720
1984-10-14,26.5374
1984-10-15,26.4361
1984-10-16,26.3452
1984-10-17,26.1456
1984-10-18,25.9054
1984-10-19,25.6428
1984-10-20,25.4227
1984-10-21,25.3564
1984-10-22,25.3073
1984-10-23,25.3685
1984-10-24,25.4617
1984-10-25,25.5107
1984-10-26,25.5668
1984-10-27,25.6207
1984-10-28,25.5714
1984-10-29,25.5837
1984-10-30,25.6210
1984-10-31,25.5306
1984-11-01,25.4186
1984-11-02,25.3689
1984-11-03,25.4485
1984-11-04,25.5532
1984-11-05,25.6013
1984-11-06,25.5194
1984-11-07,25.4480
1984-11-08,25.3694
1984-11-09,25.3463
1984-11-10,25.3689
1984-11-11,25.4210
1984-11-12,25.4487
1984-11-13,25.3474
1984-11-14,25.3765
1984-11-15,25.2998
1984-11-16,25.2849
1984-11-17,25.2918
1984-11-18,25.2866
1984-11-19,25.2906
1984-11-20,25.3570
1984-11-21,25.4748
1984-11-22,25.5196
1984-11-23,25.3870
1984-11-24,25.3018
1984-11-25,25.2570
1984-11-26,25.3480
1984-11-27,25.3536
1984-11-28,25.3126
1984-11-29,25.2958
1984-11-30,25.3797
1984-12-01,25.4344
1984-12-02,25.4874
1984-12-03,25.4208
1984-12-04,25.2753
1984-12-05,25.2517
1984-12-06,25.2626
1984-12-07,25.2730
1984-12-08,25.2850
1984-12-09,25.3958
1984-12-10,25.3545
1984-12-11,25.1439
1984-12-12,24.8801
1984-12-13,24.7662
1984-12-14,24.7007
1984-12-15,24.7169
1984-12-16,24.8670
1984-12-17,24.9294
1984-12-18,24.9714
1984-12-19,24.8993
1984-12-20,24.8591
1984-12-21,24.7990
1984-12-22,24.7973
1984-12-23,24.6840
1984-12-24,24.6926
1984-12-25,24.6815
1984-12-26,24.8566
1984-12-27,25.0291
1984-12-28,25.0710
1984-12-29,25.1168
1984-12-30,25.1482
1984-12-31,25.1868
1985-01-01,25.3798
1985-01-02,25.4064
1985-01-03,25.4106
1985-01-04,25.4044
1985-01-05,25.3870
1985-01-06,25.5060
1985-01-07,25.5269
1985-01-08,25.4748
1985-01-09,25.4367
1985-01-10,25.2842
1985-01-11,25.1067
1985-01-12,25.1493
1985-01-13,25.1742
1985-01-14,25.2110
1985-01-15,25.2149
1985-01-16,25.2397
1985-01-17,25.2047
1985-01-18,25.1256
1985-01-19,25.0672
1985-01-20,24.9448
1985-01-21,24.8660
1985-01-22,24.8583
1985-01-23,24.8173
1985-01-24,24.8604
1985-01-25,24.9170
1985-01-26,25.0147
1985-01-27,24.9682
1985-01-28,24.9396
1985-01-29,24.9613
1985-01-30,24.9962
1985-01-31,25.1501
1985-02-01,25.2648
1985-02-02,25.3655
1985-02-03,25.4922
1985-02-04,25.5869
1985-02-05,25.6263
1985-02-06,25.6970
1985-02-07,25.7166
1985-02-08,25.6950
1985-02-09,25.7242
1985-02-10,25.7526
1985-02-11,25.7498
1985-02-12,25.7519
1985-02-13,25.7282
1985-02-14,25.6863
1985-02-15,25.6984
1985-02-16,25.6979
1985-02-17,25.6737
1985-02-18,25.6587
1985-02-19,25.7294
1985-02-20,25.6959
1985-02-21,25.7957
1985-02-22,25.8777
1985-02-23,25.9720
1985-02-24,25.9614
1985-02-25,25.9525
1985-02-26,25.8687
1985-02-27,25.8838
1985-02-28,26.0342
1985-03-01,26.1866
1985-03-02,26.2081
1985-03-03,26.1715
1985-03-04,26.1345
1985-03-05,26.1524
1985-03-06,26.2150
1985-03-07,26.1377
1985-03-08,26.0816
1985-03-09,25.9813
1985-03-10,25.9030
1985-03-11,25.9922
1985-03-12,25.9846
1985-03-13,26.0502
1985-03-14,26.1319
1985-03-15,26.2164
1985-03-16,26.3375
1985-03-17,26.3749
1985-03-18,26.2263
1985-03-19,26.0398
1985-03-20,26.0218
1985-03-21,26.2273
1985-03-22,26.4810
1985-03-23,26.5562
1985-03-24,26.5843
1985-03-25,26.6288
1985-03-26,26.6349
1985-03-27,26.5764
1985-03-28,26.5468
1985-03-29,26.4953
1985-03-30,26.5286
1985-03-31,26.6130
1985-04-01,26.6858
1985-04-02,26.6063
1985-04-03,26.6955
1985-04-04,26.7884
1985-04-05,26.8007
1985-04-06,26.8195
1985-04-07,26.7510
1985-04-08,26.8259
1985-04-09,26.9336
1985-04-10,26.8742
1985-04-11,26.8435
1985-04-12,26.7088
1985-04-13,26.6631
1985-04-14,26.6078
1985-04-15,26.6115
1985-04-16,26.6192
1985-04-17,26.4723
1985-04-18,26.4886
1985-04-19,26.3923
1985-04-20,26.4173
1985-04-21,26.3304
1985-04-22,26.3396
1985-04-23,26.5161
1985-04-24,26.5929
1985-04-25,26.6140
1985-04-26,26.6427
1985-04-27,26.6751
1985-04-28,26.6262
1985-04-29,26.4985
1985-04-30,26.4154
1985-05-01,26.4225
1985-05-02,26.5659
1985-05-03,26.5274
1985-05-04,26.5516
1985-05-05,26.6114
1985-05-06,26.6771
1985-05-07,26.6489
1985-05-08,26.5683
1985-05-09,26.4801
1985-05-10,26.4865
1985-05-11,26.5385
1985-05-12,26.6720
1985-05-13,26.7179
1985-05-14,26.7658
1985-05-15,26.7951
1985-05-16,26.8814
1985-05-17,26.7840
1985-05-18,26.7541
1985-05-19,26.7610
1985-05-20,26.8821
1985-05-21,27.0144
1985-05-22,27.0425
1985-05-23,27.0708
1985-05-24,27.0703
1985-05-25,27.0953
1985-05-26,27.0487
1985-05-27,26.9209
1985-05-28,26.7212
1985-05-29,26.6059
1985-05-30,26.5222
1985-05-31,26.4733
1985-06-01,26.4479
1985-06-02,26.4228
1985-06-03,26.4722
1985-06-04,26.6381
1985-06-05,26.6867
1985-06-06,26.7541
1985-06-07,26.7704
1985-06-08,26.8259
1985-06-09,26.8407
1985-06-10,26.7773
1985-06-11,26.6939
1985-06-12,26.6612
1985-06-13,26.6148
1985-06-14,26.5400
1985-06-15,26.4541
1985-06-16,26.6031
1985-06-17,26.5654
1985-06-18,26.5516
1985-06-19,26.3996
1985-06-20,26.2584
1985-06-21,26.2412
1985-06-22,26.2828
1985-06-23,26.3692
1985-06-24,26.4295
1985-06-25,26.4905
1985-06-26,26.4706
1985-06-27,26.4826
1985-06-28,26.6397
1985-06-29,26.7585
1985-06-30,26.6094
1985-07-01,26.3802
1985-07-02,26.3244
1985-07-03,26.2493
1985-07-04,26.2297
1985-07-05,26.3997
1985-07-06,26.5185
1985-07-07,26.5519
1985-07-08,26.5059
1985-07-09,26.4104
1985-07-10,26.2423
1985-07-11,26.0665
1985-07-12,26.0243
1985-07-13,26.0781
1985-07-14,26.1216
1985-07-15,26.1999
1985-07-16,26.2520
1985-07-17,26.1960
1985-07-18,26.3509
1985-07-19,26.4175
1985-07-20,26.4621
1985-07-21,26.5948
1985-07-22,26.6170
1985-07-23,26.6585
1985-07-24,26.7515
1985-07-25,26.7817
1985-07-26,26.7811
1985-07-27,26.7445
1985-07-28,26.7362
1985-07-29,26.7015
1985-07-30,26.6722
1985-07-31,26.5948
1985-08-01,26.5373
1985-08-02,26.4720
1985-08-03,26.3289
1985-08-04,26.1748
1985-08-05,26.0807
1985-08-06,26.0382
1985-08-07,26.0430
1985-08-08,26.0421
1985-08-09,25.9646
1985-08-10,25.8301
1985-08-11,25.6739
1985-08-12,25.5936
1985-08-13,25.5641
1985-08-14,25.6343
1985-08-15,25.7362
1985-08-16,25.8163
1985-08-17,25.9038
1985-08-18,26.0423
1985-08-19,26.1946
1985-08-20,26.3288
1985-08-21,26.3861
1985-08-22,26.3429
1985-08-23,26.3049
1985-08-24,26.4734
1985-08-25,26.5984
1985-08-26,26.7401
1985-08-27,26.7910
1985-08-28,26.7687
1985-08-29,26.7385
1985-08-30,26.5945
1985-08-31,26.4649
1985-09-01,26.4719
1985-09-02,26.5473
1985-09-03,26.5791
1985-09-04,26.4862
1985-09-05,26.3442
1985-09-06,26.1190
1985-09-07,25.8908
1985-09-08,25.7713
1985-09-09,25.7159
1985-09-10,25.7207
1985-09-11,25.8004
1985-09-12,25.8117
1985-09-13,25.8474
1985-09-14,25.9113
1985-09-15,25.8996
1985-09-16,25.8431
1985-09-17,25.7268
1985-09-18,25.6123
1985-09-19,25.5652
1985-09-20,25.5014
1985-09-21,25.5190
1985-09-22,25.6918
1985-09-23,25.8363
1985-09-24,25.9322
1985-09-25,25.9786
1985-09-26,25.9092
1985-09-27,25.8019
1985-09-28,25.7320
1985-09-29,25.7444
1985-09-30,25.7219
1985-10-01,25.7569
1985-10-02,25.8397
1985-10-03,25.9108
1985-10-04,25.9493
1985-10-05,25.9384
1985-10-06,25.8989
1985-10-07,25.8755
1985-10-08,25.8741
1985-10-09,25.8436
1985-10-10,25.8318
1985-10-11,25.8815
1985-10-12,25.9621
1985-10-13,26.0429
1985-10-14,26.0897
1985-10-15,26.0376
1985-10-16,25.8700
1985-10-17,25.6437
1985-10-18,25.4709
1985-10-19,25.4909
1985-10-20,25.5779
1985-10-21,25.7669
1985-10-22,26.0469
1985-10-23,26.0489
1985-10-24,26.0157
1985-10-25,25.9940
1985-10-26,26.0504
1985-10-27,26.1354
1985-10-28,26.2687
1985-10-29,26.3714
1985-10-30,26.4186
1985-10-31,26.4892
1985-11-01,26.5532
1985-11-02,26.6632
1985-11-03,26.6267
1985-11-04,26.5263
1985-11-05,26.4192
1985-11-06,26.3896
1985-11-07,26.4310
1985-11-08,26.5054
1985-11-09,26.4981
1985-11-10,26.3408
1985-11-11,26.3435
1985-11-12,26.3547
1985-11-13,26.4253
1985-11-14,26.3321
1985-11-15,26.2398
1985-11-16,26.0642
1985-11-17,25.8987
1985-11-18,25.7829
1985-11-19,25.8343
1985-11-20,25.9219
1985-11-21,25.8827
1985-11-22,25.8049
1985-11-23,25.7680
1985-11-24,25.7849
1985-11-25,25.8781
1985-11-26,25.9543
1985-11-27,25.9657
1985-11-28,26.0079
1985-11-29,26.0551
1985-11-30,26.0021
1985-12-01,26.0412
1985-12-02,26.1041
1985-12-03,26.1884
1985-12-04,26.1830
1985-12-05,26.2482
1985-12-06,26.2580
1985-12-07,26.3226
1985-12-08,26.3624
1985-12-09,26.3397
1985-12-10,26.4721
1985-12-11,26.4383
1985-12-12,26.2575
1985-12-13,26.1229
1985-12-14,26.0211
1985-12-15,25.9808
1985-12-16,25.9891
1985-12-17,25.9572
1985-12-18,25.9444
1985-12-19,25.8703
1985-12-20,25.7877
1985-12-21,25.7032
1985-12-22,25.7183
1985-12-23,25.6724
1985-12-24,25.5970
1985-12-25,25.6363
1985-12-26,25.5548
1985-12-27,25.5569
1985-12-28,25.7768
1985-12-29,25.8562
1985-12-30,25.8416
1985-12-31,25.8163
1986-01-01,25.8449
1986-01-02,25.8415
1986-01-03,25.6803
1986-01-04,25.6105
1986-01-05,25.7183
1986-01-06,25.8239
1986-01-07,25.9145
1986-01-08,25.9501
1986-01-09,25.9395
1986-01-10,25.8612
1986-01-11,25.7770
1986-01-12,25.8409
1986-01-13,25.8316
1986-01-14,25.8102
1986-01-15,25.8203
1986-01-16,25.8765
1986-01-17,25.8529
1986-01-18,25.7953
1986-01-19,25.7143
1986-01-20,25.7016
1986-01-21,25.6756
1986-01-22,25.6890
1986-01-23,25.7727
1986-01-24,25.8220
1986-01-25,25.8311
1986-01-26,25.7877
1986-01-27,25.6765
1986-01-28,25.7023
1986-01-29,25.6725
1986-01-30,25.4744
1986-01-31,25.4597
1986-02-01,25.2992
1986-02-02,25.2030
1986-02-03,25.2718
1986-02-04,25.3816
1986-02-05,25.5055
1986-02-06,25.5751
1986-02-07,25.6873
1986-02-08,25.8821
1986-02-09,25.9954
1986-02-10,25.9675
1986-02-11,25.9944
1986-02-12,25.9315
1986-02-13,26.0323
1986-02-14,26.1088
1986-02-15,26.2085
1986-02-16,26.2155
1986-02-17,26.0870
1986-02-18,26.0461
1986-02-19,25.9531
1986-02-20,25.8707
1986-02-21,25.9069
1986-02-22,25.9980
1986-02-23,26.0149
1986-02-24,25.9839
1986-02-25,25.9652
1986-02-26,25.9485
1986-02-27,25.9544
1986-02-28,26.0097
1986-03-01,25.9973
1986-03-02,26.0155
1986-03-03,25.9163
1986-03-04,25.9681
1986-03-05,26.0828
1986-03-06,26.2218
1986-03-07,26.4871
1986-03-08,26.5705
1986-03-09,26.6289
1986-03-10,26.6208
1986-03-11,26.5971
1986-03-12,26.5562
1986-03-13,26.5125
1986-03-14,26.5189
1986-03-15,26.7122
1986-03-16,26.7583
1986-03-17,26.8098
1986-03-18,26.7584
1986-03-19,26.7791
1986-03-20,26.7544
1986-03-21,26.7301
1986-03-22,26.7721
1986-03-23,26.7708
1986-03-24,26.8354
1986-03-25,26.7219
1986-03-26,26.5424
1986-03-27,26.5658
1986-03-28,26.7305
1986-03-29,26.8008
1986-03-30,26.8626
1986-03-31,27.0139
1986-04-01,27.0285
1986-04-02,26.9993
1986-04-03,26.9195
1986-04-04,26.7567
1986-04-05,26.7550
1986-04-06,26.9629
1986-04-07,27.0941
1986-04-08,27.1525
1986-04-09,27.1754
1986-04-10,27.3015
1986-04-11,27.3642
1986-04-12,27.3456
1986-04-13,27.3297
1986-04-14,27.5131
1986-04-15,27.5042
1986-04-16,27.3658
1986-04-17,27.3668
1986-04-18,27.5067
1986-04-19,27.5415
1986-04-20,27.5002
1986-04-21,27.4392
1986-04-22,27.3747
1986-04-23,27.3486
1986-04-24,27.2908
1986-04-25,27.2422
1986-04-26,27.3143
1986-04-27,27.3159
1986-04-28,27.2581
1986-04-29,27.0694
1986-04-30,26.9530
1986-05-01,27.0337
1986-05-02,27.1525
1986-05-03,27.1570
1986-05-04,27.1502
1986-05-05,27.1829
1986-05-06,27.2189
1986-05-07,27.2226
1986-05-08,27.1497
1986-05-09,27.2387
1986-05-10,27.3738
1986-05-11,27.4549
1986-05-12,27.3331
1986-05-13,27.2091
1986-05-14,27.1915
1986-05-15,27.0430
1986-05-16,26.9517
1986-05-17,26.9294
1986-05-18,27.0149
1986-05-19,27.0481
1986-05-20,27.0894
1986-05-21,27.1489
1986-05-22,27.3191
1986-05-23,27.5136
1986-05-24,27.4834
1986-05-25,27.5427
1986-05-26,27.5933
1986-05-27,27.5674
1986-05-28,27.4919
1986-05-29,27.4753
1986-05-30,27.4145
1986-05-31,27.3526
1986-06-01,27.2671
1986-06-02,27.1997
1986-06-03,27.1318
1986-06-04,27.1490
1986-06-05,27.0854
1986-06-06,27.0678
1986-06-07,27.0970
1986-06-08,27.1874
1986-06-09,27.3681
1986-06-10,27.4311
1986-06-11,27.3307
1986-06-12,27.2695
1986-06-13,27.3349
1986-06-14,27.2847
1986-06-15,27.2425
1986-06-16,27.1817
1986-06-17,27.1560
1986-06-18,27.2228
1986-06-19,27.1991
1986-06-20,27.3299
1986-06-21,27.4098
1986-06-22,27.4061
1986-06-23,27.4196
1986-06-24,27.6055
1986-06-25,27.6439
1986-06-26,27.6385
1986-06-27,27.5957
1986-06-28,27.5914
1986-06-29,27.5458
1986-06-30,27.5193
1986-07-01,27.5047
1986-07-02,27.4646
1986-07-03,27.4030
1986-07-04,27.4499
1986-07-05,27.4999
1986-07-06,27.5060
1986-07-07,27.5811
1986-07-08,27.6160
1986-07-09,27.4877
1986-07-10,27.2895
1986-07-11,27.1377
1986-07-12,27.0506
1986-07-13,27.0079
1986-07-14,27.0021
1986-07-15,27.0691
1986-07-16,27.0600
1986-07-17,27.0608
1986-07-18,27.0224
1986-07-19,27.0416
1986-07-20,27.0001
1986-07-21,26.9769
1986-07-22,27.0392
1986-07-23,27.1231
1986-07-24,27.1432
1986-07-25,27.1684
1986-07-26,27.1978
1986-07-27,27.2267
1986-07-28,27.1975
1986-07-29,27.1499
1986-07-30,27.1243
1986-07-31,27.0853
1986-08-01,27.0055
1986-08-02,26.9768
1986-08-03,26.9777
1986-08-04,26.9856
1986-08-05,26.9505
1986-08-06,26.8424
1986-08-07,26.6940
1986-08-08,26.6882
1986-08-09,26.8666
1986-08-10,26.9980
1986-08-11,27.0014
1986-08-12,26.9140
1986-08-13,26.8512
1986-08-14,26.8437
1986-08-15,26.8335
1986-08-16,26.7837
1986-08-17,26.8109
1986-08-18,26.9141
1986-08-19,26.9779
1986-08-20,27.0809
1986-08-21,27.1809
1986-08-22,27.2357
1986-08-23,27.3366
1986-08-24,27.3993
1986-08-25,27.4110
1986-08-26,27.3777
1986-08-27,27.2679
1986-08-28,27.3052
1986-08-29,27.3627
1986-08-30,27.4238
1986-08-31,27.4503
1986-09-01,27.4783
1986-09-02,27.5032
1986-09-03,27.4492
1986-09-04,27.3129
1986-09-05,27.1288
1986-09-06,27.1162
1986-09-07,27.0771
1986-09-08,27.1249
1986-09-09,27.0642
1986-09-10,27.0585
1986-09-11,27.0431
1986-09-12,27.0502
1986-09-13,27.0789
1986-09-14,27.1302
1986-09-15,27.0740
1986-09-16,26.9676
1986-09-17,26.7819
1986-09-18,26.7995
1986-09-19,26.8882
1986-09-20,26.9184
1986-09-21,27.0863
1986-09-22,27.0954
1986-09-23,27.1076
1986-09-24,27.1422
1986-09-25,27.1772
1986-09-26,27.2286
1986-09-27,27.2605
1986-09-28,27.2650
1986-09-29,27.2274
1986-09-30,27.1428
1986-10-01,26.9973
1986-10-02,27.0532
1986-10-03,27.1336
1986-10-04,27.1017
1986-10-05,27.1136
1986-10-06,27.1855
1986-10-07,27.2036
1986-10-08,27.1665
1986-10-09,27.1644
1986-10-10,27.1386
1986-10-11,27.0697
1986-10-12,27.0179
1986-10-13,26.9941
1986-10-14,26.9819
1986-10-15,26.9642
1986-10-16,27.0042
1986-10-17,27.0469
1986-10-18,26.9855
1986-10-19,27.0393
1986-10-20,27.2567
1986-10-21,27.1998
1986-10-22,27.2544
1986-10-23,27.3774
1986-10-24,27.4992
1986-10-25,27.5730
1986-10-26,27.6877
1986-10-27,27.7665
1986-10-28,27.7912
1986-10-29,27.7212
1986-10-30,27.5522
1986-10-31,27.4878
1986-11-01,27.5224
1986-11-02,27.4123
1986-11-03,27.2705
1986-11-04,27.2719
1986-11-05,27.4388
1986-11-06,27.5186
1986-11-07,27.5001
1986-11-08,27.4626
1986-11-09,27.4011
1986-11-10,27.3115
1986-11-11,27.2758
1986-11-12,27.2395
1986-11-13,27.1547
1986-11-14,27.1586
1986-11-15,27.2206
1986-11-16,27.2783
1986-11-17,27.1941
1986-11-18,27.1458
1986-11-19,27.0931
1986-11-20,26.9939
1986-11-21,27.0963
1986-11-22,27.2177
1986-11-23,27.2700
1986-11-24,27.2966
1986-11-25,27.3766
1986-11-26,27.3328
1986-11-27,27.3517
1986-11-28,27.4112
1986-11-29,27.5534
1986-11-30,27.6377
1986-12-01,27.5158
1986-12-02,27.4876
1986-12-03,27.4796
1986-12-04,27.4081
1986-12-05,27.3136
1986-12-06,27.3501
1986-12-07,27.3116
1986-12-08,27.3137
1986-12-09,27.3297
1986-12-10,27.2749
1986-12-11,27.2620
1986-12-12,27.2757
1986-12-13,27.4133
1986-12-14,27.4405
1986-12-15,27.5082
1986-12-16,27.4782
1986-12-17,27.4376
1986-12-18,27.4601
1986-12-19,27.3855
1986-12-20,27.3228
1986-12-21,27.3657
1986-12-22,27.4184
1986-12-23,27.3863
1986-12-24,27.5019
1986-12-25,27.5541
1986-12-26,27.5901
1986-12-27,27.6415
1986-12-28,27.5426
1986-12-29,27.5205
1986-12-30,27.5941
1986-12-31,27.5750
1987-01-01,27.5501
1987-01-02,27.4737
1987-01-03,27.3727
1987-01-04,27.4433
1987-01-05,27.5225
1987-01-06,27.5658
1987-01-07,27.5095
1987-01-08,27.5481
1987-01-09,27.5138
1987-01-10,27.4496
1987-01-11,27.4726
1987-01-12,27.4804
1987-01-13,27.5147
1987-01-14,27.5287
1987-01-15,27.5553
1987-01-16,27.4504
1987-01-17,27.4090
1987-01-18,27.4079
1987-01-19,27.4369
1987-01-20,27.4668
1987-01-21,27.4753
1987-01-22,27.4859
1987-01-23,27.4762
1987-01-24,27.4107
1987-01-25,27.4195
1987-01-26,27.4587
1987-01-27,27.4984
1987-01-28,27.4392
1987-01-29,27.4423
1987-01-30,27.5510
1987-01-31,27.6363
1987-02-01,27.6255
1987-02-02,27.4903
1987-02-03,27.5117
1987-02-04,27.5383
1987-02-05,27.6554
1987-02-06,27.6923
1987-02-07,27.7549
1987-02-08,27.7512
1987-02-09,27.8138
1987-02-10,27.8444
1987-02-11,27.8498
1987-02-12,27.7433
1987-02-13,27.5863
1987-02-14,27.3814
1987-02-15,27.2796
1987-02-16,27.4261
1987-02-17,27.5456
1987-02-18,27.5368
1987-02-19,27.5478
1987-02-20,27.5251
1987-02-21,27.4536
1987-02-22,27.4257
1987-02-23,27.3624
1987-02-24,27.2682
1987-02-25,27.2627
1987-02-26,27.2388
1987-02-27,27.2052
1987-02-28,27.2378
1987-03-01,27.3850
1987-03-02,27.6075
1987-03-03,27.7495
1987-03-04,27.8576
1987-03-05,27.8745
1987-03-06,27.9322
1987-03-07,27.9578
1987-03-08,28.0300
1987-03-09,28.0788
1987-03-10,28.1478
1987-03-11,28.1798
1987-03-12,28.1962
1987-03-13,28.2489
1987-03-14,28.3409
1987-03-15,28.4019
1987-03-16,28.3857
1987-03-17,28.3463
1987-03-18,28.2658
1987-03-19,28.2538
1987-03-20,28.1710
1987-03-21,28.1030
1987-03-22,28.0174
1987-03-23,27.9417
1987-03-24,28.0554
1987-03-25,28.1314
1987-03-26,28.1838
1987-03-27,28.2741
1987-03-28,28.2886
1987-03-29,28.3246
1987-03-30,28.2840
1987-03-31,28.1863
1987-04-01,28.2150
1987-04-02,28.2174
1987-04-03,28.2303
1987-04-04,28.2895
1987-04-05,28.2822
1987-04-06,28.2337
1987-04-07,28.1591
1987-04-08,28.1522
1987-04-09,28.1138
1987-04-10,28.1612
1987-04-11,28.2193
1987-04-12,28.3769
1987-04-13,28.3576
1987-04-14,28.3374
1987-04-15,28.3111
1987-04-16,28.3088
1987-04-17,28.3547
1987-04-18,28.3317
1987-04-19,28.3367
1987-04-20,28.3574
1987-04-21,28.3170
1987-04-22,28.2813
1987-04-23,28.3072
1987-04-24,28.2785
1987-04-25,28.2518
1987-04-26,28.1863
1987-04-27,28.0693
1987-04-28,28.0315
1987-04-29,28.0692
1987-04-30,28.0278
1987-05-01,28.0012
1987-05-02,27.9748
1987-05-03,27.9906
1987-05-04,28.0454
1987-05-05,28.0749
1987-05-06,28.1632
1987-05-07,28.1754
1987-05-08,28.1197
1987-05-09,28.0341
1987-05-10,27.9782
1987-05-11,27.9548
1987-05-12,28.0189
1987-05-13,27.9897
1987-05-14,28.0922
1987-05-15,28.0901
1987-05-16,28.1919
1987-05-17,28.3737
1987-05-18,28.4378
1987-05-19,28.4671
1987-05-20,28.3709
1987-05-21,28.3648
1987-05-22,28.4219
1987-05-23,28.4759
1987-05-24,28.4750
1987-05-25,28.4370
1987-05-26,28.3202
1987-05-27,28.1786
1987-05-28,28.0770
1987-05-29,28.1325
1987-05-30,28.0880
1987-05-31,28.0679
1987-06-01,28.1134
1987-06-02,28.2432
1987-06-03,28.2709
1987-06-04,28.2013
1987-06-05,28.1947
1987-06-06,28.0880
1987-06-07,27.9605
1987-06-08,27.9930
1987-06-09,27.9580
1987-06-10,27.9240
1987-06-11,28.0406
1987-06-12,28.4151
1987-06-13,28.3894
1987-06-14,28.3705
1987-06-15,28.3998
1987-06-16,28.4080
1987-06-17,28.4556
1987-06-18,28.5577
1987-06-19,28.6274
1987-06-20,28.7501
1987-06-21,28.8133
1987-06-22,28.7824
1987-06-23,28.7222
1987-06-24,28.7095
1987-06-25,28.7226
1987-06-26,28.7635
1987-06-27,28.7773
1987-06-28,28.8564
1987-06-29,28.7858
1987-06-30,28.5998
1987-07-01,28.6108
1987-07-02,28.6240
1987-07-03,28.6187
1987-07-04,28.5294
1987-07-05,28.4697
1987-07-06,28.4365
1987-07-07,28.4295
1987-07-08,28.4505
1987-07-09,28.4718
1987-07-10,28.4952
1987-07-11,28.5002
1987-07-12,28.4710
1987-07-13,28.4187
1987-07-14,28.3371
1987-07-15,28.2967
1987-07-16,28.3136
1987-07-17,28.2775
1987-07-18,28.1918
1987-07-19,28.1371
1987-07-20,28.1418
1987-07-21,28.1079
1987-07-22,28.1091
1987-07-23,28.0321
1987-07-24,28.0790
1987-07-25,28.1563
1987-07-26,28.1692
1987-07-27,28.2463
1987-07-28,28.2879
1987-07-29,28.2999
1987-07-30,28.2496
1987-07-31,28.2114
1987-08-01,28.2464
1987-08-02,28.2789
1987-08-03,28.2227
1987-08-04,28.1515
1987-08-05,28.0834
1987-08-06,28.1277
1987-08-07,28.0921
1987-08-08,27.9266
1987-08-09,27.7411
1987-08-10,27.6811
1987-08-11,27.6661
1987-08-12,27.8091
1987-08-13,27.9616
1987-08-14,28.0423
1987-08-15,28.0088
1987-08-16,28.0617
1987-08-17,28.1372
1987-08-18,28.1326
1987-08-19,28.1549
1987-08-20,28.1842
1987-08-21,28.1264
1987-08-22,28.0999
1987-08-23,28.1270
1987-08-24,28.2258
1987-08-25,28.2692
1987-08-26,28.2183
1987-08-27,28.1045
1987-08-28,28.0336
1987-08-29,28.0039
1987-08-30,28.1215
1987-08-31,28.2145
1987-09-01,28.2666
1987-09-02,28.2432
1987-09-03,28.1300
1987-09-04,27.9373
1987-09-05,27.8270
1987-09-06,27.8790
1987-09-07,27.8743
1987-09-08,27.9079
1987-09-09,28.0083
1987-09-10,28.0597
1987-09-11,28.0000
1987-09-12,27.9456
1987-09-13,27.9848
1987-09-14,28.0460
1987-09-15,28.1704
1987-09-16,28.2944
1987-09-17,28.3645
1987-09-18,28.3165
1987-09-19,28.1712
1987-09-20,28.0171
1987-09-21,28.0347
1987-09-22,28.0352
1987-09-23,27.9834
1987-09-24,28.0097
1987-09-25,28.0873
1987-09-26,28.0781
1987-09-27,27.9898
1987-09-28,27.8976
1987-09-29,27.8512
1987-09-30,27.9240
1987-10-01,27.9016
1987-10-02,27.8088
1987-10-03,27.7391
1987-10-04,27.7518
1987-10-05,27.8196
1987-10-06,27.9084
1987-10-07,27.9311
1987-10-08,27.9148
1987-10-09,27.8883
1987-10-10,27.7669
1987-10-11,27.6468
1987-10-12,27.5977
1987-10-13,27.6142
1987-10-14,27.6927
1987-10-15,27.7683
1987-10-16,27.8363
1987-10-17,27.8883
1987-10-18,27.8456
1987-10-19,27.7166
1987-10-20,27.5453
1987-10-21,27.3796
1987-10-22,27.3946
1987-10-23,27.4052
1987-10-24,27.3666
1987-10-25,27.4901
1987-10-26,27.6937
1987-10-27,27.6561
1987-10-28,27.5933
1987-10-29,27.5793
1987-10-30,27.5612
1987-10-31,27.4716
1987-11-01,27.3628
1987-11-02,27.3617
1987-11-03,27.3264
1987-11-04,27.3977
1987-11-05,27.5440
1987-11-06,27.5973
1987-11-07,27.5347
1987-11-08,27.4419
1987-11-09,27.3393
1987-11-10,27.3990
1987-11-11,27.4801
1987-11-12,27.5523
1987-11-13,27.5617
1987-11-14,27.6082
1987-11-15,27.5032
1987-11-16,27.4817
1987-11-17,27.5477
1987-11-18,27.6563
1987-11-19,27.6592
1987-11-20,27.7121
1987-11-21,27.7359
1987-11-22,27.7692
1987-11-23,27.7637
1987-11-24,27.7473
1987-11-25,27.7855
1987-11-26,27.8106
1987-11-27,27.8466
1987-11-28,27.8142
1987-11-29,27.8239
1987-11-30,27.9673
1987-12-01,27.8843
1987-12-02,27.7730
1987-12-03,27.6627
1987-12-04,27.5647
1987-12-05,27.4123
1987-12-06,27.3344
1987-12-07,27.4304
1987-12-08,27.4073
1987-12-09,27.3032
1987-12-10,27.1981
1987-12-11,27.3631
1987-12-12,27.5265
1987-12-13,27.5309
1987-12-14,27.4603
1987-12-15,27.3883
1987-12-16,27.2848
1987-12-17,27.1765
1987-12-18,27.1336
1987-12-19,27.0478
1987-12-20,27.0398
1987-12-21,27.1518
1987-12-22,27.1546
1987-12-23,27.2094
1987-12-24,27.1998
1987-12-25,27.3011
1987-12-26,27.3403
1987-12-27,27.3019
1987-12-28,27.2879
1987-12-29,27.2117
1987-12-30,27.2398
1987-12-31,27.2863
1988-01-01,27.2395
1988-01-02,27.1696
1988-01-03,27.3438
1988-01-04,27.3885
1988-01-05,27.3706
1988-01-06,27.3695
1988-01-07,27.3628
1988-01-08,27.4853
1988-01-09,27.5165
1988-01-10,27.4421
1988-01-11,27.2790
1988-01-12,27.1965
1988-01-13,26.9865
1988-01-14,26.8365
1988-01-15,26.9185
1988-01-16,27.0461
1988-01-17,27.1756
1988-01-18,27.3148
1988-01-19,27.3180
1988-01-20,27.2489
1988-01-21,27.1974
1988-01-22,27.1818
1988-01-23,27.2469
1988-01-24,27.2147
1988-01-25,27.1734
1988-01-26,27.1057
1988-01-27,26.9889
1988-01-28,26.8814
1988-01-29,26.8049
1988-01-30,26.7945
1988-01-31,26.6967
1988-02-01,26.7100
1988-02-02,26.8193
1988-02-03,26.9261
1988-02-04,26.9501
1988-02-05,26.9144
1988-02-06,26.7593
1988-02-07,26.7353
1988-02-08,26.8826
1988-02-09,27.0092
1988-02-10,26.9985
1988-02-11,27.0086
1988-02-12,27.0300
1988-02-13,27.0305
1988-02-14,26.9994
1988-02-15,26.9234
1988-02-16,26.8944
1988-02-17,26.8933
1988-02-18,26.8288
1988-02-19,26.7148
1988-02-20,26.6056
1988-02-21,26.6162
1988-02-22,26.6277
1988-02-23,26.7329
1988-02-24,26.7890
1988-02-25,26.9090
1988-02-26,27.0747
1988-02-27,27.0614
1988-02-28,27.0712
1988-02-29,27.0792
1988-03-01,27.0775
1988-03-02,27.0129
1988-03-03,27.1331
1988-03-04,27.2380
1988-03-05,27.2560
1988-03-06,27.3587
1988-03-07,27.4367
1988-03-08,27.4345
1988-03-09,27.4717
1988-03-10,27.5021
1988-03-11,27.5243
1988-03-12,27.5199
1988-03-13,27.5220
1988-03-14,27.4916
1988-03-15,27.4055
1988-03-16,27.3099
1988-03-17,27.2898
1988-03-18,27.3169
1988-03-19,27.3417
1988-03-20,27.2802
1988-03-21,27.1455
1988-03-22,27.0380
1988-03-23,26.9620
1988-03-24,26.9437
1988-03-25,26.9652
1988-03-26,26.9436
1988-03-27,26.9385
1988-03-28,26.9269
1988-03-29,26.9202
1988-03-30,26.9881
1988-03-31,27.1844
1988-04-01,27.3192
1988-04-02,27.3074
1988-04-03,27.3816
1988-04-04,27.3827
1988-04-05,27.3429
1988-04-06,27.4192
1988-04-07,27.4839
1988-04-08,27.5008
1988-04-09,27.5555
1988-04-10,27.5190
1988-04-11,27.4103
1988-04-12,27.4432
1988-04-13,27.3533
1988-04-14,27.2517
1988-04-15,27.1652
1988-04-16,27.2418
1988-04-17,27.2013
1988-04-18,27.1628
1988-04-19,27.1408
1988-04-20,27.0835
1988-04-21,26.9745
1988-04-22,26.9172
1988-04-23,26.8218
1988-04-24,26.8454
1988-04-25,26.9220
1988-04-26,26.9467
1988-04-27,26.9085
1988-04-28,26.8245
1988-04-29,26.7165
1988-04-30,26.6714
1988-05-01,26.5757
1988-05-02,26.4888
1988-05-03,26.4607
1988-05-04,26.4358
1988-05-05,26.3267
1988-05-06,26.2359
1988-05-07,26.2986
1988-05-08,26.3965
1988-05-09,26.5883
1988-05-10,26.8051
1988-05-11,26.8754
1988-05-12,26.8806
1988-05-13,26.7838
1988-05-14,26.6718
1988-05-15,26.6411
1988-05-16,26.5842
1988-05-17,26.4878
1988-05-18,26.3866
1988-05-19,26.3245
1988-05-20,26.2861
1988-05-21,26.2532
1988-05-22,26.2754
1988-05-23,26.1964
1988-05-24,26.1263
1988-05-25,26.1490
1988-05-26,26.1590
1988-05-27,26.1710
1988-05-28,26.1980
1988-05-29,26.2162
1988-05-30,26.2275
1988-05-31,26.1475
1988-06-01,26.1101
1988-06-02,26.0431
1988-06-03,25.9510
1988-06-04,25.8736
1988-06-05,25.8483
1988-06-06,25.9151
1988-06-07,25.9882
1988-06-08,26.0728
1988-06-09,26.1368
1988-06-10,26.1605
1988-06-11,26.1934
1988-06-12,26.3226
1988-06-13,26.2812
1988-06-14,26.1933
1988-06-15,26.0432
1988-06-16,25.9392
1988-06-17,25.8782
1988-06-18,25.8269
1988-06-19,25.7418
1988-06-20,25.7041
1988-06-21,25.7497
1988-06-22,25.7776
1988-06-23,25.7563
1988-06-24,25.6904
1988-06-25,25.5365
1988-06-26,25.4844
1988-06-27,25.4311
1988-06-28,25.5076
1988-06-29,25.5969
1988-06-30,25.6134
1988-07-01,25.6504
1988-07-02,25.7074
1988-07-03,25.7327
1988-07-04,25.7019
1988-07-05,25.6573
1988-07-06,25.6192
1988-07-07,25.5462
1988-07-08,25.5447
1988-07-09,25.5548
1988-07-10,25.5870
1988-07-11,25.5486
1988-07-12,25.5421
1988-07-13,25.5050
1988-07-14,25.4893
1988-07-15,25.4222
1988-07-16,25.3903
1988-07-17,25.3295
1988-07-18,25.3512
1988-07-19,25.3404
1988-07-20,25.3446
1988-07-21,25.3605
1988-07-22,25.3641
1988-07-23,25.3022
1988-07-24,25.2612
1988-07-25,25.2223
1988-07-26,25.1771
1988-07-27,25.3002
1988-07-28,25.3733
1988-07-29,25.3483
1988-07-30,25.3633
1988-07-31,25.3518
1988-08-01,25.2829
1988-08-02,25.2446
1988-08-03,25.1794
1988-08-04,25.1920
1988-08-05,25.2083
1988-08-06,25.2057
1988-08-07,25.2524
1988-08-08,25.2822
1988-08-09,25.3289
1988-08-10,25.3594
1988-08-11,25.4127
1988-08-12,25.4297
1988-08-13,25.4369
1988-08-14,25.4907
1988-08-15,25.4877
1988-08-16,25.4394
1988-08-17,25.3476
1988-08-18,25.3235
1988-08-19,25.2957
1988-08-20,25.2121
1988-08-21,25.2412
1988-08-22,25.3243
1988-08-23,25.3395
1988-08-24,25.3614
1988-08-25,25.3822
1988-08-26,25.3638
1988-08-27,25.4660
1988-08-28,25.5379
1988-08-29,25.6325
1988-08-30,25.6727
1988-08-31,25.6590
1988-09-01,25.5885
1988-09-02,25.4916
1988-09-03,25.4367
1988-09-04,25.3596
1988-09-05,25.3577
1988-09-06,25.4422
1988-09-07,25.5747
1988-09-08,25.7312
1988-09-09,25.9087
1988-09-10,26.0669
1988-09-11,26.1661
1988-09-12,26.1470
1988-09-13,26.0400
1988-09-14,25.9831
1988-09-15,26.0044
1988-09-16,26.0484
1988-09-17,25.9232
1988-09-18,25.9461
1988-09-19,26.1325
1988-09-20,26.2578
1988-09-21,26.2708
1988-09-22,26.2115
1988-09-23,25.9988
1988-09-24,25.8731
1988-09-25,25.7585
1988-09-26,25.5941
1988-09-27,25.3325
1988-09-28,25.0779
1988-09-29,24.9685
1988-09-30,24.9136
1988-10-01,24.8481
1988-10-02,24.7492
1988-10-03,24.6035
1988-10-04,24.4843
1988-10-05,24.4701
1988-10-06,24.4565
1988-10-07,24.5682
1988-10-08,24.6705
1988-10-09,24.7450
1988-10-10,24.7431
1988-10-11,24.8356
1988-10-12,24.8898
1988-10-13,24.8718
1988-10-14,24.7680
1988-10-15,24.7696
1988-10-16,24.7061
1988-10-17,24.6427
1988-10-18,24.6224
1988-10-19,24.5681
1988-10-20,24.5466
1988-10-21,24.6072
1988-10-22,24.6358
1988-10-23,24.6478
1988-10-24,24.6504
1988-10-25,24.6707
1988-10-26,24.5996
1988-10-27,24.4573
1988-10-28,24.4063
1988-10-29,24.3472
1988-10-30,24.2739
1988-10-31,24.3272
1988-11-01,24.2520
1988-11-02,24.1568
1988-11-03,24.1238
1988-11-04,24.1387
1988-11-05,24.2006
1988-11-06,24.2474
1988-11-07,24.3480
1988-11-08,24.5165
1988-11-09,24.6454
1988-11-10,24.7614
1988-11-11,24.7945
1988-11-12,24.7565
1988-11-13,24.7849
1988-11-14,24.9001
1988-11-15,24.9798
1988-11-16,24.9817
1988-11-17,24.9468
1988-11-18,24.8179
1988-11-19,24.6639
1988-11-20,24.4718
1988-11-21,24.4304
1988-11-22,24.4175
1988-11-23,24.3534
1988-11-24,24.2944
1988-11-25,24.2536
1988-11-26,24.1802
1988-11-27,24.1643
1988-11-28,24.1718
1988-11-29,24.1315
1988-11-30,24.1413
1988-12-01,24.1059
1988-12-02,24.0756
1988-12-03,24.0342
1988-12-04,24.0500
1988-12-05,24.0934
1988-12-06,24.1556
1988-12-07,24.1802
1988-12-08,24.2272
1988-12-09,24.2826
1988-12-10,24.3645
1988-12-11,24.4325
1988-12-12,24.4879
1988-12-13,24.4430
1988-12-14,24.4078
1988-12-15,24.4536
1988-12-16,24.5757
1988-12-17,24.6347
1988-12-18,24.6055
1988-12-19,24.6081
1988-12-20,24.6573
1988-12-21,24.7272
1988-12-22,24.7871
1988-12-23,24.8408
1988-12-24,24.8742
1988-12-25,24.9148
1988-12-26,24.9383
1988-12-27,24.9824
1988-12-28,24.9789
1988-12-29,24.8514
1988-12-30,24.6242
1988-12-31,24.4739
1989-01-01,24.4566
1989-01-02,24.4296
1989-01-03,24.4290
1989-01-04,24.3917
1989-01-05,24.2817
1989-01-06,24.1634
1989-01-07,24.2240
1989-01-08,24.2101
1989-01-09,24.1801
1989-01-10,24.2165
1989-01-11,24.2547
1989-01-12,24.2755
1989-01-13,24.3495
1989-01-14,24.4190
1989-01-15,24.4063
1989-01-16,24.4474
1989-01-17,24.3891
1989-01-18,24.3058
1989-01-19,24.3738
1989-01-20,24.4061
1989-01-21,24.4930
1989-01-22,24.5356
1989-01-23,24.5713
1989-01-24,24.5532
1989-01-25,24.5427
1989-01-26,24.6116
1989-01-27,24.6688
1989-01-28,24.6739
1989-01-29,24.7038
1989-01-30,24.9134
1989-01-31,24.9971
1989-02-01,24.9913
1989-02-02,25.0240
1989-02-03,25.0611
1989-02-04,25.0409
1989-02-05,25.0061
1989-02-06,25.0510
1989-02-07,25.0597
1989-02-08,25.0407
1989-02-09,25.0022
1989-02-10,24.9849
1989-02-11,24.9390
1989-02-12,24.9129
1989-02-13,24.8110
1989-02-14,24.9194
1989-02-15,24.9743
1989-02-16,25.0064
1989-02-17,25.0832
1989-02-18,25.2027
1989-02-19,25.2794
1989-02-20,25.2960
1989-02-21,25.3655
1989-02-22,25.4433
1989-02-23,25.5569
1989-02-24,25.6004
1989-02-25,25.5154
1989-02-26,25.4422
1989-02-27,25.4437
1989-02-28,25.5167
1989-03-01,25.6273
1989-03-02,25.6176
1989-03-03,25.5426
1989-03-04,25.3851
1989-03-05,25.2787
1989-03-06,25.3261
1989-03-07,25.4329
1989-03-08,25.6438
1989-03-09,25.7470
1989-03-10,25.8289
1989-03-11,25.8439
1989-03-12,25.8456
1989-03-13,25.7636
1989-03-14,25.7278
1989-03-15,25.7365
1989-03-16,25.7151
1989-03-17,25.6523
1989-03-18,25.5985
1989-03-19,25.6424
1989-03-20,25.6837
1989-03-21,25.7418
1989-03-22,25.8148
1989-03-23,25.8802
1989-03-24,25.8002
1989-03-25,25.7385
1989-03-26,25.7669
1989-03-27,25.7373
1989-03-28,25.7203
1989-03-29,25.7699
1989-03-30,25.8816
1989-03-31,26.0899
1989-04-01,26.1876
1989-04-02,26.2162
1989-04-03,26.2969
1989-04-04,26.3800
1989-04-05,26.4111
1989-04-06,26.4617
1989-04-07,26.4788
1989-04-08,26.4823
1989-04-09,26.4416
1989-04-10,26.3271
1989-04-11,26.3105
1989-04-12,26.3650
1989-04-13,26.4256
1989-04-14,26.3759
1989-04-15,26.3486
1989-04-16,26.3026
1989-04-17,26.1725
1989-04-18,26.2749
1989-04-19,26.2981
1989-04-20,26.2977
1989-04-21,26.3910
1989-04-22,26.4324
1989-04-23,26.4346
1989-04-24,26.5179
1989-04-25,26.5630
1989-04-26,26.5847
1989-04-27,26.5890
1989-04-28,26.6217
1989-04-29,26.7168
1989-04-30,26.6149
1989-05-01,26.5413
1989-05-02,26.5771
1989-05-03,26.5824
1989-05-04,26.6425
1989-05-05,26.8175
1989-05-06,26.8543
1989-05-07,26.8461
1989-05-08,26.8087
1989-05-09,26.7912
1989-05-10,26.8028
1989-05-11,26.9776
1989-05-12,27.1184
1989-05-13,27.2556
1989-05-14,27.3100
1989-05-15,27.2663
1989-05-16,27.2401
1989-05-17,27.1591
1989-05-18,27.0401
1989-05-19,26.9969
1989-05-20,26.9516
1989-05-21,27.0693
1989-05-22,27.1436
1989-05-23,27.1196
1989-05-24,27.0663
1989-05-25,27.0300
1989-05-26,26.9845
1989-05-27,26.8833
1989-05-28,26.7840
1989-05-29,26.6975
1989-05-30,26.6421
1989-05-31,26.6614
1989-06-01,26.6166
1989-06-02,26.6361
1989-06-03,26.6370
1989-06-04,26.6882
1989-06-05,26.7384
1989-06-06,26.8019
1989-06-07,26.7337
1989-06-08,26.7605
1989-06-09,26.7324
1989-06-10,26.8594
1989-06-11,27.0093
1989-06-12,27.1753
1989-06-13,27.2428
1989-06-14,27.2916
1989-06-15,27.3755
1989-06-16,27.3950
1989-06-17,27.4000
1989-06-18,27.3769
1989-06-19,27.3595
1989-06-20,27.2837
1989-06-21,27.2186
1989-06-22,27.1181
1989-06-23,27.0812
1989-06-24,27.0869
1989-06-25,27.0931
1989-06-26,27.0093
1989-06-27,26.8877
1989-06-28,26.7568
1989-06-29,26.7023
1989-06-30,26.6464
1989-07-01,26.5910
1989-07-02,26.5746
1989-07-03,26.5314
1989-07-04,26.4556
1989-07-05,26.5052
1989-07-06,26.5529
1989-07-07,26.6622
1989-07-08,26.6408
1989-07-09,26.6643
1989-07-10,26.7050
1989-07-11,26.6149
1989-07-12,26.5223
1989-07-13,26.4766
1989-07-14,26.4769
1989-07-15,26.5450
1989-07-16,26.6298
1989-07-17,26.7740
1989-07-18,26.8573
1989-07-19,26.8990
1989-07-20,26.8725
1989-07-21,26.7811
1989-07-22,26.6302
1989-07-23,26.6096
1989-07-24,26.7838
1989-07-25,26.9252
1989-07-26,26.9325
1989-07-27,26.9132
1989-07-28,26.8778
1989-07-29,26.7925
1989-07-30,26.6891
1989-07-31,26.6194
1989-08-01,26.5802
1989-08-02,26.4825
1989-08-03,26.4130
1989-08-04,26.3108
1989-08-05,26.2893
1989-08-06,26.3224
1989-08-07,26.3911
1989-08-08,26.3874
1989-08-09,26.3415
1989-08-10,26.3381
1989-08-11,26.2911
1989-08-12,26.2203
1989-08-13,26.1263
1989-08-14,26.0015
1989-08-15,25.9398
1989-08-16,26.0028
1989-08-17,25.9728
1989-08-18,25.8533
1989-08-19,25.8170
1989-08-20,25.8448
1989-08-21,25.8459
1989-08-22,25.8536
1989-08-23,25.8910
1989-08-24,25.9543
1989-08-25,25.9810
1989-08-26,26.0621
1989-08-27,26.0938
1989-08-28,26.0916
1989-08-29,26.0907
1989-08-30,26.0864
1989-08-31,26.0785
1989-09-01,26.0344
1989-09-02,26.0756
1989-09-03,26.1143
1989-09-04,26.1185
1989-09-05,26.1258
1989-09-06,26.1762
1989-09-07,26.2034
1989-09-08,26.3420
1989-09-09,26.3818
1989-09-10,26.2835
1989-09-11,26.1909
1989-09-12,26.1593
1989-09-13,26.1628
1989-09-14,26.1192
1989-09-15,26.1870
1989-09-16,26.2768
1989-09-17,26.2380
1989-09-18,26.2694
1989-09-19,26.2438
1989-09-20,26.2786
1989-09-21,26.2992
1989-09-22,26.2217
1989-09-23,26.1630
1989-09-24,26.1298
1989-09-25,26.1262
1989-09-26,26.1476
1989-09-27,26.1835
1989-09-28,26.2339
1989-09-29,26.1394
1989-09-30,26.2228
1989-10-01,26.2061
1989-10-02,26.1687
1989-10-03,26.2154
1989-10-04,26.1598
1989-10-05,26.0891
1989-10-06,26.0651
1989-10-07,25.9382
1989-10-08,25.9904
1989-10-09,26.0244
1989-10-10,26.0316
1989-10-11,26.0641
1989-10-12,26.0402
1989-10-13,25.9670
1989-10-14,25.9459
1989-10-15,26.0253
1989-10-16,26.0934
1989-10-17,26.1362
1989-10-18,26.1261
1989-10-19,26.1431
1989-10-20,26.3339
1989-10-21,26.4295
1989-10-22,26.3322
1989-10-23,26.1368
1989-10-24,26.0963
1989-10-25,26.1426
1989-10-26,26.1266
1989-10-27,26.0830
1989-10-28,26.1789
1989-10-29,26.3610
1989-10-30,26.3624
1989-10-31,26.3887
1989-11-01,26.4315
1989-11-02,26.3924
1989-11-03,26.2629
1989-11-04,26.1801
1989-11-05,25.9343
1989-11-06,25.9478
1989-11-07,25.9104
1989-11-08,25.8856
1989-11-09,25.9364
1989-11-10,25.9462
1989-11-11,25.8685
1989-11-12,25.8624
1989-11-13,25.8854
1989-11-14,25.9224
1989-11-15,25.9750
1989-11-16,26.0708
1989-11-17,26.0533
1989-11-18,26.0830
1989-11-19,26.0975
1989-11-20,26.1788
1989-11-21,26.2871
1989-11-22,26.3009
1989-11-23,26.3610
1989-11-24,26.3629
1989-11-25,26.2464
1989-11-26,26.2491
1989-11-27,26.2387
1989-11-28,26.2104
1989-11-29,26.3239
1989-11-30,26.4388
1989-12-01,26.5560
1989-12-02,26.4897
1989-12-03,26.4778
1989-12-04,26.3966
1989-12-05,26.4131
1989-12-06,26.4435
1989-12-07,26.4228
1989-12-08,26.5544
1989-12-09,26.5477
1989-12-10,26.4224
1989-12-11,26.3762
1989-12-12,26.3064
1989-12-13,26.3332
1989-12-14,26.2548
1989-12-15,26.2884
1989-12-16,26.3068
1989-12-17,26.3675
1989-12-18,26.4020
1989-12-19,26.2823
1989-12-20,26.1485
1989-12-21,26.1740
1989-12-22,26.2945
1989-12-23,26.2947
1989-12-24,26.3613
1989-12-25,26.4182
1989-12-26,26.4412
1989-12-27,26.4262
1989-12-28,26.4523
1989-12-29,26.4683
1989-12-30,26.5339
1989-12-31,26.4222
1990-01-01,26.4624
1990-01-02,26.4847
1990-01-03,26.4939
1990-01-04,26.5605
1990-01-05,26.4998
1990-01-06,26.4127
1990-01-07,26.3979
1990-01-08,26.4086
1990-01-09,26.4117
1990-01-10,26.4104
1990-01-11,26.4509
1990-01-12,26.4650
1990-01-13,26.5038
1990-01-14,26.4167
1990-01-15,26.3381
1990-01-16,26.3277
1990-01-17,26.3822
1990-01-18,26.4514
1990-01-19,26.3478
1990-01-20,26.2878
1990-01-21,26.3626
1990-01-22,26.3807
1990-01-23,26.3968
1990-01-24,26.3541
1990-01-25,26.3496
1990-01-26,26.2655
1990-01-27,26.1959
1990-01-28,26.2651
1990-01-29,26.3416
1990-01-30,26.3848
1990-01-31,26.4591
1990-02-01,26.5778
1990-02-02,26.4926
1990-02-03,26.5695
1990-02-04,26.5554
1990-02-05,26.5012
1990-02-06,26.4843
1990-02-07,26.5245
1990-02-08,26.5450
1990-02-09,26.5172
1990-02-10,26.4385
1990-02-11,26.4708
1990-02-12,26.4216
1990-02-13,26.5018
1990-02-14,26.6732
1990-02-15,26.6837
1990-02-16,26.6963
1990-02-17,26.7453
1990-02-18,26.7601
1990-02-19,26.7747
1990-02-20,26.7403
1990-02-21,26.8003
1990-02-22,26.8208
1990-02-23,26.7792
1990-02-24,26.8516
1990-02-25,27.0091
1990-02-26,27.0430
1990-02-27,27.1137
1990-02-28,27.1263
1990-03-01,27.0658
1990-03-02,26.9877
1990-03-03,26.8786
1990-03-04,26.8260
1990-03-05,26.8209
1990-03-06,26.8744
1990-03-07,26.9595
1990-03-08,26.9519
1990-03-09,26.8858
1990-03-10,26.7919
1990-03-11,26.7455
1990-03-12,26.7070
1990-03-13,26.7164
1990-03-14,26.6396
1990-03-15,26.5792
1990-03-16,26.6592
1990-03-17,26.8286
1990-03-18,26.9919
1990-03-19,27.1246
1990-03-20,27.2146
1990-03-21,27.2788
1990-03-22,27.2977
1990-03-23,27.1582
1990-03-24,27.1884
1990-03-25,27.1827
1990-03-26,27.0339
1990-03-27,27.1143
1990-03-28,27.2678
1990-03-29,27.3443
1990-03-30,27.4137
1990-03-31,27.5663
1990-04-01,27.6406
1990-04-02,27.6659
1990-04-03,27.6224
1990-04-04,27.6184
1990-04-05,27.6609
1990-04-06,27.7209
1990-04-07,27.7099
1990-04-08,27.6590
1990-04-09,27.6645
1990-04-10,27.6350
1990-04-11,27.7031
1990-04-12,27.8023
1990-04-13,27.7489
1990-04-14,27.7305
1990-04-15,27.7399
1990-04-16,27.6552
1990-04-17,27.5368
1990-04-18,27.5805
1990-04-19,27.5306
1990-04-20,27.4227
1990-04-21,27.4614
1990-04-22,27.6619
1990-04-23,27.7650
1990-04-24,27.7370
1990-04-25,27.7707
1990-04-26,27.8577
1990-04-27,27.9417
1990-04-28,28.0129
1990-04-29,28.0244
1990-04-30,27.9815
1990-05-01,27.9147
1990-05-02,27.8699
1990-05-03,27.8255
1990-05-04,27.8320
1990-05-05,27.8398
1990-05-06,27.8317
1990-05-07,27.8350
1990-05-08,27.8250
1990-05-09,27.8317
1990-05-10,27.9714
1990-05-11,28.0567
1990-05-12,28.0280
1990-05-13,27.8968
1990-05-14,27.8405
1990-05-15,27.8462
1990-05-16,27.8360
1990-05-17,27.8114
1990-05-18,27.7968
1990-05-19,27.8202
1990-05-20,27.8844
1990-05-21,27.8643
1990-05-22,27.9135
1990-05-23,27.9420
1990-05-24,28.0197
1990-05-25,28.0536
1990-05-26,28.0442
1990-05-27,28.0024
1990-05-28,27.9340
1990-05-29,27.9062
1990-05-30,27.8419
1990-05-31,27.7775
1990-06-01,27.6857
1990-06-02,27.6283
1990-06-03,27.5652
1990-06-04,27.5776
1990-06-05,27.5912
1990-06-06,27.6392
1990-06-07,27.7057
1990-06-08,27.7088
1990-06-09,27.6654
1990-06-10,27.5315
1990-06-11,27.3809
1990-06-12,27.2901
1990-06-13,27.3488
1990-06-14,27.3928
1990-06-15,27.5290
1990-06-16,27.5173
1990-06-17,27.4906
1990-06-18,27.3718
1990-06-19,27.1940
1990-06-20,27.1379
1990-06-21,27.1750
1990-06-22,27.2196
1990-06-23,27.2341
1990-06-24,27.2066
1990-06-25,27.1931
1990-06-26,27.2466
1990-06-27,27.1994
1990-06-28,27.1175
1990-06-29,27.0639
1990-06-30,27.1830
1990-07-01,27.2113
1990-07-02,27.1893
1990-07-03,27.1748
1990-07-04,27.1459
1990-07-05,27.1422
1990-07-06,27.0896
1990-07-07,27.1261
1990-07-08,27.1937
1990-07-09,27.2776
1990-07-10,27.4170
1990-07-11,27.4430
1990-07-12,27.3679
1990-07-13,27.3695
1990-07-14,27.3221
1990-07-15,27.3372
1990-07-16,27.3128
1990-07-17,27.2975
1990-07-18,27.4189
1990-07-19,27.4492
1990-07-20,27.3936
1990-07-21,27.3234
1990-07-22,27.3234
1990-07-23,27.2937
1990-07-24,27.2449
1990-07-25,27.1437
1990-07-26,27.0683
1990-07-27,26.9755
1990-07-28,26.9795
1990-07-29,26.9994
1990-07-30,27.1198
1990-07-31,27.2183
1990-08-01,27.2278
1990-08-02,27.1819
1990-08-03,27.0553
1990-08-04,27.0156
1990-08-05,27.0254
1990-08-06,27.0347
1990-08-07,27.1296
1990-08-08,27.2114
1990-08-09,27.2551
1990-08-10,27.0959
1990-08-11,27.0954
1990-08-12,27.2032
1990-08-13,27.1933
1990-08-14,27.1205
1990-08-15,26.9760
1990-08-16,26.8530
1990-08-17,26.7337
1990-08-18,26.7057
1990-08-19,26.7289
1990-08-20,26.7528
1990-08-21,26.8596
1990-08-22,26.9230
1990-08-23,26.9259
1990-08-24,26.8494
1990-08-25,26.7469
1990-08-26,26.7621
1990-08-27,26.8228
1990-08-28,26.8273
1990-08-29,26.7049
1990-08-30,26.6366
1990-08-31,26.5795
1990-09-01,26.5471
1990-09-02,26.5137
1990-09-03,26.6174
1990-09-04,26.6120
1990-09-05,26.6132
1990-09-06,26.5761
1990-09-07,26.5338
1990-09-08,26.5996
1990-09-09,26.6089
1990-09-10,26.6728
1990-09-11,26.6375
1990-09-12,26.5748
1990-09-13,26.6324
1990-09-14,26.6141
1990-09-15,26.5460
1990-09-16,26.5127
1990-09-17,26.5443
1990-09-18,26.5334
1990-09-19,26.5901
1990-09-20,26.6431
1990-09-21,26.7189
1990-09-22,26.7551
1990-09-23,26.7543
1990-09-24,26.7644
1990-09-25,26.7431
1990-09-26,26.7438
1990-09-27,26.7735
1990-09-28,26.8637
1990-09-29,26.9478
1990-09-30,26.9889
1990-10-01,26.9755
1990-10-02,26.9163
1990-10-03,26.8763
1990-10-04,26.8863
1990-10-05,26.9236
1990-10-06,26.8959
1990-10-07,26.8886
1990-10-08,26.9045
1990-10-09,26.9440
1990-10-10,26.9764
1990-10-11,26.9684
1990-10-12,26.9437
1990-10-13,26.9638
1990-10-14,27.0190
1990-10-15,26.9951
1990-10-16,26.9389
1990-10-17,26.9019
1990-10-18,26.9122
1990-10-19,26.9277
1990-10-20,26.9029
1990-10-21,26.8871
1990-10-22,26.8470
1990-10-23,26.8040
1990-10-24,26.7273
1990-10-25,26.8353
1990-10-26,26.8092
1990-10-27,26.8029
1990-10-28,26.8527
1990-10-29,26.8451
1990-10-30,26.7430
1990-10-31,26.7007
1990-11-01,26.7757
1990-11-02,26.9265
1990-11-03,26.9106
1990-11-04,26.9103
1990-11-05,26.9328
1990-11-06,26.8531
1990-11-07,26.7690
1990-11-08,26.8235
1990-11-09,26.8065
1990-11-10,26.7227
1990-11-11,26.6468
1990-11-12,26.5318
1990-11-13,26.3876
1990-11-14,26.4499
1990-11-15,26.7609
1990-11-16,26.7931
1990-11-17,26.7121
1990-11-18,26.6068
1990-11-19,26.5291
1990-11-20,26.4888
1990-11-21,26.5050
1990-11-22,26.5598
1990-11-23,26.5793
1990-11-24,26.5833
1990-11-25,26.5545
1990-11-26,26.5103
1990-11-27,26.5049
1990-11-28,26.4548
1990-11-29,26.4340
1990-11-30,26.5374
1990-12-01,26.5725
1990-12-02,26.6246
1990-12-03,26.8855
1990-12-04,26.9340
1990-12-05,26.9282
1990-12-06,26.7444
1990-12-07,26.6366
1990-12-08,26.7453
1990-12-09,26.8543
1990-12-10,26.8712
1990-12-11,26.8683
1990-12-12,26.7540
1990-12-13,26.6348
1990-12-14,26.5828
1990-12-15,26.4780
1990-12-16,26.5497
1990-12-17,26.6975
1990-12-18,26.7350
1990-12-19,26.7600
1990-12-20,26.9400
1990-12-21,26.9113
1990-12-22,26.9149
1990-12-23,26.8685
1990-12-24,26.8128
1990-12-25,27.0042
1990-12-26,26.9241
1990-12-27,26.8804
1990-12-28,26.8339
1990-12-29,26.8964
1990-12-30,27.0211
1990-12-31,26.9426
1991-01-01,26.8078
1991-01-02,26.8464
1991-01-03,26.9181
1991-01-04,26.9648
1991-01-05,26.9510
1991-01-06,26.8526
1991-01-07,26.7417
1991-01-08,26.7847
1991-01-09,26.6890
1991-01-10,26.7638
1991-01-11,26.9480
1991-01-12,27.0341
1991-01-13,27.0126
1991-01-14,26.9662
1991-01-15,26.9052
1991-01-16,26.7639
1991-01-17,26.7122
1991-01-18,26.7195
1991-01-19,26.8048
1991-01-20,26.9821
1991-01-21,26.9875
1991-01-22,26.8527
1991-01-23,26.8032
1991-01-24,26.7604
1991-01-25,26.8102
1991-01-26,26.8615
1991-01-27,26.8855
1991-01-28,26.8060
1991-01-29,26.7289
1991-01-30,26.6681
1991-01-31,26.7826
1991-02-01,26.8988
1991-02-02,26.9823
1991-02-03,26.8760
1991-02-04,26.8601
1991-02-05,26.8720
1991-02-06,26.7967
1991-02-07,26.8705
1991-02-08,27.0368
1991-02-09,27.0104
1991-02-10,26.9458
1991-02-11,26.9183
1991-02-12,26.9243
1991-02-13,26.8810
1991-02-14,26.8259
1991-02-15,26.7998
1991-02-16,26.7232
1991-02-17,26.7061
1991-02-18,26.7953
1991-02-19,26.8228
1991-02-20,26.7512
1991-02-21,26.7002
1991-02-22,26.6882
1991-02-23,26.6772
1991-02-24,26.7089
1991-02-25,26.7377
1991-02-26,26.7025
1991-02-27,26.7109
1991-02-28,26.6803
1991-03-01,26.5989
1991-03-02,26.5224
1991-03-03,26.6226
1991-03-04,26.7360
1991-03-05,26.7667
1991-03-06,26.7406
1991-03-07,26.7195
1991-03-08,26.7507
1991-03-09,26.8266
1991-03-10,26.8956
1991-03-11,26.9798
1991-03-12,26.9206
1991-03-13,26.7367
1991-03-14,26.7008
1991-03-15,26.9179
1991-03-16,27.0954
1991-03-17,27.2267
1991-03-18,27.2393
1991-03-19,27.2714
1991-03-20,27.2516
1991-03-21,27.3379
1991-03-22,27.3995
1991-03-23,27.2857
1991-03-24,27.2541
1991-03-25,27.3807
1991-03-26,27.4787
1991-03-27,27.6765
1991-03-28,27.7754
1991-03-29,27.7313
1991-03-30,27.6414
1991-03-31,27.6071
1991-04-01,27.5747
1991-04-02,27.5020
1991-04-03,27.3979
1991-04-04,27.2730
1991-04-05,27.3591
1991-04-06,27.5805
1991-04-07,27.6733
1991-04-08,27.6153
1991-04-09,27.6446
1991-04-10,27.6826
1991-04-11,27.6851
1991-04-12,27.6526
1991-04-13,27.7367
1991-04-14,27.9087
1991-04-15,28.0029
1991-04-16,28.0842
1991-04-17,28.1347
1991-04-18,28.1092
1991-04-19,28.0736
1991-04-20,28.1087
1991-04-21,28.2314
1991-04-22,28.2656
1991-04-23,28.2010
1991-04-24,28.0411
1991-04-25,27.9832
1991-04-26,28.1317
1991-04-27,28.0969
1991-04-28,28.0753
1991-04-29,28.0088
1991-04-30,27.8822
1991-05-01,27.7541
1991-05-02,27.7937
1991-05-03,27.8411
1991-05-04,27.7352
1991-05-05,27.6838
1991-05-06,27.5932
1991-05-07,27.5669
1991-05-08,27.7414
1991-05-09,27.8721
1991-05-10,27.8955
1991-05-11,27.9351
1991-05-12,28.0470
1991-05-13,28.1863
1991-05-14,28.1577
1991-05-15,28.2345
1991-05-16,28.2313
1991-05-17,28.2418
1991-05-18,28.2743
1991-05-19,28.3319
1991-05-20,28.3707
1991-05-21,28.3969
1991-05-22,28.3415
1991-05-23,28.3677
1991-05-24,28.3211
1991-05-25,28.2100
1991-05-26,28.2198
1991-05-27,28.2890
1991-05-28,28.3731
1991-05-29,28.4457
1991-05-30,28.4279
1991-05-31,28.3571
1991-06-01,28.2704
1991-06-02,28.2529
1991-06-03,28.2028
1991-06-04,28.1380
1991-06-05,28.0498
1991-06-06,27.9106
1991-06-07,27.8682
1991-06-08,27.8193
1991-06-09,27.7962
1991-06-10,27.8384
1991-06-11,27.9103
1991-06-12,28.0150
1991-06-13,28.0046
1991-06-14,27.8630
1991-06-15,27.7862
1991-06-16,27.8858
1991-06-17,27.8905
1991-06-18,27.9430
1991-06-19,28.0347
1991-06-20,28.1016
1991-06-21,28.1863
1991-06-22,28.2225
1991-06-23,28.2678
1991-06-24,28.2496
1991-06-25,28.2117
1991-06-26,28.2768
1991-06-27,28.3405
1991-06-28,28.2978
1991-06-29,28.2448
1991-06-30,28.2534
1991-07-01,28.3125
1991-07-02,28.1184
1991-07-03,27.6765
1991-07-04,27.4921
1991-07-05,27.6301
1991-07-06,27.8458
1991-07-07,27.8911
1991-07-08,27.8395
1991-07-09,27.9027
1991-07-10,27.8666
1991-07-11,27.8767
1991-07-12,27.8617
1991-07-13,27.7548
1991-07-14,27.7212
1991-07-15,27.8419
1991-07-16,28.0789
1991-07-17,28.1961
1991-07-18,28.1256
1991-07-19,27.8323
1991-07-20,27.4523
1991-07-21,27.1897
1991-07-22,27.0956
1991-07-23,27.0979
1991-07-24,27.2718
1991-07-25,27.5277
1991-07-26,27.7086
1991-07-27,27.7896
1991-07-28,27.8226
1991-07-29,27.7157
1991-07-30,27.5863
1991-07-31,27.4787
1991-08-01,27.4785
1991-08-02,27.5294
1991-08-03,27.6382
1991-08-04,27.6799
1991-08-05,27.6292
1991-08-06,27.4958
1991-08-07,27.3906
1991-08-08,27.4049
1991-08-09,27.4384
1991-08-10,27.4329
1991-08-11,27.4211
1991-08-12,27.4462
1991-08-13,27.5315
1991-08-14,27.6604
1991-08-15,27.7219
1991-08-16,27.6951
1991-08-17,27.6182
1991-08-18,27.5676
1991-08-19,27.6230
1991-08-20,27.6783
1991-08-21,27.6753
1991-08-22,27.6402
1991-08-23,27.5228
1991-08-24,27.3446
1991-08-25,27.1729
1991-08-26,27.0929
1991-08-27,27.1087
1991-08-28,27.1308
1991-08-29,27.0941
1991-08-30,27.1484
1991-08-31,27.2376
1991-09-01,27.2218
1991-09-02,27.0811
1991-09-03,26.9935
1991-09-04,26.8790
1991-09-05,26.7447
1991-09-06,26.7082
1991-09-07,26.6995
1991-09-08,26.6507
1991-09-09,26.5643
1991-09-10,26.5060
1991-09-11,26.5513
1991-09-12,26.7295
1991-09-13,26.8607
1991-09-14,26.9150
1991-09-15,26.9972
1991-09-16,27.0565
1991-09-17,27.1225
1991-09-18,27.1882
1991-09-19,27.2771
1991-09-20,27.4421
1991-09-21,27.4651
1991-09-22,27.3705
1991-09-23,27.3604
1991-09-24,27.2539
1991-09-25,27.1316
1991-09-26,27.0197
1991-09-27,26.9349
1991-09-28,26.9447
1991-09-29,27.0659
1991-09-30,27.2015
1991-10-01,27.2136
1991-10-02,27.1512
1991-10-03,27.1919
1991-10-04,27.3548
1991-10-05,27.4257
1991-10-06,27.5271
1991-10-07,27.7047
1991-10-08,27.7803
1991-10-09,27.8313
1991-10-10,27.7301
1991-10-11,27.5238
1991-10-12,27.4167
1991-10-13,27.3412
1991-10-14,27.2928
1991-10-15,27.2224
1991-10-16,27.1599
1991-10-17,27.2707
1991-10-18,27.3753
1991-10-19,27.3148
1991-10-20,27.2131
1991-10-21,27.1482
1991-10-22,27.2333
1991-10-23,27.3448
1991-10-24,27.3173
1991-10-25,27.2020
1991-10-26,27.1428
1991-10-27,27.1526
1991-10-28,27.1786
1991-10-29,27.2482
1991-10-30,27.3702
1991-10-31,27.5524
1991-11-01,27.6043
1991-11-02,27.6040
1991-11-03,27.5478
1991-11-04,27.5338
1991-11-05,27.4993
1991-11-06,27.5609
1991-11-07,27.6363
1991-11-08,27.5528
1991-11-09,27.5536
1991-11-10,27.6213
1991-11-11,27.7362
1991-11-12,27.7386
1991-11-13,27.7090
1991-11-14,27.6734
1991-11-15,27.7128
1991-11-16,27.6842
1991-11-17,27.7092
1991-11-18,27.6006
1991-11-19,27.5658
1991-11-20,27.5502
1991-11-21,27.4967
1991-11-22,27.4408
1991-11-23,27.4812
1991-11-24,27.6214
1991-11-25,27.7369
1991-11-26,27.8757
1991-11-27,27.9232
1991-11-28,27.9856
1991-11-29,28.0198
1991-11-30,28.0474
1991-12-01,27.9704
1991-12-02,27.9266
1991-12-03,27.9093
1991-12-04,27.9534
1991-12-05,27.9797
1991-12-06,27.9690
1991-12-07,27.9075
1991-12-08,27.9820
1991-12-09,28.1216
1991-12-10,28.2297
1991-12-11,28.2286
1991-12-12,28.2083
1991-12-13,28.1045
1991-12-14,28.1378
1991-12-15,28.2331
1991-12-16,28.1588
1991-12-17,28.1008
1991-12-18,28.0642
1991-12-19,28.2149
1991-12-20,28.3017
1991-12-21,28.3381
1991-12-22,28.3277
1991-12-23,28.2891
1991-12-24,28.3001
1991-12-25,28.2604
1991-12-26,28.1631
1991-12-27,28.0727
1991-12-28,28.0696
1991-12-29,28.1876
1991-12-30,28.1694
1991-12-31,28.2059
1992-01-01,28.2427
1992-01-02,28.3385
1992-01-03,28.4180
1992-01-04,28.3860
1992-01-05,28.3558
1992-01-06,28.3487
1992-01-07,28.2860
1992-01-08,28.2454
1992-01-09,28.2132
1992-01-10,28.2580
1992-01-11,28.2424
1992-01-12,28.2309
1992-01-13,28.2194
1992-01-14,28.1607
1992-01-15,28.1674
1992-01-16,28.2954
1992-01-17,28.3168
1992-01-18,28.2851
1992-01-19,28.2920
1992-01-20,28.3051
1992-01-21,28.1831
1992-01-22,28.1552
1992-01-23,28.1609
1992-01-24,28.1629
1992-01-25,28.1380
1992-01-26,28.1288
1992-01-27,28.1832
1992-01-28,28.2172
1992-01-29,28.2442
1992-01-30,28.1572
1992-01-31,28.0658
1992-02-01,27.9622
1992-02-02,27.9372
1992-02-03,28.0154
1992-02-04,28.0231
1992-02-05,28.0041
1992-02-06,27.9958
1992-02-07,28.0821
1992-02-08,28.1494
1992-02-09,28.1643
1992-02-10,28.2405
1992-02-11,28.2587
1992-02-12,28.2506
1992-02-13,28.2931
1992-02-14,28.4008
1992-02-15,28.3835
1992-02-16,28.4271
1992-02-17,28.5492
1992-02-18,28.5842
1992-02-19,28.4964
1992-02-20,28.4211
1992-02-21,28.3916
1992-02-22,28.4282
1992-02-23,28.4857
1992-02-24,28.5867
1992-02-25,28.5465
1992-02-26,28.4840
1992-02-27,28.3901
1992-02-28,28.2898
1992-02-29,28.1821
1992-03-01,28.1576
1992-03-02,28.1993
1992-03-03,28.2118
1992-03-04,28.2364
1992-03-05,28.2814
1992-03-06,28.3464
1992-03-07,28.3123
1992-03-08,28.2737
1992-03-09,28.2756
1992-03-10,28.3633
1992-03-11,28.3953
1992-03-12,28.3370
1992-03-13,28.3128
1992-03-14,28.3184
1992-03-15,28.3088
1992-03-16,28.3668
1992-03-17,28.3365
1992-03-18,28.3473
1992-03-19,28.3922
1992-03-20,28.4564
1992-03-21,28.4053
1992-03-22,28.3815
1992-03-23,28.4202
1992-03-24,28.3627
1992-03-25,28.3527
1992-03-26,28.4817
1992-03-27,28.6224
1992-03-28,28.7286
1992-03-29,28.7502
1992-03-30,28.7427
1992-03-31,28.7518
1992-04-01,28.7269
1992-04-02,28.6984
1992-04-03,28.6838
1992-04-04,28.5865
1992-04-05,28.6516
1992-04-06,28.6811
1992-04-07,28.8037
1992-04-08,28.9472
1992-04-09,28.9012
1992-04-10,28.9386
1992-04-11,28.9333
1992-04-12,28.9161
1992-04-13,28.9199
1992-04-14,28.9675
1992-04-15,28.9826
1992-04-16,28.9124
1992-04-17,28.8198
1992-04-18,28.7707
1992-04-19,28.7504
1992-04-20,28.6645
1992-04-21,28.6511
1992-04-22,28.6672
1992-04-23,28.7586
1992-04-24,28.8117
1992-04-25,28.7986
1992-04-26,28.7587
1992-04-27,28.8641
1992-04-28,28.9146
1992-04-29,28.9579
1992-04-30,28.9139
1992-05-01,28.8029
1992-05-02,28.7596
1992-05-03,28.7796
1992-05-04,28.8770
1992-05-05,28.9461
1992-05-06,28.9708
1992-05-07,28.8639
1992-05-08,28.8049
1992-05-09,28.7766
1992-05-10,28.7019
1992-05-11,28.7204
1992-05-12,28.7726
1992-05-13,28.7625
1992-05-14,28.7789
1992-05-15,28.7752
1992-05-16,28.7654
1992-05-17,28.9432
1992-05-18,28.9413
1992-05-19,28.8834
1992-05-20,28.8210
1992-05-21,28.7522
1992-05-22,28.7422
1992-05-23,28.7052
1992-05-24,28.6911
1992-05-25,28.7117
1992-05-26,28.8169
1992-05-27,28.7914
1992-05-28,28.7447
1992-05-29,28.6847
1992-05-30,28.5628
1992-05-31,28.4525
1992-06-01,28.4375
1992-06-02,28.3989
1992-06-03,28.3052
1992-06-04,28.2206
1992-06-05,28.3088
1992-06-06,28.3488
1992-06-07,28.2558
1992-06-08,28.2297
1992-06-09,28.1670
1992-06-10,28.1185
1992-06-11,28.1076
1992-06-12,28.1417
1992-06-13,28.2067
1992-06-14,28.2638
1992-06-15,28.2463
1992-06-16,28.2110
1992-06-17,28.1228
1992-06-18,28.1072
1992-06-19,28.0421
1992-06-20,27.9496
1992-06-21,27.9743
1992-06-22,28.0712
1992-06-23,28.0121
1992-06-24,27.9933
1992-06-25,27.9312
1992-06-26,27.8045
1992-06-27,27.5938
1992-06-28,27.4852
1992-06-29,27.4606
1992-06-30,27.5126
1992-07-01,27.4865
1992-07-02,27.6068
1992-07-03,27.7121
1992-07-04,27.7347
1992-07-05,27.7240
1992-07-06,27.6663
1992-07-07,27.6682
1992-07-08,27.7262
1992-07-09,27.7665
1992-07-10,27.8037
1992-07-11,27.7611
1992-07-12,27.6942
1992-07-13,27.5592
1992-07-14,27.4116
1992-07-15,27.2431
1992-07-16,27.2536
1992-07-17,27.2112
1992-07-18,27.2583
1992-07-19,27.3327
1992-07-20,27.2857
1992-07-21,27.3570
1992-07-22,27.3514
1992-07-23,27.2693
1992-07-24,27.1395
1992-07-25,27.1003
1992-07-26,27.0466
1992-07-27,27.0297
1992-07-28,27.0454
1992-07-29,27.0274
1992-07-30,26.9072
1992-07-31,26.7766
1992-08-01,26.6883
1992-08-02,26.6418
1992-08-03,26.6491
1992-08-04,26.6740
1992-08-05,26.6866
1992-08-06,26.6975
1992-08-07,26.7640
1992-08-08,26.8230
1992-08-09,26.7745
1992-08-10,26.7675
1992-08-11,26.8194
1992-08-12,26.7944
1992-08-13,26.7865
1992-08-14,26.7913
1992-08-15,26.7739
1992-08-16,26.6759
1992-08-17,26.6088
1992-08-18,26.7038
1992-08-19,26.7681
1992-08-20,26.7928
1992-08-21,26.8349
1992-08-22,26.7854
1992-08-23,26.8475
1992-08-24,26.8770
1992-08-25,26.7809
1992-08-26,26.8140
1992-08-27,26.8349
1992-08-28,26.7963
1992-08-29,26.6794
1992-08-30,26.5951
1992-08-31,26.4595
1992-09-01,26.3964
1992-09-02,26.3675
1992-09-03,26.3336
1992-09-04,26.2810
1992-09-05,26.1931
1992-09-06,26.2721
1992-09-07,26.3398
1992-09-08,26.4527
1992-09-09,26.5325
1992-09-10,26.5526
1992-09-11,26.4681
1992-09-12,26.5572
1992-09-13,26.5851
1992-09-14,26.5684
1992-09-15,26.6500
1992-09-16,26.6847
1992-09-17,26.7165
1992-09-18,26.7972
1992-09-19,26.6590
1992-09-20,26.5021
1992-09-21,26.4691
1992-09-22,26.4382
1992-09-23,26.5381
1992-09-24,26.6843
1992-09-25,26.6678
1992-09-26,26.6181
1992-09-27,26.6314
1992-09-28,26.6438
1992-09-29,26.5986
1992-09-30,26.4886
1992-10-01,26.5048
1992-10-02,26.5086
1992-10-03,26.5425
1992-10-04,26.5117
1992-10-05,26.5973
1992-10-06,26.5361
1992-10-07,26.3856
1992-10-08,26.2993
1992-10-09,26.2064
1992-10-10,26.2379
1992-10-11,26.2478
1992-10-12,26.1564
1992-10-13,26.0696
1992-10-14,26.0843
1992-10-15,26.1620
1992-10-16,26.2600
1992-10-17,26.2312
1992-10-18,26.1476
1992-10-19,26.0985
1992-10-20,25.9166
1992-10-21,25.8468
1992-10-22,25.7846
1992-10-23,25.7775
1992-10-24,25.8645
1992-10-25,25.9983
1992-10-26,26.0978
1992-10-27,26.0833
1992-10-28,26.0611
1992-10-29,26.0978
1992-10-30,26.0470
1992-10-31,25.9173
1992-11-01,25.7634
1992-11-02,25.8284
1992-11-03,26.0697
1992-11-04,26.4729
1992-11-05,26.6723
1992-11-06,26.6062
1992-11-07,26.6281
1992-11-08,26.6343
1992-11-09,26.6771
1992-11-10,26.6194
1992-11-11,26.5032
1992-11-12,26.4678
1992-11-13,26.4559
1992-11-14,26.4234
1992-11-15,26.4618
1992-11-16,26.4985
1992-11-17,26.4458
1992-11-18,26.4075
1992-11-19,26.4048
1992-11-20,26.5469
1992-11-21,26.7388
1992-11-22,26.8652
1992-11-23,26.8318
1992-11-24,26.8345
1992-11-25,26.8690
1992-11-26,26.9008
1992-11-27,26.9691
1992-11-28,26.9677
1992-11-29,26.7827
1992-11-30,26.6276
1992-12-01,26.6160
1992-12-02,26.7172
1992-12-03,26.7396
1992-12-04,26.7762
1992-12-05,26.8224
1992-12-06,26.8258
1992-12-07,26.8219
1992-12-08,26.8597
1992-12-09,26.8701
1992-12-10,26.8890
1992-12-11,26.9555
1992-12-12,26.9765
1992-12-13,26.9350
1992-12-14,26.7765
1992-12-15,26.7835
1992-12-16,26.9806
1992-12-17,27.0081
1992-12-18,26.8561
1992-12-19,26.8131
1992-12-20,26.7602
1992-12-21,26.7151
1992-12-22,26.5836
1992-12-23,26.5892
1992-12-24,26.5897
1992-12-25,26.5275
1992-12-26,26.4461
1992-12-27,26.4918
1992-12-28,26.4800
1992-12-29,26.4742
1992-12-30,26.4123
1992-12-31,26.3615
1993-01-01,26.2891
1993-01-02,26.3376
1993-01-03,26.3803
1993-01-04,26.5055
1993-01-05,26.4644
1993-01-06,26.4871
1993-01-07,26.4009
1993-01-08,26.4469
1993-01-09,26.5527
1993-01-10,26.6390
1993-01-11,26.7159
1993-01-12,26.8515
1993-01-13,26.9716
1993-01-14,26.9873
1993-01-15,26.9957
1993-01-16,26.9117
1993-01-17,26.8581
1993-01-18,26.7031
1993-01-19,26.5955
1993-01-20,26.6262
1993-01-21,26.6171
1993-01-22,26.6019
1993-01-23,26.6576
1993-01-24,26.6172
1993-01-25,26.6674
1993-01-26,26.6615
1993-01-27,26.7197
1993-01-28,26.7188
1993-01-29,26.6612
1993-01-30,26.6712
1993-01-31,26.7320
1993-02-01,26.7596
1993-02-02,26.6674
1993-02-03,26.8138
1993-02-04,26.8801
1993-02-05,26.8050
1993-02-06,26.7532
1993-02-07,26.6983
1993-02-08,26.7178
1993-02-09,26.7721
1993-02-10,26.8827
1993-02-11,26.9344
1993-02-12,26.9547
1993-02-13,26.9924
1993-02-14,27.0154
1993-02-15,26.9797
1993-02-16,27.0350
1993-02-17,27.1049
1993-02-18,27.1749
1993-02-19,27.2202
1993-02-20,27.1986
1993-02-21,27.1876
1993-02-22,27.1735
1993-02-23,27.2694
1993-02-24,27.2297
1993-02-25,27.2357
1993-02-26,27.1517
1993-02-27,27.1756
1993-02-28,27.1481
1993-03-01,27.1279
1993-03-02,27.0907
1993-03-03,27.0153
1993-03-04,27.0157
1993-03-05,27.0315
1993-03-06,27.0379
1993-03-07,27.0969
1993-03-08,27.0697
1993-03-09,27.0940
1993-03-10,27.0517
1993-03-11,27.0942
1993-03-12,27.1418
1993-03-13,27.2565
1993-03-14,27.3605
1993-03-15,27.3354
1993-03-16,27.3172
1993-03-17,27.3449
1993-03-18,27.4140
1993-03-19,27.5541
1993-03-20,27.6306
1993-03-21,27.7400
1993-03-22,27.7656
1993-03-23,27.7521
1993-03-24,27.7204
1993-03-25,27.8346
1993-03-26,27.9467
1993-03-27,27.9284
1993-03-28,27.8954
1993-03-29,27.8147
1993-03-30,27.6593
1993-03-31,27.5175
1993-04-01,27.3511
1993-04-02,27.2891
1993-04-03,27.3153
1993-04-04,27.3357
1993-04-05,27.4610
1993-04-06,27.5780
1993-04-07,27.5954
1993-04-08,27.5736
1993-04-09,27.7110
1993-04-10,27.7624
1993-04-11,27.8992
1993-04-12,28.1066
1993-04-13,28.2515
1993-04-14,28.3474
1993-04-15,28.4300
1993-04-16,28.4605
1993-04-17,28.4344
1993-04-18,28.3950
1993-04-19,28.4173
1993-04-20,28.4792
1993-04-21,28.4443
1993-04-22,28.4572
1993-04-23,28.4748
1993-04-24,28.4904
1993-04-25,28.4664
1993-04-26,28.5054
1993-04-27,28.5261
1993-04-28,28.5277
1993-04-29,28.5748
1993-04-30,28.5908
1993-05-01,28.5452
1993-05-02,28.4748
1993-05-03,28.3974
1993-05-04,28.3683
1993-05-05,28.3847
1993-05-06,28.4353
1993-05-07,28.5624
1993-05-08,28.5928
1993-05-09,28.6223
1993-05-10,28.6027
1993-05-11,28.5345
1993-05-12,28.4922
1993-05-13,28.4746
1993-05-14,28.5499
1993-05-15,28.5911
1993-05-16,28.5915
1993-05-17,28.6407
1993-05-18,28.6218
1993-05-19,28.6065
1993-05-20,28.5702
1993-05-21,28.4990
1993-05-22,28.4824
1993-05-23,28.5001
1993-05-24,28.5836
1993-05-25,28.6444
1993-05-26,28.6170
1993-05-27,28.6082
1993-05-28,28.5383
1993-05-29,28.4263
1993-05-30,28.2652
1993-05-31,28.1511
1993-06-01,28.0550
1993-06-02,28.0246
1993-06-03,28.0078
1993-06-04,27.9628
1993-06-05,27.8984
1993-06-06,27.8341
1993-06-07,27.8433
1993-06-08,27.8543
1993-06-09,27.9439
1993-06-10,27.9271
1993-06-11,27.8625
1993-06-12,27.7198
1993-06-13,27.6276
1993-06-14,27.5872
1993-06-15,27.7342
1993-06-16,27.8125
1993-06-17,27.8189
1993-06-18,27.7819
1993-06-19,27.7782
1993-06-20,27.8026
1993-06-21,27.8125
1993-06-22,27.8597
1993-06-23,27.8389
1993-06-24,27.8588
1993-06-25,27.8500
1993-06-26,27.8266
1993-06-27,27.7341
1993-06-28,27.6664
1993-06-29,27.6274
1993-06-30,27.6939
1993-07-01,27.7122
1993-07-02,27.7434
1993-07-03,27.8960
1993-07-04,27.8848
1993-07-05,27.7594
1993-07-06,27.6473
1993-07-07,27.5049
1993-07-08,27.4003
1993-07-09,27.4125
1993-07-10,27.3820
1993-07-11,27.4622
1993-07-12,27.5503
1993-07-13,27.6097
1993-07-14,27.6617
1993-07-15,27.6417
1993-07-16,27.5976
1993-07-17,27.5356
1993-07-18,27.4166
1993-07-19,27.2669
1993-07-20,27.2682
1993-07-21,27.2692
1993-07-22,27.3612
1993-07-23,27.2882
1993-07-24,27.2891
1993-07-25,27.2959
1993-07-26,27.2725
1993-07-27,27.2909
1993-07-28,27.2746
1993-07-29,27.1919
1993-07-30,27.1495
1993-07-31,27.1237
1993-08-01,27.1053
1993-08-02,27.0202
1993-08-03,26.9965
1993-08-04,26.9797
1993-08-05,26.8750
1993-08-06,26.7601
1993-08-07,26.7383
1993-08-08,26.7795
1993-08-09,26.7598
1993-08-10,26.7581
1993-08-11,26.7393
1993-08-12,26.7360
1993-08-13,26.8103
1993-08-14,26.8059
1993-08-15,26.7335
1993-08-16,26.7152
1993-08-17,26.6937
1993-08-18,26.6718
1993-08-19,26.6828
1993-08-20,26.7635
1993-08-21,26.8206
1993-08-22,26.8313
1993-08-23,26.8425
1993-08-24,26.8619
1993-08-25,26.8303
1993-08-26,26.7120
1993-08-27,26.6525
1993-08-28,26.5449
1993-08-29,26.6012
1993-08-30,26.6442
1993-08-31,26.6035
1993-09-01,26.6135
1993-09-02,26.8362
1993-09-03,27.0215
1993-09-04,27.0572
1993-09-05,27.0370
1993-09-06,26.9881
1993-09-07,26.9952
1993-09-08,26.9716
1993-09-09,27.0409
1993-09-10,27.1107
1993-09-11,27.1323
1993-09-12,27.0692
1993-09-13,26.9831
1993-09-14,26.8084
1993-09-15,26.8773
1993-09-16,26.9414
1993-09-17,26.9600
1993-09-18,26.9022
1993-09-19,26.7744
1993-09-20,26.7431
1993-09-21,26.7825
1993-09-22,26.8435
1993-09-23,26.7963
1993-09-24,26.8888
1993-09-25,26.9785
1993-09-26,27.0053
1993-09-27,27.0164
1993-09-28,26.9186
1993-09-29,26.7943
1993-09-30,26.7381
1993-10-01,26.7169
1993-10-02,26.6717
1993-10-03,26.5968
1993-10-04,26.5679
1993-10-05,26.6401
1993-10-06,26.8858
1993-10-07,26.9590
1993-10-08,26.9915
1993-10-09,27.0308
1993-10-10,27.0714
1993-10-11,26.9568
1993-10-12,26.9113
1993-10-13,26.9385
1993-10-14,27.0114
1993-10-15,26.9528
1993-10-16,26.7745
1993-10-17,26.7407
1993-10-18,26.7722
1993-10-19,26.7831
1993-10-20,26.7676
1993-10-21,26.7204
1993-10-22,26.6349
1993-10-23,26.7445
1993-10-24,26.9719
1993-10-25,27.0279
1993-10-26,27.0261
1993-10-27,27.0311
1993-10-28,26.9900
1993-10-29,27.0623
1993-10-30,27.1872
1993-10-31,27.2193
1993-11-01,27.1405
1993-11-02,27.1387
1993-11-03,27.1958
1993-11-04,27.2431
1993-11-05,27.1511
1993-11-06,27.1363
1993-11-07,27.0835
1993-11-08,26.9770
1993-11-09,26.8502
1993-11-10,26.8709
1993-11-11,26.8756
1993-11-12,26.8985
1993-11-13,26.8519
1993-11-14,26.8347
1993-11-15,26.7901
1993-11-16,26.7285
1993-11-17,26.7205
1993-11-18,26.6903
1993-11-19,26.5572
1993-11-20,26.4218
1993-11-21,26.4682
1993-11-22,26.5151
1993-11-23,26.5588
1993-11-24,26.5794
1993-11-25,26.6074
1993-11-26,26.6936
1993-11-27,26.7135
1993-11-28,26.6776
1993-11-29,26.7285
1993-11-30,26.8562
1993-12-01,26.8880
1993-12-02,26.9312
1993-12-03,26.9138
1993-12-04,26.8983
1993-12-05,26.8759
1993-12-06,26.9306
1993-12-07,27.1508
1993-12-08,27.1828
1993-12-09,27.0780
1993-12-10,26.9005
1993-12-11,26.7270
1993-12-12,26.6084
1993-12-13,26.4731
1993-12-14,26.5003
1993-12-15,26.6298
1993-12-16,26.7126
1993-12-17,26.7337
1993-12-18,26.6511
1993-12-19,26.6591
1993-12-20,26.6838
1993-12-21,26.6915
1993-12-22,26.6315
1993-12-23,26.6565
1993-12-24,26.6176
1993-12-25,26.4961
1993-12-26,26.3177
1993-12-27,26.1418
1993-12-28,26.1020
1993-12-29,26.1650
1993-12-30,26.1995
1993-12-31,26.2468
1994-01-01,26.3369
1994-01-02,26.4167
1994-01-03,26.4610
1994-01-04,26.5499
1994-01-05,26.5578
1994-01-06,26.5072
1994-01-07,26.6299
1994-01-08,26.7508
1994-01-09,26.7505
1994-01-10,26.6941
1994-01-11,26.6517
1994-01-12,26.5390
1994-01-13,26.5238
1994-01-14,26.6064
1994-01-15,26.6388
1994-01-16,26.6001
1994-01-17,26.5217
1994-01-18,26.4381
1994-01-19,26.4352
1994-01-20,26.4116
1994-01-21,26.3725
1994-01-22,26.3034
1994-01-23,26.1365
1994-01-24,26.1117
1994-01-25,26.2581
1994-01-26,26.4267
1994-01-27,26.5352
1994-01-28,26.5904
1994-01-29,26.6171
1994-01-30,26.6322
1994-01-31,26.6473
1994-02-01,26.6711
1994-02-02,26.6104
1994-02-03,26.5690
1994-02-04,26.5707
1994-02-05,26.6070
1994-02-06,26.6409
1994-02-07,26.7302
1994-02-08,26.7888
1994-02-09,26.8121
1994-02-10,26.8676
1994-02-11,26.9353
1994-02-12,26.8845
1994-02-13,26.7748
1994-02-14,26.6272
1994-02-15,26.5255
1994-02-16,26.5779
1994-02-17,26.5367
1994-02-18,26.4594
1994-02-19,26.4381
1994-02-20,26.4562
1994-02-21,26.4802
1994-02-22,26.4733
1994-02-23,26.4304
1994-02-24,26.3568
1994-02-25,26.2959
1994-02-26,26.2607
1994-02-27,26.3418
1994-02-28,26.5408
1994-03-01,26.6545
1994-03-02,26.7461
1994-03-03,26.8855
1994-03-04,26.9815
1994-03-05,27.0061
1994-03-06,27.0159
1994-03-07,27.0725
1994-03-08,27.2058
1994-03-09,27.3926
1994-03-10,27.5831
1994-03-11,27.7069
1994-03-12,27.7400
1994-03-13,27.6681
1994-03-14,27.5802
1994-03-15,27.5355
1994-03-16,27.5694
1994-03-17,27.5482
1994-03-18,27.4655
1994-03-19,27.4066
1994-03-20,27.3298
1994-03-21,27.2586
1994-03-22,27.1996
1994-03-23,27.1504
1994-03-24,27.1393
1994-03-25,27.1910
1994-03-26,27.2503
1994-03-27,27.4115
1994-03-28,27.5569
1994-03-29,27.5632
1994-03-30,27.5296
1994-03-31,27.5676
1994-04-01,27.5399
1994-04-02,27.5027
1994-04-03,27.5663
1994-04-04,27.6622
1994-04-05,27.8085
1994-04-06,27.8286
1994-04-07,27.8805
1994-04-08,27.8807
1994-04-09,27.9585
1994-04-10,28.1220
1994-04-11,28.1765
1994-04-12,28.1220
1994-04-13,27.9214
1994-04-14,27.8792
1994-04-15,27.9105
1994-04-16,27.9840
1994-04-17,27.9070
1994-04-18,27.7944
1994-04-19,27.8061
1994-04-20,27.7101
1994-04-21,27.6985
1994-04-22,27.6465
1994-04-23,27.5470
1994-04-24,27.5700
1994-04-25,27.8225
1994-04-26,28.0475
1994-04-27,28.0974
1994-04-28,28.1273
1994-04-29,27.9961
1994-04-30,27.8639
1994-05-01,27.7925
1994-05-02,27.8252
1994-05-03,27.6956
1994-05-04,27.6024
1994-05-05,27.6142
1994-05-06,27.6762
1994-05-07,27.7016
1994-05-08,27.7664
1994-05-09,27.8470
1994-05-10,27.9044
1994-05-11,27.9545
1994-05-12,27.8869
1994-05-13,27.8935
1994-05-14,27.9458
1994-05-15,28.0438
1994-05-16,28.1337
1994-05-17,28.0814
1994-05-18,28.0977
1994-05-19,28.0987
1994-05-20,28.1515
1994-05-21,28.2108
1994-05-22,28.2442
1994-05-23,28.1939
1994-05-24,28.0783
1994-05-25,27.8737
1994-05-26,27.9685
1994-05-27,28.0167
1994-05-28,28.0476
1994-05-29,28.1351
1994-05-30,28.1744
1994-05-31,28.1872
1994-06-01,28.2528
1994-06-02,28.2264
1994-06-03,28.0877
1994-06-04,28.0122
1994-06-05,27.9316
1994-06-06,27.8746
1994-06-07,27.8164
1994-06-08,27.7922
1994-06-09,27.7792
1994-06-10,27.7335
1994-06-11,27.8177
1994-06-12,27.9402
1994-06-13,27.9457
1994-06-14,27.9442
1994-06-15,27.9441
1994-06-16,27.9406
1994-06-17,27.9052
1994-06-18,27.8745
1994-06-19,27.8725
1994-06-20,27.8539
1994-06-21,27.8114
1994-06-22,27.7657
1994-06-23,27.7673
1994-06-24,27.6951
1994-06-25,27.5802
1994-06-26,27.5040
1994-06-27,27.4245
1994-06-28,27.3911
1994-06-29,27.3378
1994-06-30,27.3002
1994-07-01,27.3269
1994-07-02,27.3044
1994-07-03,27.3842
1994-07-04,27.3977
1994-07-05,27.2572
1994-07-06,27.2410
1994-07-07,27.1706
1994-07-08,27.0923
1994-07-09,27.0623
1994-07-10,27.0123
1994-07-11,27.0569
1994-07-12,27.0574
1994-07-13,27.0685
1994-07-14,27.1697
1994-07-15,27.1786
1994-07-16,27.1449
1994-07-17,27.0825
1994-07-18,27.1485
1994-07-19,27.2837
1994-07-20,27.2951
1994-07-21,27.2415
1994-07-22,27.2722
1994-07-23,27.2748
1994-07-24,27.2769
1994-07-25,27.2933
1994-07-26,27.3196
1994-07-27,27.3079
1994-07-28,27.2550
1994-07-29,27.3263
1994-07-30,27.3476
1994-07-31,27.3457
1994-08-01,27.3057
1994-08-02,27.2663
1994-08-03,27.2366
1994-08-04,27.3421
1994-08-05,27.4288
1994-08-06,27.4794
1994-08-07,27.5161
1994-08-08,27.5556
1994-08-09,27.5474
1994-08-10,27.5259
1994-08-11,27.4154
1994-08-12,27.3752
1994-08-13,27.2750
1994-08-14,27.2136
1994-08-15,27.1482
1994-08-16,27.1427
1994-08-17,27.1396
1994-08-18,27.2241
1994-08-19,27.2403
1994-08-20,27.1770
1994-08-21,27.1464
1994-08-22,27.1050
1994-08-23,27.0913
1994-08-24,27.1193
1994-08-25,27.1265
1994-08-26,27.1640
1994-08-27,27.2282
1994-08-28,27.1810
1994-08-29,27.1768
1994-08-30,27.1727
1994-08-31,27.2461
1994-09-01,27.2325
1994-09-02,27.1912
1994-09-03,27.1913
1994-09-04,27.1393
1994-09-05,27.1733
1994-09-06,27.1025
1994-09-07,27.0395
1994-09-08,26.9508
1994-09-09,26.9422
1994-09-10,26.9204
1994-09-11,26.9401
1994-09-12,26.9038
1994-09-13,26.8851
1994-09-14,26.7993
1994-09-15,26.7057
1994-09-16,26.6639
1994-09-17,26.6294
1994-09-18,26.7231
1994-09-19,26.7327
1994-09-20,26.6560
1994-09-21,26.7816
1994-09-22,26.8773
1994-09-23,26.9298
1994-09-24,27.0407
1994-09-25,27.1709
1994-09-26,27.2549
1994-09-27,27.2788
1994-09-28,27.1078
1994-09-29,27.0390
1994-09-30,27.0716
1994-10-01,26.9870
1994-10-02,26.9324
1994-10-03,27.0143
1994-10-04,27.1973
1994-10-05,27.2713
1994-10-06,27.3441
1994-10-07,27.4405
1994-10-08,27.4345
1994-10-09,27.4477
1994-10-10,27.3789
1994-10-11,27.3063
1994-10-12,27.2030
1994-10-13,27.1477
1994-10-14,27.1875
1994-10-15,27.2513
1994-10-16,27.3445
1994-10-17,27.2589
1994-10-18,27.2892
1994-10-19,27.2612
1994-10-20,27.3951
1994-10-21,27.5030
1994-10-22,27.5347
1994-10-23,27.6245
1994-10-24,27.6376
1994-10-25,27.5655
1994-10-26,27.3927
1994-10-27,27.1735
1994-10-28,27.1791
1994-10-29,27.2412
1994-10-30,27.4459
1994-10-31,27.5987
1994-11-01,27.6937
1994-11-02,27.7634
1994-11-03,27.7676
1994-11-04,27.6805
1994-11-05,27.5847
1994-11-06,27.5575
1994-11-07,27.6748
1994-11-08,27.6705
1994-11-09,27.5224
1994-11-10,27.5296
1994-11-11,27.5265
1994-11-12,27.5692
1994-11-13,27.6047
1994-11-14,27.6079
1994-11-15,27.6859
1994-11-16,27.6420
1994-11-17,27.5661
1994-11-18,27.5794
1994-11-19,27.6138
1994-11-20,27.6349
1994-11-21,27.6097
1994-11-22,27.6382
1994-11-23,27.7878
1994-11-24,27.8327
1994-11-25,27.8186
1994-11-26,27.9200
1994-11-27,27.9037
1994-11-28,27.8654
1994-11-29,27.9556
1994-11-30,28.0333
1994-12-01,28.0927
1994-12-02,28.0687
1994-12-03,28.0152
1994-12-04,27.9058
1994-12-05,27.6856
1994-12-06,27.6234
1994-12-07,27.6902
1994-12-08,27.6784
1994-12-09,27.7507
1994-12-10,27.9005
1994-12-11,27.8954
1994-12-12,27.8778
1994-12-13,27.8299
1994-12-14,27.7931
1994-12-15,27.7556
1994-12-16,27.7786
1994-12-17,27.8576
1994-12-18,27.9016
1994-12-19,27.9164
1994-12-20,27.8809
1994-12-21,27.8307
1994-12-22,27.8039
1994-12-23,27.7108
1994-12-24,27.7042
1994-12-25,27.6733
1994-12-26,27.7256
1994-12-27,27.6757
1994-12-28,27.4836
1994-12-29,27.4852
1994-12-30,27.5486
1994-12-31,27.4977
1995-01-01,27.5356
1995-01-02,27.4120
1995-01-03,27.3488
1995-01-04,27.3644
1995-01-05,27.3284
1995-01-06,27.3101
1995-01-07,27.3306
1995-01-08,27.4428
1995-01-09,27.4693
1995-01-10,27.2887
1995-01-11,27.2482
1995-01-12,27.2963
1995-01-13,27.3170
1995-01-14,27.2971
1995-01-15,27.2695
1995-01-16,27.2768
1995-01-17,27.3605
1995-01-18,27.4537
1995-01-19,27.4745
1995-01-20,27.3540
1995-01-21,27.1759
1995-01-22,27.0411
1995-01-23,26.9564
1995-01-24,26.9489
1995-01-25,27.1311
1995-01-26,27.1967
1995-01-27,27.2120
1995-01-28,27.0817
1995-01-29,27.0738
1995-01-30,27.1123
1995-01-31,27.1794
1995-02-01,27.2557
1995-02-02,27.2919
1995-02-03,27.3283
1995-02-04,27.3603
1995-02-05,27.3068
1995-02-06,27.2309
1995-02-07,27.2124
1995-02-08,27.2365
1995-02-09,27.2295
1995-02-10,27.3062
1995-02-11,27.3325
1995-02-12,27.2798
1995-02-13,27.3027
1995-02-14,27.2833
1995-02-15,27.2490
1995-02-16,27.2255
1995-02-17,27.1451
1995-02-18,27.0817
1995-02-19,27.2336
1995-02-20,27.3738
1995-02-21,27.4628
1995-02-22,27.4181
1995-02-23,27.5081
1995-02-24,27.5289
1995-02-25,27.5601
1995-02-26,27.4770
1995-02-27,27.4191
1995-02-28,27.3873
1995-03-01,27.3537
1995-03-02,27.3633
1995-03-03,27.3821
1995-03-04,27.3852
1995-03-05,27.3702
1995-03-06,27.2601
1995-03-07,27.2176
1995-03-08,27.2518
1995-03-09,27.3278
1995-03-10,27.4857
1995-03-11,27.4385
1995-03-12,27.3156
1995-03-13,27.2835
1995-03-14,27.3095
1995-03-15,27.2460
1995-03-16,27.2837
1995-03-17,27.4654
1995-03-18,27.5194
1995-03-19,27.5968
1995-03-20,27.7301
1995-03-21,27.8042
1995-03-22,27.7967
1995-03-23,27.6680
1995-03-24,27.5869
1995-03-25,27.5168
1995-03-26,27.4634
1995-03-27,27.5000
1995-03-28,27.6015
1995-03-29,27.6886
1995-03-30,27.7855
1995-03-31,27.7715
1995-04-01,27.8376
1995-04-02,27.8918
1995-04-03,27.9348
1995-04-04,27.9646
1995-04-05,28.0399
1995-04-06,27.9866
1995-04-07,27.8341
1995-04-08,27.7490
1995-04-09,27.7460
1995-04-10,27.8084
1995-04-11,27.8726
1995-04-12,27.8682
1995-04-13,27.7867
1995-04-14,27.7937
1995-04-15,28.0415
1995-04-16,28.1502
1995-04-17,28.1100
1995-04-18,27.9834
1995-04-19,27.8168
1995-04-20,27.7236
1995-04-21,27.7353
1995-04-22,27.7889
1995-04-23,27.7949
1995-04-24,27.8140
1995-04-25,27.8007
1995-04-26,27.7931
1995-04-27,27.7851
1995-04-28,27.7369
1995-04-29,27.6561
1995-04-30,27.6161
1995-05-01,27.6495
1995-05-02,27.7602
1995-05-03,27.8694
1995-05-04,27.9202
1995-05-05,27.8814
1995-05-06,27.8189
1995-05-07,27.7397
1995-05-08,27.7252
1995-05-09,27.7172
1995-05-10,27.6824
1995-05-11,27.6993
1995-05-12,27.7032
1995-05-13,27.5897
1995-05-14,27.5818
1995-05-15,27.5614
1995-05-16,27.6205
1995-05-17,27.5507
1995-05-18,27.3500
1995-05-19,27.1668
1995-05-20,27.2307
1995-05-21,27.2423
1995-05-22,27.4327
1995-05-23,27.4215
1995-05-24,27.4017
1995-05-25,27.4996
1995-05-26,27.5623
1995-05-27,27.6837
1995-05-28,27.7273
1995-05-29,27.7663
1995-05-30,27.7242
1995-05-31,27.5938
1995-06-01,27.4894
1995-06-02,27.4351
1995-06-03,27.4018
1995-06-04,27.4504
1995-06-05,27.4200
1995-06-06,27.4581
1995-06-07,27.4920
1995-06-08,27.4712
1995-06-09,27.4544
1995-06-10,27.4946
1995-06-11,27.5179
1995-06-12,27.5688
1995-06-13,27.5481
1995-06-14,27.4850
1995-06-15,27.4537
1995-06-16,27.4872
1995-06-17,27.4037
1995-06-18,27.2014
1995-06-19,27.0304
1995-06-20,26.8520
1995-06-21,26.7920
1995-06-22,26.9355
1995-06-23,27.1725
1995-06-24,27.2151
1995-06-25,27.1691
1995-06-26,27.0305
1995-06-27,26.9458
1995-06-28,26.9678
1995-06-29,27.0590
1995-06-30,27.1515
1995-07-01,27.2988
1995-07-02,27.3685
1995-07-03,27.3901
1995-07-04,27.3249
1995-07-05,27.2165
1995-07-06,27.1112
1995-07-07,27.1335
1995-07-08,27.0724
1995-07-09,27.0930
1995-07-10,27.0335
1995-07-11,26.9607
1995-07-12,26.9789
1995-07-13,27.1112
1995-07-14,27.2711
1995-07-15,27.2564
1995-07-16,27.2679
1995-07-17,27.1314
1995-07-18,26.9986
1995-07-19,26.9386
1995-07-20,26.8411
1995-07-21,26.8381
1995-07-22,26.8786
1995-07-23,26.9274
1995-07-24,26.9624
1995-07-25,26.8932
1995-07-26,26.8088
1995-07-27,26.7422
1995-07-28,26.6667
1995-07-29,26.6555
1995-07-30,26.5935
1995-07-31,26.7195
1995-08-01,26.7653
1995-08-02,26.6880
1995-08-03,26.5533
1995-08-04,26.4036
1995-08-05,26.2670
1995-08-06,26.1692
1995-08-07,26.1509
1995-08-08,26.1809
1995-08-09,26.2695
1995-08-10,26.2942
1995-08-11,26.3204
1995-08-12,26.3517
1995-08-13,26.3308
1995-08-14,26.2907
1995-08-15,26.2502
1995-08-16,26.2123
1995-08-17,26.1692
1995-08-18,26.1952
1995-08-19,26.1885
1995-08-20,26.2221
1995-08-21,26.2603
1995-08-22,26.2063
1995-08-23,26.1836
1995-08-24,26.1895
1995-08-25,26.2092
1995-08-26,26.0915
1995-08-27,26.0022
1995-08-28,25.9670
1995-08-29,25.9721
1995-08-30,26.0422
1995-08-31,26.0313
1995-09-01,25.9932
1995-09-02,25.9925
1995-09-03,26.0232
1995-09-04,26.0194
1995-09-05,26.0741
1995-09-06,25.9696
1995-09-07,25.8799
1995-09-08,25.9471
1995-09-09,26.0762
1995-09-10,26.0870
1995-09-11,26.0027
1995-09-12,26.0175
1995-09-13,26.0896
1995-09-14,26.0532
1995-09-15,25.9948
1995-09-16,25.9745
1995-09-17,25.9730
1995-09-18,26.0272
1995-09-19,26.1223
1995-09-20,26.2544
1995-09-21,26.2734
1995-09-22,26.3043
1995-09-23,26.2741
1995-09-24,26.2603
1995-09-25,26.1436
1995-09-26,26.0338
1995-09-27,25.9001
1995-09-28,25.7643
1995-09-29,25.6137
1995-09-30,25.5700
1995-10-01,25.6118
1995-10-02,25.5775
1995-10-03,25.5408
1995-10-04,25.4872
1995-10-05,25.5257
1995-10-06,25.5482
1995-10-07,25.6017
1995-10-08,25.6588
1995-10-09,25.6652
1995-10-10,25.7086
1995-10-11,25.8199
1995-10-12,25.8835
1995-10-13,25.9054
1995-10-14,25.8730
1995-10-15,25.8366
1995-10-16,25.7954
1995-10-17,25.7863
1995-10-18,25.7866
1995-10-19,25.7922
1995-10-20,25.7356
1995-10-21,25.7298
1995-10-22,25.7297
1995-10-23,25.6862
1995-10-24,25.7504
1995-10-25,25.7986
1995-10-26,25.7966
1995-10-27,25.8295
1995-10-28,25.8390
1995-10-29,25.8110
1995-10-30,25.7746
1995-10-31,25.7365
1995-11-01,25.7374
1995-11-02,25.7386
1995-11-03,25.7428
1995-11-04,25.7684
1995-11-05,25.8391
1995-11-06,25.8152
1995-11-07,25.7760
1995-11-08,25.9472
1995-11-09,26.0096
1995-11-10,25.9313
1995-11-11,25.8071
1995-11-12,25.7653
1995-11-13,25.6854
1995-11-14,25.6197
1995-11-15,25.6865
1995-11-16,25.7762
1995-11-17,25.7224
1995-11-18,25.6758
1995-11-19,25.6130
1995-11-20,25.7414
1995-11-21,25.7341
1995-11-22,25.6646
1995-11-23,25.5605
1995-11-24,25.4625
1995-11-25,25.4530
1995-11-26,25.5759
1995-11-27,25.7299
1995-11-28,25.7467
1995-11-29,25.7011
1995-11-30,25.6964
1995-12-01,25.7634
1995-12-02,25.7330
1995-12-03,25.7955
1995-12-04,25.7153
1995-12-05,25.5931
1995-12-06,25.5707
1995-12-07,25.5680
1995-12-08,25.4657
1995-12-09,25.3985
1995-12-10,25.3817
1995-12-11,25.4340
1995-12-12,25.5354
1995-12-13,25.4480
1995-12-14,25.4806
1995-12-15,25.5656
1995-12-16,25.7047
1995-12-17,25.7823
1995-12-18,25.7769
1995-12-19,25.8900
1995-12-20,25.9211
1995-12-21,25.8945
1995-12-22,25.8325
1995-12-23,25.7439
1995-12-24,25.7251
1995-12-25,25.7016
1995-12-26,25.6742
1995-12-27,25.6254
1995-12-28,25.5439
1995-12-29,25.5450
1995-12-30,25.5493
1995-12-31,25.6027
1996-01-01,25.6163
1996-01-02,25.4751
1996-01-03,25.4133
1996-01-04,25.4663
1996-01-05,25.4281
1996-01-06,25.3636
1996-01-07,25.4868
1996-01-08,25.5032
1996-01-09,25.4379
1996-01-10,25.4085
1996-01-11,25.5218
1996-01-12,25.6085
1996-01-13,25.5747
1996-01-14,25.5207
1996-01-15,25.6181
1996-01-16,25.7388
1996-01-17,25.8914
1996-01-18,25.9260
1996-01-19,25.9665
1996-01-20,26.0412
1996-01-21,25.9828
1996-01-22,25.8653
1996-01-23,25.8421
1996-01-24,25.8448
1996-01-25,25.8256
1996-01-26,25.7797
1996-01-27,25.7378
1996-01-28,25.6981
1996-01-29,25.6547
1996-01-30,25.6059
1996-01-31,25.6033
1996-02-01,25.6214
1996-02-02,25.5666
1996-02-03,25.4583
1996-02-04,25.4135
1996-02-05,25.3172
1996-02-06,25.2423
1996-02-07,25.3433
1996-02-08,25.4557
1996-02-09,25.6347
1996-02-10,25.7744
1996-02-11,25.8470
1996-02-12,25.8655
1996-02-13,25.9423
1996-02-14,26.0173
1996-02-15,26.0263
1996-02-16,25.9659
1996-02-17,25.9289
1996-02-18,25.9724
1996-02-19,26.0214
1996-02-20,26.1206
1996-02-21,26.1511
1996-02-22,26.1059
1996-02-23,26.0809
1996-02-24,26.0761
1996-02-25,26.1830
1996-02-26,26.3397
1996-02-27,26.3217
1996-02-28,26.3373
1996-02-29,26.3564
1996-03-01,26.3877
1996-03-02,26.3787
1996-03-03,26.3897
1996-03-04,26.3378
1996-03-05,26.1809
1996-03-06,26.2007
1996-03-07,26.3111
1996-03-08,26.3717
1996-03-09,26.3478
1996-03-10,26.3061
1996-03-11,26.3089
1996-03-12,26.4456
1996-03-13,26.4746
1996-03-14,26.4500
1996-03-15,26.4516
1996-03-16,26.5508
1996-03-17,26.6610
1996-03-18,26.7397
1996-03-19,26.6886
1996-03-20,26.6153
1996-03-21,26.6081
1996-03-22,26.6771
1996-03-23,26.6962
1996-03-24,26.7068
1996-03-25,26.6638
1996-03-26,26.6044
1996-03-27,26.7189
1996-03-28,26.6769
1996-03-29,26.6339
1996-03-30,26.6093
1996-03-31,26.5862
1996-04-01,26.8260
1996-04-02,26.9633
1996-04-03,27.0308
1996-04-04,27.0671
1996-04-05,27.2116
1996-04-06,27.3191
1996-04-07,27.3893
1996-04-08,27.3819
1996-04-09,27.3436
1996-04-10,27.3172
1996-04-11,27.2611
1996-04-12,27.2345
1996-04-13,27.2628
1996-04-14,27.2122
1996-04-15,27.2392
1996-04-16,27.2496
1996-04-17,27.2421
1996-04-18,27.2158
1996-04-19,27.2450
1996-04-20,27.3735
1996-04-21,27.4297
1996-04-22,27.4573
1996-04-23,27.4042
1996-04-24,27.3823
1996-04-25,27.2769
1996-04-26,27.1781
1996-04-27,27.3179
1996-04-28,27.4979
1996-04-29,27.5010
1996-04-30,27.4852
1996-05-01,27.3804
1996-05-02,27.4863
1996-05-03,27.5252
1996-05-04,27.5429
1996-05-05,27.5024
1996-05-06,27.4338
1996-05-07,27.3976
1996-05-08,27.4419
1996-05-09,27.4409
1996-05-10,27.4471
1996-05-11,27.4661
1996-05-12,27.4142
1996-05-13,27.3189
1996-05-14,27.2339
1996-05-15,27.2580
1996-05-16,27.2382
1996-05-17,27.3471
1996-05-18,27.3197
1996-05-19,27.1972
1996-05-20,27.2055
1996-05-21,27.2180
1996-05-22,27.1689
1996-05-23,27.1440
1996-05-24,27.1618
1996-05-25,27.1648
1996-05-26,27.1952
1996-05-27,27.2412
1996-05-28,27.2838
1996-05-29,27.3778
1996-05-30,27.4183
1996-05-31,27.4184
1996-06-01,27.3951
1996-06-02,27.3763
1996-06-03,27.3662
1996-06-04,27.2813
1996-06-05,27.2676
1996-06-06,27.1549
1996-06-07,27.1511
1996-06-08,27.2614
1996-06-09,27.3158
1996-06-10,27.2713
1996-06-11,27.1981
1996-06-12,27.2342
1996-06-13,27.2128
1996-06-14,27.1123
1996-06-15,26.9898
1996-06-16,26.9903
1996-06-17,27.0066
1996-06-18,27.0455
1996-06-19,27.0902
1996-06-20,27.1075
1996-06-21,27.1514
1996-06-22,27.1101
1996-06-23,27.0537
1996-06-24,27.0703
1996-06-25,27.1466
1996-06-26,27.1854
1996-06-27,27.1548
1996-06-28,27.2293
1996-06-29,27.2788
1996-06-30,27.3775
1996-07-01,27.2753
1996-07-02,27.2389
1996-07-03,27.2600
1996-07-04,27.2307
1996-07-05,27.0977
1996-07-06,27.0370
1996-07-07,27.0349
1996-07-08,26.9649
1996-07-09,26.8656
1996-07-10,26.8952
1996-07-11,26.8595
1996-07-12,26.8224
1996-07-13,26.7714
1996-07-14,26.7303
1996-07-15,26.7324
1996-07-16,26.7257
1996-07-17,26.7189
1996-07-18,26.6882
1996-07-19,26.7325
1996-07-20,26.8561
1996-07-21,26.9091
1996-07-22,26.9709
1996-07-23,27.0224
1996-07-24,27.0061
1996-07-25,26.9121
1996-07-26,26.7740
1996-07-27,26.7192
1996-07-28,26.7282
1996-07-29,26.7242
1996-07-30,26.6487
1996-07-31,26.5031
1996-08-01,26.3618
1996-08-02,26.3461
1996-08-03,26.4353
1996-08-04,26.4246
1996-08-05,26.4526
1996-08-06,26.5901
1996-08-07,26.6319
1996-08-08,26.5748
1996-08-09,26.5013
1996-08-10,26.4396
1996-08-11,26.4141
1996-08-12,26.4721
1996-08-13,26.5325
1996-08-14,26.5403
1996-08-15,26.5976
1996-08-16,26.5953
1996-08-17,26.6117
1996-08-18,26.6379
1996-08-19,26.6090
1996-08-20,26.5605
1996-08-21,26.4619
1996-08-22,26.4594
1996-08-23,26.5211
1996-08-24,26.4766
1996-08-25,26.4562
1996-08-26,26.5367
1996-08-27,26.6397
1996-08-28,26.6376
1996-08-29,26.6095
1996-08-30,26.6193
1996-08-31,26.6330
1996-09-01,26.6540
1996-09-02,26.7152
1996-09-03,26.7666
1996-09-04,26.6526
1996-09-05,26.4832
1996-09-06,26.3472
1996-09-07,26.2264
1996-09-08,26.2222
1996-09-09,26.2138
1996-09-10,26.2354
1996-09-11,26.1522
1996-09-12,26.2633
1996-09-13,26.2498
1996-09-14,26.3016
1996-09-15,26.3242
1996-09-16,26.3619
1996-09-17,26.4617
1996-09-18,26.4697
1996-09-19,26.4740
1996-09-20,26.4407
1996-09-21,26.3858
1996-09-22,26.3018
1996-09-23,26.1930
1996-09-24,26.1812
1996-09-25,26.2039
1996-09-26,26.2414
1996-09-27,26.2176
1996-09-28,26.2084
1996-09-29,26.2166
1996-09-30,26.1219
1996-10-01,26.0341
1996-10-02,25.9432
1996-10-03,25.8984
1996-10-04,25.9019
1996-10-05,25.9210
1996-10-06,25.9889
1996-10-07,26.0967
1996-10-08,26.1433
1996-10-09,26.1468
1996-10-10,26.1773
1996-10-11,26.1393
1996-10-12,26.0843
1996-10-13,26.0925
1996-10-14,26.0896
1996-10-15,26.1567
1996-10-16,26.2731
1996-10-17,26.3538
1996-10-18,26.3466
1996-10-19,26.2206
1996-10-20,26.0690
1996-10-21,25.9915
1996-10-22,25.9979
1996-10-23,26.0422
1996-10-24,26.1458
1996-10-25,26.3058
1996-10-26,26.3184
1996-10-27,26.2389
1996-10-28,26.1636
1996-10-29,26.1416
1996-10-30,26.1839
1996-10-31,26.2505
1996-11-01,26.3234
1996-11-02,26.3193
1996-11-03,26.1827
1996-11-04,26.0147
1996-11-05,26.0156
1996-11-06,26.0465
1996-11-07,26.0939
1996-11-08,26.0777
1996-11-09,26.0828
1996-11-10,26.0606
1996-11-11,26.3333
1996-11-12,26.5830
1996-11-13,26.6670
1996-11-14,26.6025
1996-11-15,26.6469
1996-11-16,26.5455
1996-11-17,26.6183
1996-11-18,26.6837
1996-11-19,26.6502
1996-11-20,26.4852
1996-11-21,26.3266
1996-11-22,26.2724
1996-11-23,26.2142
1996-11-24,26.1751
1996-11-25,26.0942
1996-11-26,26.1025
1996-11-27,26.3435
1996-11-28,26.3431
1996-11-29,26.2920
1996-11-30,26.2397
1996-12-01,26.3924
1996-12-02,26.5293
1996-12-03,26.5260
1996-12-04,26.4094
1996-12-05,26.2321
1996-12-06,26.1691
1996-12-07,26.1555
1996-12-08,26.0842
1996-12-09,26.0474
1996-12-10,25.9550
1996-12-11,25.9185
1996-12-12,25.8450
1996-12-13,25.9308
1996-12-14,25.9939
1996-12-15,25.9727
1996-12-16,25.9194
1996-12-17,25.9233
1996-12-18,25.8928
1996-12-19,25.8804
1996-12-20,25.7743
1996-12-21,25.8105
1996-12-22,25.8044
1996-12-23,25.7579
1996-12-24,25.7555
1996-12-25,25.6597
1996-12-26,25.5736
1996-12-27,25.5618
1996-12-28,25.6859
1996-12-29,25.8505
1996-12-30,25.8873
1996-12-31,25.8511
1997-01-01,25.7103
1997-01-02,25.6839
1997-01-03,25.4893
1997-01-04,25.4346
1997-01-05,25.5811
1997-01-06,25.7876
1997-01-07,25.8879
1997-01-08,25.9250
1997-01-09,26.0012
1997-01-10,25.9398
1997-01-11,25.8646
1997-01-12,25.7736
1997-01-13,25.7157
1997-01-14,25.7437
1997-01-15,25.6908
1997-01-16,25.5823
1997-01-17,25.5625
1997-01-18,25.6760
1997-01-19,25.7356
1997-01-20,25.8453
1997-01-21,25.8990
1997-01-22,25.9203
1997-01-23,25.9658
1997-01-24,25.9762
1997-01-25,26.0032
1997-01-26,26.1583
1997-01-27,26.2452
1997-01-28,26.3125
1997-01-29,26.2843
1997-01-30,26.2973
1997-01-31,26.2181
1997-02-01,26.1324
1997-02-02,26.0561
1997-02-03,26.0314
1997-02-04,26.1120
1997-02-05,26.1237
1997-02-06,26.1048
1997-02-07,26.1179
1997-02-08,26.2762
1997-02-09,26.3623
1997-02-10,26.3471
1997-02-11,26.2620
1997-02-12,26.1617
1997-02-13,26.0665
1997-02-14,26.1394
1997-02-15,26.3066
1997-02-16,26.4133
1997-02-17,26.4393
1997-02-18,26.4599
1997-02-19,26.4446
1997-02-20,26.3949
1997-02-21,26.3553
1997-02-22,26.3205
1997-02-23,26.3063
1997-02-24,26.3566
1997-02-25,26.3863
1997-02-26,26.4518
1997-02-27,26.5440
1997-02-28,26.6146
1997-03-01,26.5709
1997-03-02,26.3958
1997-03-03,26.2724
1997-03-04,26.2083
1997-03-05,26.2235
1997-03-06,26.2220
1997-03-07,26.2117
1997-03-08,26.2177
1997-03-09,26.2683
1997-03-10,26.3485
1997-03-11,26.4034
1997-03-12,26.4937
1997-03-13,26.5441
1997-03-14,26.5408
1997-03-15,26.4837
1997-03-16,26.6510
1997-03-17,26.9100
1997-03-18,27.0122
1997-03-19,27.1862
1997-03-20,27.3457
1997-03-21,27.4330
1997-03-22,27.5275
1997-03-23,27.4881
1997-03-24,27.4312
1997-03-25,27.4528
1997-03-26,27.3664
1997-03-27,27.2682
1997-03-28,27.2096
1997-03-29,27.2119
1997-03-30,27.2816
1997-03-31,27.3575
1997-04-01,27.3255
1997-04-02,27.1934
1997-04-03,27.0592
1997-04-04,27.0751
1997-04-05,27.2068
1997-04-06,27.2488
1997-04-07,27.3051
1997-04-08,27.4267
1997-04-09,27.5117
1997-04-10,27.4888
1997-04-11,27.4919
1997-04-12,27.5166
1997-04-13,27.5038
1997-04-14,27.4325
1997-04-15,27.5326
1997-04-16,27.6574
1997-04-17,27.7251
1997-04-18,27.7983
1997-04-19,27.8711
1997-04-20,27.8195
1997-04-21,27.8296
1997-04-22,27.8212
1997-04-23,27.9683
1997-04-24,28.0681
1997-04-25,28.1299
1997-04-26,28.1315
1997-04-27,28.1385
1997-04-28,28.1808
1997-04-29,28.1839
1997-04-30,28.2052
1997-05-01,28.1280
1997-05-02,28.0688
1997-05-03,28.0296
1997-05-04,28.0426
1997-05-05,28.1137
1997-05-06,28.1873
1997-05-07,28.1131
1997-05-08,28.0712
1997-05-09,28.2556
1997-05-10,28.5926
1997-05-11,28.5399
1997-05-12,28.3734
1997-05-13,28.2550
1997-05-14,28.1355
1997-05-15,28.0877
1997-05-16,28.0426
1997-05-17,28.0900
1997-05-18,28.1514
1997-05-19,28.1393
1997-05-20,28.1024
1997-05-21,28.1981
1997-05-22,28.2481
1997-05-23,28.2543
1997-05-24,28.3735
1997-05-25,28.4357
1997-05-26,28.3502
1997-05-27,28.4299
1997-05-28,28.6198
1997-05-29,28.7081
1997-05-30,28.6742
1997-05-31,28.5910
1997-06-01,28.5076
1997-06-02,28.6030
1997-06-03,28.6906
1997-06-04,28.7559
1997-06-05,28.7145
1997-06-06,28.6164
1997-06-07,28.5668
1997-06-08,28.5015
1997-06-09,28.3468
1997-06-10,28.3116
1997-06-11,28.3245
1997-06-12,28.3539
1997-06-13,28.4653
1997-06-14,28.5880
1997-06-15,28.6582
1997-06-16,28.6698
1997-06-17,28.6091
1997-06-18,28.4860
1997-06-19,28.5062
1997-06-20,28.4940
1997-06-21,28.4181
1997-06-22,28.3946
1997-06-23,28.4447
1997-06-24,28.6552
1997-06-25,28.6472
1997-06-26,28.6056
1997-06-27,28.6127
1997-06-28,28.5347
1997-06-29,28.4496
1997-06-30,28.4279
1997-07-01,28.4274
1997-07-02,28.4411
1997-07-03,28.4084
1997-07-04,28.4018
1997-07-05,28.3991
1997-07-06,28.4333
1997-07-07,28.4852
1997-07-08,28.5597
1997-07-09,28.5979
1997-07-10,28.7554
1997-07-11,28.8330
1997-07-12,28.7952
1997-07-13,28.7174
1997-07-14,28.6972
1997-07-15,28.6380
1997-07-16,28.6033
1997-07-17,28.6568
1997-07-18,28.6673
1997-07-19,28.5363
1997-07-20,28.5350
1997-07-21,28.6314
1997-07-22,28.4863
1997-07-23,28.5302
1997-07-24,28.6265
1997-07-25,28.7172
1997-07-26,28.8793
1997-07-27,28.7613
1997-07-28,28.5587
1997-07-29,28.5114
1997-07-30,28.4664
1997-07-31,28.3376
1997-08-01,28.2355
1997-08-02,28.3679
1997-08-03,28.4783
1997-08-04,28.5390
1997-08-05,28.6462
1997-08-06,28.5761
1997-08-07,28.5591
1997-08-08,28.5428
1997-08-09,28.4965
1997-08-10,28.4930
1997-08-11,28.4369
1997-08-12,28.6221
1997-08-13,28.6507
1997-08-14,28.6229
1997-08-15,28.5687
1997-08-16,28.6028
1997-08-17,28.5924
1997-08-18,28.6019
1997-08-19,28.5837
1997-08-20,28.5871
1997-08-21,28.5742
1997-08-22,28.6735
1997-08-23,28.7398
1997-08-24,28.7102
1997-08-25,28.6212
1997-08-26,28.5606
1997-08-27,28.5565
1997-08-28,28.6495
1997-08-29,28.7137
1997-08-30,28.8494
1997-08-31,28.9028
1997-09-01,28.8361
1997-09-02,28.7835
1997-09-03,28.7754
1997-09-04,28.7748
1997-09-05,28.7275
1997-09-06,28.6562
1997-09-07,28.5923
1997-09-08,28.5077
1997-09-09,28.4514
1997-09-10,28.5151
1997-09-11,28.5426
1997-09-12,28.5376
1997-09-13,28.5303
1997-09-14,28.5753
1997-09-15,28.5602
1997-09-16,28.6129
1997-09-17,28.5627
1997-09-18,28.5680
1997-09-19,28.5678
1997-09-20,28.5177
1997-09-21,28.5022
1997-09-22,28.4194
1997-09-23,28.3789
1997-09-24,28.3868
1997-09-25,28.5678
1997-09-26,28.6663
1997-09-27,28.7495
1997-09-28,28.8163
1997-09-29,28.7528
1997-09-30,28.7018
1997-10-01,28.6280
1997-10-02,28.5826
1997-10-03,28.6190
1997-10-04,28.8146
1997-10-05,28.8675
1997-10-06,28.8659
1997-10-07,28.7481
1997-10-08,28.7129
1997-10-09,28.7043
1997-10-10,28.6573
1997-10-11,28.6513
1997-10-12,28.7696
1997-10-13,28.8551
1997-10-14,28.8653
1997-10-15,28.9214
1997-10-16,28.8526
1997-10-17,28.8383
1997-10-18,28.8482
1997-10-19,28.7999
1997-10-20,28.6877
1997-10-21,28.7661
1997-10-22,28.7814
1997-10-23,28.8073
1997-10-24,28.8151
1997-10-25,28.7783
1997-10-26,28.7314
1997-10-27,28.6630
1997-10-28,28.5598
1997-10-29,28.4900
1997-10-30,28.4868
1997-10-31,28.6620
1997-11-01,28.7610
1997-11-02,28.9582
1997-11-03,29.0266
1997-11-04,29.1109
1997-11-05,29.0802
1997-11-06,28.9659
1997-11-07,28.9110
1997-11-08,28.8528
1997-11-09,28.8540
1997-11-10,28.9723
1997-11-11,29.0359
1997-11-12,29.0361
1997-11-13,29.0279
1997-11-14,28.9823
1997-11-15,28.9090
1997-11-16,28.8154
1997-11-17,28.8581
1997-11-18,28.8629
1997-11-19,28.9500
1997-11-20,29.0270
1997-11-21,29.0504
1997-11-22,29.0659
1997-11-23,29.0942
1997-11-24,29.0829
1997-11-25,29.0219
1997-11-26,28.9232
1997-11-27,28.8483
1997-11-28,28.8130
1997-11-29,28.7850
1997-11-30,28.8151
1997-12-01,28.8794
1997-12-02,28.8666
1997-12-03,28.8953
1997-12-04,28.8096
1997-12-05,28.7474
1997-12-06,28.7332
1997-12-07,28.6449
1997-12-08,28.5672
1997-12-09,28.6412
1997-12-10,28.7142
1997-12-11,28.7403
1997-12-12,28.7773
1997-12-13,28.7879
1997-12-14,28.8505
1997-12-15,28.9037
1997-12-16,28.9206
1997-12-17,28.8838
1997-12-18,28.8202
1997-12-19,28.8435
1997-12-20,28.8538
1997-12-21,28.8193
1997-12-22,28.7986
1997-12-23,28.7231
1997-12-24,28.7150
1997-12-25,28.6868
1997-12-26,28.6474
1997-12-27,28.7632
1997-12-28,28.7550
1997-12-29,28.6247
1997-12-30,28.5486
1997-12-31,28.5349
1998-01-01,28.5469
1998-01-02,28.5281
1998-01-03,28.5364
1998-01-04,28.4972
1998-01-05,28.4535
1998-01-06,28.4521
1998-01-07,28.4896
1998-01-08,28.4830
1998-01-09,28.5972
1998-01-10,28.6730
1998-01-11,28.6468
1998-01-12,28.6055
1998-01-13,28.6568
1998-01-14,28.5993
1998-01-15,28.5217
1998-01-16,28.4824
1998-01-17,28.4640
1998-01-18,28.4607
1998-01-19,28.6074
1998-01-20,28.6764
1998-01-21,28.6838
1998-01-22,28.8568
1998-01-23,28.8048
1998-01-24,28.7370
1998-01-25,28.6174
1998-01-26,28.6390
1998-01-27,28.6458
1998-01-28,28.6882
1998-01-29,28.6597
1998-01-30,28.6914
1998-01-31,28.6624
1998-02-01,28.7149
1998-02-02,28.6786
1998-02-03,28.8119
1998-02-04,28.8851
1998-02-05,28.9627
1998-02-06,29.0217
1998-02-07,29.0281
1998-02-08,28.9247
1998-02-09,28.7556
1998-02-10,28.6409
1998-02-11,28.6201
1998-02-12,28.5301
1998-02-13,28.3821
1998-02-14,28.2064
1998-02-15,28.1179
1998-02-16,28.0945
1998-02-17,28.1602
1998-02-18,28.2362
1998-02-19,28.2896
1998-02-20,28.3392
1998-02-21,28.2976
1998-02-22,28.2640
1998-02-23,28.1626
1998-02-24,28.1088
1998-02-25,28.1261
1998-02-26,28.1578
1998-02-27,28.2002
1998-02-28,28.2397
1998-03-01,28.3237
1998-03-02,28.3292
1998-03-03,28.2889
1998-03-04,28.3732
1998-03-05,28.4327
1998-03-06,28.4304
1998-03-07,28.3822
1998-03-08,28.3410
1998-03-09,28.3229
1998-03-10,28.2244
1998-03-11,28.2158
1998-03-12,28.2426
1998-03-13,28.3028
1998-03-14,28.2948
1998-03-15,28.2414
1998-03-16,28.2775
1998-03-17,28.3036
1998-03-18,28.2620
1998-03-19,28.2628
1998-03-20,28.2783
1998-03-21,28.4060
1998-03-22,28.5345
1998-03-23,28.6030
1998-03-24,28.5682
1998-03-25,28.5866
1998-03-26,28.6364
1998-03-27,28.6265
1998-03-28,28.6253
1998-03-29,28.5931
1998-03-30,28.5407
1998-03-31,28.5326
1998-04-01,28.6095
1998-04-02,28.6406
1998-04-03,28.5525
1998-04-04,28.4292
1998-04-05,28.3799
1998-04-06,28.3108
1998-04-07,28.2602
1998-04-08,28.2559
1998-04-09,28.3142
1998-04-10,28.2997
1998-04-11,28.1988
1998-04-12,28.0975
1998-04-13,28.0523
1998-04-14,28.0917
1998-04-15,27.9808
1998-04-16,27.9865
1998-04-17,28.1069
1998-04-18,28.1456
1998-04-19,28.1565
1998-04-20,28.1745
1998-04-21,28.2568
1998-04-22,28.3609
1998-04-23,28.3506
1998-04-24,28.2374
1998-04-25,28.2392
1998-04-26,28.2992
1998-04-27,28.3521
1998-04-28,28.4182
1998-04-29,28.4136
1998-04-30,28.4869
1998-05-01,28.5530
1998-05-02,28.4722
1998-05-03,28.6341
1998-05-04,28.7875
1998-05-05,28.8239
1998-05-06,28.7500
1998-05-07,28.7691
1998-05-08,28.7085
1998-05-09,28.6099
1998-05-10,28.5333
1998-05-11,28.4791
1998-05-12,28.5189
1998-05-13,28.4904
1998-05-14,28.4079
1998-05-15,28.3773
1998-05-16,28.3474
1998-05-17,28.3321
1998-05-18,28.3109
1998-05-19,28.2609
1998-05-20,28.2098
1998-05-21,28.1909
1998-05-22,28.2593
1998-05-23,28.2950
1998-05-24,28.2586
1998-05-25,28.1455
1998-05-26,27.9795
1998-05-27,27.8742
1998-05-28,27.7092
1998-05-29,27.5596
1998-05-30,27.4442
1998-05-31,27.3495
1998-06-01,27.2873
1998-06-02,27.2422
1998-06-03,27.1841
1998-06-04,27.1364
1998-06-05,27.0522
1998-06-06,26.8788
1998-06-07,26.6801
1998-06-08,26.6077
1998-06-09,26.5540
1998-06-10,26.5954
1998-06-11,26.6699
1998-06-12,26.9452
1998-06-13,27.1092
1998-06-14,27.0591
1998-06-15,27.0871
1998-06-16,27.1161
1998-06-17,27.0700
1998-06-18,27.0594
1998-06-19,26.9884
1998-06-20,26.8832
1998-06-21,26.8283
1998-06-22,26.7194
1998-06-23,26.6079
1998-06-24,26.6110
1998-06-25,26.5912
1998-06-26,26.4564
1998-06-27,26.4184
1998-06-28,26.3345
1998-06-29,26.2863
1998-06-30,26.2588
1998-07-01,26.2209
1998-07-02,26.2554
1998-07-03,26.3971
1998-07-04,26.4676
1998-07-05,26.4601
1998-07-06,26.4102
1998-07-07,26.4284
1998-07-08,26.4026
1998-07-09,26.2917
1998-07-10,26.1345
1998-07-11,26.0125
1998-07-12,25.9373
1998-07-13,25.9403
1998-07-14,25.9918
1998-07-15,26.0135
1998-07-16,25.9938
1998-07-17,25.9919
1998-07-18,25.9360
1998-07-19,25.9584
1998-07-20,25.9535
1998-07-21,25.9191
1998-07-22,25.8842
1998-07-23,25.7837
1998-07-24,25.6392
1998-07-25,25.5837
1998-07-26,25.5601
1998-07-27,25.4059
1998-07-28,25.4548
1998-07-29,25.5894
1998-07-30,25.6580
1998-07-31,25.6678
1998-08-01,25.6990
1998-08-02,25.7476
1998-08-03,25.8260
1998-08-04,25.7822
1998-08-05,25.5841
1998-08-06,25.4514
1998-08-07,25.4018
1998-08-08,25.3704
1998-08-09,25.3399
1998-08-10,25.3550
1998-08-11,25.4246
1998-08-12,25.5986
1998-08-13,25.7322
1998-08-14,25.7769
1998-08-15,25.7020
1998-08-16,25.5184
1998-08-17,25.3828
1998-08-18,25.2102
1998-08-19,25.0581
1998-08-20,25.0082
1998-08-21,25.0837
1998-08-22,25.3818
1998-08-23,25.6873
1998-08-24,25.8173
1998-08-25,25.8104
1998-08-26,25.7861
1998-08-27,25.7118
1998-08-28,25.5918
1998-08-29,25.5373
1998-08-30,25.5041
1998-08-31,25.5509
1998-09-01,25.7037
1998-09-02,25.7962
1998-09-03,25.9293
1998-09-04,26.0360
1998-09-05,26.1131
1998-09-06,26.1095
1998-09-07,26.1004
1998-09-08,26.0845
1998-09-09,26.0121
1998-09-10,25.8872
1998-09-11,25.7944
1998-09-12,25.7194
1998-09-13,25.6282
1998-09-14,25.6636
1998-09-15,25.6659
1998-09-16,25.6243
1998-09-17,25.5777
1998-09-18,25.5270
1998-09-19,25.4032
1998-09-20,25.3079
1998-09-21,25.2955
1998-09-22,25.2559
1998-09-23,25.2050
1998-09-24,25.2371
1998-09-25,25.2901
1998-09-26,25.2550
1998-09-27,25.2249
1998-09-28,25.1906
1998-09-29,25.2080
1998-09-30,25.1869
1998-10-01,25.1361
1998-10-02,25.0716
1998-10-03,25.0972
1998-10-04,25.1722
1998-10-05,25.2025
1998-10-06,25.2352
1998-10-07,25.2607
1998-10-08,25.2536
1998-10-09,25.3135
1998-10-10,25.3174
1998-10-11,25.4206
1998-10-12,25.4416
1998-10-13,25.3461
1998-10-14,25.3069
1998-10-15,25.3197
1998-10-16,25.2900
1998-10-17,25.2882
1998-10-18,25.2709
1998-10-19,25.3087
1998-10-20,25.3621
1998-10-21,25.3592
1998-10-22,25.3319
1998-10-23,25.2789
1998-10-24,25.2684
1998-10-25,25.2775
1998-10-26,25.3782
1998-10-27,25.3838
1998-10-28,25.2907
1998-10-29,25.2760
1998-10-30,25.3817
1998-10-31,25.4361
1998-11-01,25.4283
1998-11-02,25.5241
1998-11-03,25.5604
1998-11-04,25.5549
1998-11-05,25.5418
1998-11-06,25.5743
1998-11-07,25.5015
1998-11-08,25.5389
1998-11-09,25.4708
1998-11-10,25.3727
1998-11-11,25.2879
1998-11-12,25.2255
1998-11-13,25.1954
1998-11-14,25.2181
1998-11-15,25.2479
1998-11-16,25.2720
1998-11-17,25.3595
1998-11-18,25.3743
1998-11-19,25.4061
1998-11-20,25.3678
1998-11-21,25.3527
1998-11-22,25.2788
1998-11-23,25.2620
1998-11-24,25.2549
1998-11-25,25.2336
1998-11-26,25.2767
1998-11-27,25.3416
1998-11-28,25.3644
1998-11-29,25.2698
1998-11-30,25.2867
1998-12-01,25.3254
1998-12-02,25.2958
1998-12-03,25.1728
1998-12-04,25.0995
1998-12-05,24.9392
1998-12-06,24.8765
1998-12-07,24.9339
1998-12-08,24.9328
1998-12-09,24.8971
1998-12-10,24.8220
1998-12-11,24.7430
1998-12-12,24.6346
1998-12-13,24.6203
1998-12-14,24.7858
1998-12-15,24.8652
1998-12-16,24.8746
1998-12-17,24.8185
1998-12-18,24.6902
1998-12-19,24.6575
1998-12-20,24.5522
1998-12-21,24.4952
1998-12-22,24.5441
1998-12-23,24.5667
1998-12-24,24.5937
1998-12-25,24.6228
1998-12-26,24.7035
1998-12-27,24.7034
1998-12-28,24.5716
1998-12-29,24.4910
1998-12-30,24.4782
1998-12-31,24.4883
1999-01-01,24.5444
1999-01-02,24.6333
1999-01-03,24.6570
1999-01-04,24.5971
1999-01-05,24.5262
1999-01-06,24.4792
1999-01-07,24.5015
1999-01-08,24.5250
1999-01-09,24.5715
1999-01-10,24.6378
1999-01-11,24.8075
1999-01-12,24.8428
1999-01-13,24.7636
1999-01-14,24.7919
1999-01-15,25.0303
1999-01-16,25.0059
1999-01-17,24.9691
1999-01-18,25.0179
1999-01-19,25.0553
1999-01-20,24.9912
1999-01-21,24.8812
1999-01-22,24.8495
1999-01-23,24.9264
1999-01-24,24.9975
1999-01-25,25.0323
1999-01-26,25.0682
1999-01-27,25.0395
1999-01-28,24.9923
1999-01-29,25.0552
1999-01-30,25.1984
1999-01-31,25.3433
1999-02-01,25.4162
1999-02-02,25.4474
1999-02-03,25.4363
1999-02-04,25.4261
1999-02-05,25.3731
1999-02-06,25.2787
1999-02-07,25.1314
1999-02-08,25.0786
1999-02-09,25.1429
1999-02-10,25.1023
1999-02-11,25.0664
1999-02-12,25.0811
1999-02-13,25.2008
1999-02-14,25.4581
1999-02-15,25.5947
1999-02-16,25.6680
1999-02-17,25.6277
1999-02-18,25.5684
1999-02-19,25.6386
1999-02-20,25.8161
1999-02-21,25.9198
1999-02-22,25.9166
1999-02-23,25.9817
1999-02-24,25.9828
1999-02-25,25.9164
1999-02-26,25.8472
1999-02-27,25.9043
1999-02-28,25.8982
1999-03-01,25.9319
1999-03-02,25.9511
1999-03-03,26.0600
1999-03-04,26.1561
1999-03-05,26.1556
1999-03-06,26.0893
1999-03-07,26.0832
1999-03-08,26.0579
1999-03-09,26.0350
1999-03-10,26.0899
1999-03-11,26.1182
1999-03-12,26.1663
1999-03-13,26.1614
1999-03-14,26.3487
1999-03-15,26.4110
1999-03-16,26.3895
1999-03-17,26.3843
1999-03-18,26.3658
1999-03-19,26.3883
1999-03-20,26.4358
1999-03-21,26.4265
1999-03-22,26.3861
1999-03-23,26.4095
1999-03-24,26.4391
1999-03-25,26.4783
1999-03-26,26.4586
1999-03-27,26.3946
1999-03-28,26.3394
1999-03-29,26.2831
1999-03-30,26.2727
1999-03-31,26.2773
1999-04-01,26.2871
1999-04-02,26.3317
1999-04-03,26.3264
1999-04-04,26.3536
1999-04-05,26.3868
1999-04-06,26.4716
1999-04-07,26.5385
1999-04-08,26.4778
1999-04-09,26.5642
1999-04-10,26.6609
1999-04-11,26.8045
1999-04-12,26.9163
1999-04-13,26.8498
1999-04-14,26.7797
1999-04-15,26.8020
1999-04-16,26.7974
1999-04-17,26.7837
1999-04-18,26.7662
1999-04-19,26.7155
1999-04-20,26.7638
1999-04-21,26.9133
1999-04-22,27.0599
1999-04-23,27.2046
1999-04-24,27.1818
1999-04-25,27.1299
1999-04-26,26.9759
1999-04-27,26.8962
1999-04-28,26.9163
1999-04-29,26.9367
1999-04-30,26.8960
1999-05-01,26.8927
1999-05-02,26.9623
1999-05-03,26.9576
1999-05-04,27.0373
1999-05-05,27.0912
1999-05-06,27.1604
1999-05-07,27.1162
1999-05-08,27.0332
1999-05-09,26.9414
1999-05-10,27.0242
1999-05-11,27.0554
1999-05-12,27.0292
1999-05-13,26.9523
1999-05-14,26.8694
1999-05-15,26.8774
1999-05-16,26.9062
1999-05-17,26.8667
1999-05-18,26.8061
1999-05-19,26.8464
1999-05-20,26.8344
1999-05-21,26.7885
1999-05-22,26.8482
1999-05-23,26.8130
1999-05-24,26.8101
1999-05-25,26.8131
1999-05-26,26.8498
1999-05-27,26.8499
1999-05-28,26.7324
1999-05-29,26.7220
1999-05-30,26.7286
1999-05-31,26.7073
1999-06-01,26.6768
1999-06-02,26.6240
1999-06-03,26.6052
1999-06-04,26.6121
1999-06-05,26.6134
1999-06-06,26.6112
1999-06-07,26.5803
1999-06-08,26.5469
1999-06-09,26.5134
1999-06-10,26.5406
1999-06-11,26.5998
1999-06-12,26.7036
1999-06-13,26.7801
1999-06-14,26.7706
1999-06-15,26.6888
1999-06-16,26.5932
1999-06-17,26.5744
1999-06-18,26.5203
1999-06-19,26.3720
1999-06-20,26.4363
1999-06-21,26.4635
1999-06-22,26.4307
1999-06-23,26.4282
1999-06-24,26.4458
1999-06-25,26.4771
1999-06-26,26.5226
1999-06-27,26.4992
1999-06-28,26.5186
1999-06-29,26.5618
1999-06-30,26.5805
1999-07-01,26.5768
1999-07-02,26.5635
1999-07-03,26.5156
1999-07-04,26.5359
1999-07-05,26.5088
1999-07-06,26.4742
1999-07-07,26.5273
1999-07-08,26.6002
1999-07-09,26.6086
1999-07-10,26.5843
1999-07-11,26.5248
1999-07-12,26.3340
1999-07-13,26.2451
1999-07-14,26.1118
1999-07-15,26.1087
1999-07-16,26.1867
1999-07-17,26.2980
1999-07-18,26.3329
1999-07-19,26.3319
1999-07-20,26.2407
1999-07-21,26.1248
1999-07-22,25.9391
1999-07-23,25.8312
1999-07-24,25.8316
1999-07-25,25.7529
1999-07-26,25.6588
1999-07-27,25.6754
1999-07-28,25.7773
1999-07-29,25.8539
1999-07-30,25.8898
1999-07-31,25.9795
1999-08-01,26.1512
1999-08-02,26.2061
1999-08-03,26.1244
1999-08-04,26.0403
1999-08-05,25.8956
1999-08-06,25.7841
1999-08-07,25.7870
1999-08-08,25.7602
1999-08-09,25.7022
1999-08-10,25.6889
1999-08-11,25.6888
1999-08-12,25.6452
1999-08-13,25.5414
1999-08-14,25.4892
1999-08-15,25.4807
1999-08-16,25.4949
1999-08-17,25.4685
1999-08-18,25.4730
1999-08-19,25.3695
1999-08-20,25.2847
1999-08-21,25.2094
1999-08-22,25.2916
1999-08-23,25.4314
1999-08-24,25.4599
1999-08-25,25.4727
1999-08-26,25.3949
1999-08-27,25.3448
1999-08-28,25.3803
1999-08-29,25.4010
1999-08-30,25.3976
1999-08-31,25.4089
1999-09-01,25.5241
1999-09-02,25.7219
1999-09-03,25.6899
1999-09-04,25.6987
1999-09-05,25.6838
1999-09-06,25.6255
1999-09-07,25.6254
1999-09-08,25.6510
1999-09-09,25.6823
1999-09-10,25.7044
1999-09-11,25.6911
1999-09-12,25.6306
1999-09-13,25.5622
1999-09-14,25.5504
1999-09-15,25.5591
1999-09-16,25.5541
1999-09-17,25.5192
1999-09-18,25.5888
1999-09-19,25.6252
1999-09-20,25.6961
1999-09-21,25.7090
1999-09-22,25.6911
1999-09-23,25.6840
1999-09-24,25.7538
1999-09-25,25.7800
1999-09-26,25.7567
1999-09-27,25.7893
1999-09-28,25.8168
1999-09-29,25.7390
1999-09-30,25.6082
1999-10-01,25.5717
1999-10-02,25.5422
1999-10-03,25.6210
1999-10-04,25.6844
1999-10-05,25.7336
1999-10-06,25.7219
1999-10-07,25.6561
1999-10-08,25.7038
1999-10-09,25.6900
1999-10-10,25.6816
1999-10-11,25.6400
1999-10-12,25.6534
1999-10-13,25.7440
1999-10-14,25.7187
1999-10-15,25.7044
1999-10-16,25.6981
1999-10-17,25.6328
1999-10-18,25.5776
1999-10-19,25.4106
1999-10-20,25.3569
1999-10-21,25.2750
1999-10-22,25.3306
1999-10-23,25.2847
1999-10-24,25.2752
1999-10-25,25.3146
1999-10-26,25.3179
1999-10-27,25.3029
1999-10-28,25.2788
1999-10-29,25.1974
1999-10-30,25.0538
1999-10-31,25.0262
1999-11-01,25.1661
1999-11-02,25.2565
1999-11-03,25.2438
1999-11-04,25.2726
1999-11-05,25.3334
1999-11-06,25.3219
1999-11-07,25.3029
1999-11-08,25.3057
1999-11-09,25.3448
1999-11-10,25.3152
1999-11-11,25.3580
1999-11-12,25.3433
1999-11-13,25.3000
1999-11-14,25.3839
1999-11-15,25.3554
1999-11-16,25.2219
1999-11-17,25.1872
1999-11-18,25.1665
1999-11-19,25.0542
1999-11-20,24.9557
1999-11-21,24.9123
1999-11-22,24.8760
1999-11-23,24.7833
1999-11-24,24.6831
1999-11-25,24.6461
1999-11-26,24.6504
1999-11-27,24.6698
1999-11-28,24.7018
1999-11-29,24.7247
1999-11-30,24.6795
1999-12-01,24.6503
1999-12-02,24.6811
1999-12-03,24.8187
1999-12-04,24.9127
1999-12-05,24.9352
1999-12-06,24.9520
1999-12-07,25.0102
1999-12-08,24.9901
1999-12-09,25.0223
1999-12-10,25.0643
1999-12-11,24.9849
1999-12-12,24.9015
1999-12-13,24.8737
1999-12-14,24.9043
1999-12-15,24.8993
1999-12-16,24.8991
1999-12-17,24.8929
1999-12-18,24.9065
1999-12-19,24.9435
1999-12-20,24.9816
1999-12-21,25.0054
1999-12-22,25.0324
1999-12-23,25.0340
1999-12-24,24.9696
1999-12-25,24.9286
1999-12-26,24.9002
1999-12-27,24.8479
1999-12-28,24.7633
1999-12-29,24.6943
1999-12-30,24.6788
1999-12-31,24.6613
2000-01-01,24.6252
2000-01-02,24.5520
2000-01-03,24.5401
2000-01-04,24.5779
2000-01-05,24.6362
2000-01-06,24.7137
2000-01-07,24.7304
2000-01-08,24.7703
2000-01-09,24.7578
2000-01-10,24.7375
2000-01-11,24.6769
2000-01-12,24.5787
2000-01-13,24.5466
2000-01-14,24.5680
2000-01-15,24.6454
2000-01-16,24.5892
2000-01-17,24.7374
2000-01-18,24.8345
2000-01-19,24.8186
2000-01-20,24.8004
2000-01-21,24.8101
2000-01-22,24.7881
2000-01-23,24.6627
2000-01-24,24.6234
2000-01-25,24.7438
2000-01-26,24.7498
2000-01-27,24.6904
2000-01-28,24.6387
2000-01-29,24.6724
2000-01-30,24.7570
2000-01-31,24.7687
2000-02-01,24.8235
2000-02-02,24.8812
2000-02-03,25.0104
2000-02-04,25.0452
2000-02-05,25.0248
2000-02-06,25.0448
2000-02-07,25.1232
2000-02-08,25.1989
2000-02-09,25.2567
2000-02-10,25.2431
2000-02-11,25.2691
2000-02-12,25.2722
2000-02-13,25.2369
2000-02-14,25.2604
2000-02-15,25.2837
2000-02-16,25.2406
2000-02-17,25.1976
2000-02-18,25.1246
2000-02-19,25.0138
2000-02-20,24.9922
2000-02-21,25.0150
2000-02-22,25.0558
2000-02-23,25.0333
2000-02-24,25.0763
2000-02-25,25.0537
2000-02-26,25.0634
2000-02-27,25.1019
2000-02-28,25.1210
2000-02-29,25.1887
2000-03-01,25.3207
2000-03-02,25.3845
2000-03-03,25.4528
2000-03-04,25.6046
2000-03-05,25.6943
2000-03-06,25.7416
2000-03-07,25.7202
2000-03-08,25.7494
2000-03-09,25.8008
2000-03-10,25.8433
2000-03-11,25.8661
2000-03-12,25.9084
2000-03-13,25.9186
2000-03-14,25.9456
2000-03-15,25.9368
2000-03-16,25.8751
2000-03-17,25.8883
2000-03-18,26.0263
2000-03-19,26.1929
2000-03-20,26.2823
2000-03-21,26.3378
2000-03-22,26.3805
2000-03-23,26.3804
2000-03-24,26.3889
2000-03-25,26.3529
2000-03-26,26.3250
2000-03-27,26.3372
2000-03-28,26.4380
2000-03-29,26.5360
2000-03-30,26.6035
2000-03-31,26.6797
2000-04-01,26.7910
2000-04-02,26.8294
2000-04-03,26.7891
2000-04-04,26.7375
2000-04-05,26.7627
2000-04-06,26.8746
2000-04-07,26.9552
2000-04-08,26.9403
2000-04-09,26.8933
2000-04-10,26.8984
2000-04-11,26.9509
2000-04-12,26.9157
2000-04-13,26.8860
2000-04-14,26.8722
2000-04-15,26.7888
2000-04-16,26.8575
2000-04-17,26.8832
2000-04-18,26.8194
2000-04-19,26.7930
2000-04-20,26.8615
2000-04-21,26.8754
2000-04-22,26.8334
2000-04-23,26.8517
2000-04-24,26.9234
2000-04-25,27.0301
2000-04-26,27.0475
2000-04-27,26.9324
2000-04-28,26.8798
2000-04-29,26.8161
2000-04-30,26.6698
2000-05-01,26.5807
2000-05-02,26.5890
2000-05-03,26.6800
2000-05-04,26.7642
2000-05-05,26.7831
2000-05-06,26.8080
2000-05-07,26.8682
2000-05-08,26.8901
2000-05-09,26.9064
2000-05-10,26.8901
2000-05-11,26.8104
2000-05-12,26.7941
2000-05-13,26.8315
2000-05-14,26.9159
2000-05-15,27.0121
2000-05-16,27.0039
2000-05-17,26.9678
2000-05-18,26.8603
2000-05-19,26.7768
2000-05-20,26.7885
2000-05-21,26.8514
2000-05-22,26.9427
2000-05-23,26.9516
2000-05-24,27.0032
2000-05-25,26.9771
2000-05-26,26.9528
2000-05-27,26.9115
2000-05-28,26.9100
2000-05-29,26.9110
2000-05-30,26.9029
2000-05-31,26.8659
2000-06-01,26.7957
2000-06-02,26.7568
2000-06-03,26.7163
2000-06-04,26.6959
2000-06-05,26.8256
2000-06-06,26.9011
2000-06-07,26.9212
2000-06-08,26.9321
2000-06-09,27.0140
2000-06-10,27.0662
2000-06-11,27.0753
2000-06-12,27.1355
2000-06-13,27.1682
2000-06-14,27.1898
2000-06-15,27.2624
2000-06-16,27.3610
2000-06-17,27.3878
2000-06-18,27.2883
2000-06-19,27.2234
2000-06-20,27.1474
2000-06-21,27.0589
2000-06-22,26.9632
2000-06-23,26.9235
2000-06-24,26.8910
2000-06-25,26.8020
2000-06-26,26.7378
2000-06-27,26.6546
2000-06-28,26.7229
2000-06-29,26.7371
2000-06-30,26.6316
2000-07-01,26.6513
2000-07-02,26.7376
2000-07-03,26.6726
2000-07-04,26.6981
2000-07-05,26.7253
2000-07-06,26.6842
2000-07-07,26.6654
2000-07-08,26.5916
2000-07-09,26.4911
2000-07-10,26.4581
2000-07-11,26.5362
2000-07-12,26.5769
2000-07-13,26.5940
2000-07-14,26.6958
2000-07-15,26.8210
2000-07-16,26.7358
2000-07-17,26.6369
2000-07-18,26.5319
2000-07-19,26.4220
2000-07-20,26.3743
2000-07-21,26.2808
2000-07-22,26.2809
2000-07-23,26.2554
2000-07-24,26.1648
2000-07-25,26.2413
2000-07-26,26.3442
2000-07-27,26.4528
2000-07-28,26.4425
2000-07-29,26.4149
2000-07-30,26.4038
2000-07-31,26.4324
2000-08-01,26.5313
2000-08-02,26.5636
2000-08-03,26.6242
2000-08-04,26.6737
2000-08-05,26.6243
2000-08-06,26.4969
2000-08-07,26.4807
2000-08-08,26.4288
2000-08-09,26.4502
2000-08-10,26.4341
2000-08-11,26.4366
2000-08-12,26.3802
2000-08-13,26.3605
2000-08-14,26.4415
2000-08-15,26.4217
2000-08-16,26.3787
2000-08-17,26.3243
2000-08-18,26.2499
2000-08-19,26.1872
2000-08-20,26.1548
2000-08-21,26.1869
2000-08-22,26.2077
2000-08-23,26.1097
2000-08-24,26.0751
2000-08-25,26.1573
2000-08-26,26.2385
2000-08-27,26.2805
2000-08-28,26.2280
2000-08-29,26.1957
2000-08-30,26.2618
2000-08-31,26.3121
2000-09-01,26.3716
2000-09-02,26.3471
2000-09-03,26.3507
2000-09-04,26.3228
2000-09-05,26.3024
2000-09-06,26.1941
2000-09-07,26.1421
2000-09-08,26.1163
2000-09-09,26.0363
2000-09-10,26.0019
2000-09-11,25.9919
2000-09-12,25.8266
2000-09-13,25.8634
2000-09-14,26.0421
2000-09-15,26.1217
2000-09-16,26.1001
2000-09-17,26.0957
2000-09-18,26.1009
2000-09-19,26.1648
2000-09-20,26.1857
2000-09-21,26.1828
2000-09-22,26.2391
2000-09-23,26.1963
2000-09-24,26.1985
2000-09-25,26.2621
2000-09-26,26.3056
2000-09-27,26.2874
2000-09-28,26.2929
2000-09-29,26.3169
2000-09-30,26.2943
2000-10-01,26.2510
2000-10-02,26.2459
2000-10-03,26.1879
2000-10-04,26.1218
2000-10-05,25.9834
2000-10-06,25.8938
2000-10-07,25.9340
2000-10-08,26.0328
2000-10-09,26.0536
2000-10-10,26.1502
2000-10-11,26.1757
2000-10-12,26.1267
2000-10-13,26.0293
2000-10-14,25.9794
2000-10-15,25.8785
2000-10-16,25.8735
2000-10-17,25.9909
2000-10-18,26.1298
2000-10-19,26.1720
2000-10-20,26.1115
2000-10-21,25.9907
2000-10-22,25.8394
2000-10-23,25.6943
2000-10-24,25.6503
2000-10-25,25.7000
2000-10-26,25.8041
2000-10-27,25.8422
2000-10-28,25.9034
2000-10-29,25.9779
2000-10-30,25.9918
2000-10-31,25.8317
2000-11-01,25.7259
2000-11-02,25.6305
2000-11-03,25.5179
2000-11-04,25.5220
2000-11-05,25.6381
2000-11-06,25.6668
2000-11-07,25.7011
2000-11-08,25.7858
2000-11-09,25.9321
2000-11-10,25.9926
2000-11-11,25.9134
2000-11-12,25.9357
2000-11-13,25.9488
2000-11-14,25.8594
2000-11-15,25.8799
2000-11-16,25.9284
2000-11-17,25.9250
2000-11-18,25.9234
2000-11-19,25.9357
2000-11-20,25.9132
2000-11-21,25.9889
2000-11-22,25.9513
2000-11-23,25.9478
2000-11-24,25.9281
2000-11-25,25.8439
2000-11-26,25.7763
2000-11-27,25.7413
2000-11-28,25.8101
2000-11-29,25.8322
2000-11-30,25.8218
2000-12-01,25.7737
2000-12-02,25.7422
2000-12-03,25.6173
2000-12-04,25.5787
2000-12-05,25.5314
2000-12-06,25.4647
2000-12-07,25.4158
2000-12-08,25.4644
2000-12-09,25.4341
2000-12-10,25.3956
2000-12-11,25.5177
2000-12-12,25.6136
2000-12-13,25.6349
2000-12-14,25.6737
2000-12-15,25.6167
2000-12-16,25.5518
2000-12-17,25.5276
2000-12-18,25.4631
2000-12-19,25.4659
2000-12-20,25.3942
2000-12-21,25.4305
2000-12-22,25.4259
2000-12-23,25.4430
2000-12-24,25.5885
2000-12-25,25.6818
2000-12-26,25.6285
2000-12-27,25.4237
2000-12-28,25.2980
2000-12-29,25.2432
2000-12-30,25.2346
2000-12-31,25.1407
2001-01-01,25.2193
2001-01-02,25.4532
2001-01-03,25.5391
2001-01-04,25.4820
2001-01-05,25.4857
2001-01-06,25.4896
2001-01-07,25.5322
2001-01-08,25.4983
2001-01-09,25.4859
2001-01-10,25.4532
2001-01-11,25.4419
2001-01-12,25.5497
2001-01-13,25.6124
2001-01-14,25.6976
2001-01-15,25.7816
2001-01-16,25.8765
2001-01-17,25.9487
2001-01-18,25.8956
2001-01-19,25.8614
2001-01-20,25.8747
2001-01-21,25.9249
2001-01-22,25.9193
2001-01-23,25.8155
2001-01-24,25.7581
2001-01-25,25.7956
2001-01-26,25.8648
2001-01-27,25.8868
2001-01-28,25.9548
2001-01-29,26.0447
2001-01-30,26.0631
2001-01-31,25.9641
2001-02-01,25.9276
2001-02-02,25.9543
2001-02-03,25.9618
2001-02-04,25.9776
2001-02-05,25.9998
2001-02-06,25.9789
2001-02-07,25.9269
2001-02-08,25.8469
2001-02-09,25.7206
2001-02-10,25.7565
2001-02-11,25.7871
2001-02-12,25.8327
2001-02-13,25.9811
2001-02-14,26.0254
2001-02-15,26.1357
2001-02-16,26.1942
2001-02-17,26.2176
2001-02-18,26.1273
2001-02-19,26.1479
2001-02-20,26.2679
2001-02-21,26.2642
2001-02-22,26.2941
2001-02-23,26.3078
2001-02-24,26.2071
2001-02-25,26.3768
2001-02-26,26.4903
2001-02-27,26.5215
2001-02-28,26.4808
2001-03-01,26.4277
2001-03-02,26.4418
2001-03-03,26.5642
2001-03-04,26.7279
2001-03-05,26.7306
2001-03-06,26.7309
2001-03-07,26.7483
2001-03-08,26.6853
2001-03-09,26.6384
2001-03-10,26.5946
2001-03-11,26.6120
2001-03-12,26.6176
2001-03-13,26.7060
2001-03-14,26.8448
2001-03-15,26.8574
2001-03-16,26.8077
2001-03-17,26.8291
2001-03-18,26.8768
2001-03-19,26.8928
2001-03-20,26.9210
2001-03-21,26.9113
2001-03-22,26.9025
2001-03-23,26.9555
2001-03-24,26.9645
2001-03-25,26.9049
2001-03-26,26.9095
2001-03-27,27.0084
2001-03-28,27.0286
2001-03-29,27.0042
2001-03-30,26.9902
2001-03-31,26.9388
2001-04-01,26.8706
2001-04-02,26.9288
2001-04-03,26.9688
2001-04-04,27.1574
2001-04-05,27.2135
2001-04-06,27.2627
2001-04-07,27.2117
2001-04-08,27.1681
2001-04-09,27.1199
2001-04-10,27.0448
2001-04-11,27.1234
2001-04-12,27.2387
2001-04-13,27.2122
2001-04-14,27.1967
2001-04-15,27.3371
2001-04-16,27.3724
2001-04-17,27.3647
2001-04-18,27.4575
2001-04-19,27.4198
2001-04-20,27.3142
2001-04-21,27.2571
2001-04-22,27.1721
2001-04-23,27.1292
2001-04-24,27.1515
2001-04-25,27.2126
2001-04-26,27.1904
2001-04-27,27.1717
2001-04-28,27.2632
2001-04-29,27.2041
2001-04-30,27.1601
2001-05-01,27.1222
2001-05-02,27.1104
2001-05-03,27.1120
2001-05-04,27.2441
2001-05-05,27.2890
2001-05-06,27.3463
2001-05-07,27.2663
2001-05-08,27.2749
2001-05-09,27.3570
2001-05-10,27.4356
2001-05-11,27.4357
2001-05-12,27.4921
2001-05-13,27.5324
2001-05-14,27.5658
2001-05-15,27.4934
2001-05-16,27.4140
2001-05-17,27.3200
2001-05-18,27.3960
2001-05-19,27.4380
2001-05-20,27.4169
2001-05-21,27.4508
2001-05-22,27.5278
2001-05-23,27.4634
2001-05-24,27.3660
2001-05-25,27.2503
2001-05-26,27.2646
2001-05-27,27.3700
2001-05-28,27.4666
2001-05-29,27.4981
2001-05-30,27.4954
2001-05-31,27.4808
2001-06-01,27.4479
2001-06-02,27.3727
2001-06-03,27.3020
2001-06-04,27.3754
2001-06-05,27.4527
2001-06-06,27.4530
2001-06-07,27.4794
2001-06-08,27.5537
2001-06-09,27.6488
2001-06-10,27.6796
2001-06-11,27.5932
2001-06-12,27.5602
2001-06-13,27.5517
2001-06-14,27.5247
2001-06-15,27.4736
2001-06-16,27.4820
2001-06-17,27.5328
2001-06-18,27.5147
2001-06-19,27.5058
2001-06-20,27.5201
2001-06-21,27.6275
2001-06-22,27.5806
2001-06-23,27.5016
2001-06-24,27.5142
2001-06-25,27.5476
2001-06-26,27.5038
2001-06-27,27.6320
2001-06-28,27.6262
2001-06-29,27.5141
2001-06-30,27.3939
2001-07-01,27.2739
2001-07-02,27.2206
2001-07-03,27.2408
2001-07-04,27.2488
2001-07-05,27.1746
2001-07-06,27.1810
2001-07-07,27.2405
2001-07-08,27.2725
2001-07-09,27.1592
2001-07-10,27.0378
2001-07-11,27.0358
2001-07-12,27.0207
2001-07-13,26.9960
2001-07-14,27.0935
2001-07-15,27.1896
2001-07-16,27.2719
2001-07-17,27.2660
2001-07-18,27.3240
2001-07-19,27.3543
2001-07-20,27.2594
2001-07-21,27.1583
2001-07-22,27.0950
2001-07-23,27.1088
2001-07-24,27.1727
2001-07-25,27.1941
2001-07-26,27.1517
2001-07-27,27.0584
2001-07-28,27.0151
2001-07-29,26.9460
2001-07-30,26.9552
2001-07-31,27.0456
2001-08-01,27.1157
2001-08-02,27.0999
2001-08-03,27.0711
2001-08-04,27.1027
2001-08-05,27.0720
2001-08-06,27.0773
2001-08-07,27.0759
2001-08-08,27.0878
2001-08-09,27.0448
2001-08-10,26.9455
2001-08-11,27.0068
2001-08-12,26.9975
2001-08-13,26.8901
2001-08-14,26.8149
2001-08-15,26.7263
2001-08-16,26.6101
2001-08-17,26.4614
2001-08-18,26.3930
2001-08-19,26.4476
2001-08-20,26.6023
2001-08-21,26.7773
2001-08-22,26.8479
2001-08-23,26.8295
2001-08-24,26.7123
2001-08-25,26.5826
2001-08-26,26.4189
2001-08-27,26.3405
2001-08-28,26.3793
2001-08-29,26.3377
2001-08-30,26.2120
2001-08-31,26.2807
2001-09-01,26.4195
2001-09-02,26.4319
2001-09-03,26.4720
2001-09-04,26.4382
2001-09-05,26.5036
2001-09-06,26.4933
2001-09-07,26.4755
2001-09-08,26.5361
2001-09-09,26.5613
2001-09-10,26.6034
2001-09-11,26.5528
2001-09-12,26.4277
2001-09-13,26.3654
2001-09-14,26.4722
2001-09-15,26.5056
2001-09-16,26.4927
2001-09-17,26.5349
2001-09-18,26.5003
2001-09-19,26.4274
2001-09-20,26.3998
2001-09-21,26.3524
2001-09-22,26.4440
2001-09-23,26.4544
2001-09-24,26.4644
2001-09-25,26.5723
2001-09-26,26.6804
2001-09-27,26.7413
2001-09-28,26.7066
2001-09-29,26.6099
2001-09-30,26.5014
2001-10-01,26.3383
2001-10-02,26.3147
2001-10-03,26.3359
2001-10-04,26.4376
2001-10-05,26.4259
2001-10-06,26.4660
2001-10-07,26.4177
2001-10-08,26.3751
2001-10-09,26.4374
2001-10-10,26.4474
2001-10-11,26.4255
2001-10-12,26.3585
2001-10-13,26.4191
2001-10-14,26.4668
2001-10-15,26.3990
2001-10-16,26.2620
2001-10-17,26.2583
2001-10-18,26.3272
2001-10-19,26.5059
2001-10-20,26.5413
2001-10-21,26.5582
2001-10-22,26.4220
2001-10-23,26.4467
2001-10-24,26.3979
2001-10-25,26.4133
2001-10-26,26.4258
2001-10-27,26.4408
2001-10-28,26.6386
2001-10-29,26.7498
2001-10-30,26.6503
2001-10-31,26.6688
2001-11-01,26.7437
2001-11-02,26.6072
2001-11-03,26.4548
2001-11-04,26.3678
2001-11-05,26.5246
2001-11-06,26.6263
2001-11-07,26.6634
2001-11-08,26.6204
2001-11-09,26.5272
2001-11-10,26.4599
2001-11-11,26.3171
2001-11-12,26.2548
2001-11-13,26.2377
2001-11-14,26.1928
2001-11-15,26.1926
2001-11-16,26.2492
2001-11-17,26.2429
2001-11-18,26.1947
2001-11-19,26.0460
2001-11-20,26.0316
2001-11-21,26.0921
2001-11-22,26.0854
2001-11-23,25.9762
2001-11-24,25.9802
2001-11-25,25.9239
2001-11-26,26.0405
2001-11-27,26.1390
2001-11-28,26.0695
2001-11-29,26.0605
2001-11-30,26.0843
2001-12-01,26.2037
2001-12-02,26.1142
2001-12-03,26.0841
2001-12-04,25.9700
2001-12-05,26.0111
2001-12-06,26.0727
2001-12-07,26.1340
2001-12-08,26.0757
2001-12-09,26.0318
2001-12-10,26.0321
2001-12-11,25.9951
2001-12-12,25.9248
2001-12-13,25.8649
2001-12-14,25.8742
2001-12-15,25.8413
2001-12-16,25.8943
2001-12-17,25.9401
2001-12-18,25.9717
2001-12-19,26.1239
2001-12-20,26.2311
2001-12-21,26.2154
2001-12-22,26.1612
2001-12-23,26.1415
2001-12-24,26.1868
2001-12-25,26.1778
2001-12-26,26.0548
2001-12-27,25.8623
2001-12-28,25.9024
2001-12-29,26.0022
2001-12-30,26.0472
2001-12-31,26.1296
2002-01-01,26.2472
2002-01-02,26.2543
2002-01-03,26.3138
2002-01-04,26.3138
2002-01-05,26.2060
2002-01-06,26.1395
2002-01-07,26.1364
2002-01-08,26.2152
2002-01-09,26.2896
2002-01-10,26.2901
2002-01-11,26.2119
2002-01-12,26.2262
2002-01-13,26.2724
2002-01-14,26.3008
2002-01-15,26.3167
2002-01-16,26.2787
2002-01-17,26.3573
2002-01-18,26.4084
2002-01-19,26.5288
2002-01-20,26.5230
2002-01-21,26.4555
2002-01-22,26.3356
2002-01-23,26.1832
2002-01-24,26.0931
2002-01-25,26.1406
2002-01-26,26.2399
2002-01-27,26.3973
2002-01-28,26.4580
2002-01-29,26.4931
2002-01-30,26.5325
2002-01-31,26.5277
2002-02-01,26.4549
2002-02-02,26.6815
2002-02-03,26.7661
2002-02-04,26.7173
2002-02-05,26.6767
2002-02-06,26.7585
2002-02-07,26.8703
2002-02-08,26.8381
2002-02-09,26.8980
2002-02-10,26.8903
2002-02-11,26.9218
2002-02-12,26.8542
2002-02-13,26.8409
2002-02-14,26.7955
2002-02-15,26.6410
2002-02-16,26.5005
2002-02-17,26.3449
2002-02-18,26.3801
2002-02-19,26.4851
2002-02-20,26.5506
2002-02-21,26.5571
2002-02-22,26.4817
2002-02-23,26.4700
2002-02-24,26.6753
2002-02-25,26.9780
2002-02-26,27.1201
2002-02-27,27.1007
2002-02-28,27.0588
2002-03-01,27.0937
2002-03-02,27.0578
2002-03-03,27.1154
2002-03-04,27.1392
2002-03-05,27.0895
2002-03-06,27.0268
2002-03-07,27.0993
2002-03-08,27.1447
2002-03-09,27.2318
2002-03-10,27.2009
2002-03-11,27.0129
2002-03-12,26.8487
2002-03-13,26.8155
2002-03-14,26.8617
2002-03-15,26.9384
2002-03-16,27.0772
2002-03-17,27.1738
2002-03-18,27.2944
2002-03-19,27.3243
2002-03-20,27.3147
2002-03-21,27.2644
2002-03-22,27.1647
2002-03-23,27.0984
2002-03-24,27.0923
2002-03-25,27.1198
2002-03-26,27.1834
2002-03-27,27.2260
2002-03-28,27.2633
2002-03-29,27.1444
2002-03-30,27.1044
2002-03-31,27.3947
2002-04-01,27.5776
2002-04-02,27.6529
2002-04-03,27.6708
2002-04-04,27.7204
2002-04-05,27.7407
2002-04-06,27.7365
2002-04-07,27.7477
2002-04-08,27.8969
2002-04-09,27.9363
2002-04-10,27.8976
2002-04-11,27.9376
2002-04-12,27.9528
2002-04-13,27.9105
2002-04-14,27.9445
2002-04-15,27.8824
2002-04-16,27.8349
2002-04-17,27.6853
2002-04-18,27.5665
2002-04-19,27.5921
2002-04-20,27.6089
2002-04-21,27.8140
2002-04-22,27.9714
2002-04-23,28.0277
2002-04-24,27.9175
2002-04-25,27.7982
2002-04-26,27.7479
2002-04-27,27.8033
2002-04-28,27.8963
2002-04-29,27.9222
2002-04-30,27.9214
2002-05-01,28.0050
2002-05-02,28.0434
2002-05-03,28.0947
2002-05-04,27.9927
2002-05-05,27.8522
2002-05-06,27.8551
2002-05-07,27.8801
2002-05-08,27.8848
2002-05-09,27.8296
2002-05-10,27.9117
2002-05-11,27.9199
2002-05-12,27.8998
2002-05-13,27.8468
2002-05-14,27.8254
2002-05-15,27.7661
2002-05-16,27.8671
2002-05-17,28.0515
2002-05-18,28.1812
2002-05-19,28.2186
2002-05-20,28.1468
2002-05-21,28.1771
2002-05-22,28.2406
2002-05-23,28.3022
2002-05-24,28.2238
2002-05-25,28.1737
2002-05-26,28.1815
2002-05-27,28.2243
2002-05-28,28.3074
2002-05-29,28.2547
2002-05-30,28.2095
2002-05-31,28.3312
2002-06-01,28.5295
2002-06-02,28.5943
2002-06-03,28.6228
2002-06-04,28.6410
2002-06-05,28.5615
2002-06-06,28.5038
2002-06-07,28.5358
2002-06-08,28.6366
2002-06-09,28.6619
2002-06-10,28.6667
2002-06-11,28.5956
2002-06-12,28.4572
2002-06-13,28.3607
2002-06-14,28.2956
2002-06-15,28.2359
2002-06-16,28.2143
2002-06-17,28.1792
2002-06-18,28.1332
2002-06-19,28.1481
2002-06-20,28.1605
2002-06-21,28.1275
2002-06-22,28.1190
2002-06-23,28.1246
2002-06-24,28.2630
2002-06-25,28.1983
2002-06-26,28.0454
2002-06-27,27.9790
2002-06-28,27.8986
2002-06-29,27.7458
2002-06-30,27.7686
2002-07-01,27.7181
2002-07-02,27.8082
2002-07-03,27.9058
2002-07-04,27.9647
2002-07-05,27.9670
2002-07-06,27.9697
2002-07-07,27.9394
2002-07-08,27.8695
2002-07-09,27.8349
2002-07-10,27.8420
2002-07-11,27.8273
2002-07-12,27.8091
2002-07-13,27.8823
2002-07-14,27.9482
2002-07-15,27.9395
2002-07-16,27.9594
2002-07-17,27.9473
2002-07-18,27.9851
2002-07-19,27.9591
2002-07-20,27.9204
2002-07-21,27.8162
2002-07-22,27.7300
2002-07-23,27.7502
2002-07-24,27.7693
2002-07-25,27.7450
2002-07-26,27.7512
2002-07-27,27.8340
2002-07-28,27.8103
2002-07-29,27.7457
2002-07-30,27.7069
2002-07-31,27.8042
2002-08-01,27.8908
2002-08-02,27.8584
2002-08-03,27.7316
2002-08-04,27.6455
2002-08-05,27.6490
2002-08-06,27.6775
2002-08-07,27.6682
2002-08-08,27.6452
2002-08-09,27.6936
2002-08-10,27.6057
2002-08-11,27.5241
2002-08-12,27.4537
2002-08-13,27.3921
2002-08-14,27.3597
2002-08-15,27.4491
2002-08-16,27.4861
2002-08-17,27.4722
2002-08-18,27.3789
2002-08-19,27.3256
2002-08-20,27.4399
2002-08-21,27.5525
2002-08-22,27.5352
2002-08-23,27.4005
2002-08-24,27.4111
2002-08-25,27.3367
2002-08-26,27.3709
2002-08-27,27.4383
2002-08-28,27.5659
2002-08-29,27.5645
2002-08-30,27.5816
2002-08-31,27.6124
2002-09-01,27.5584
2002-09-02,27.4238
2002-09-03,27.2583
2002-09-04,27.1692
2002-09-05,27.1902
2002-09-06,27.2771
2002-09-07,27.2876
2002-09-08,27.3726
2002-09-09,27.4779
2002-09-10,27.4954
2002-09-11,27.5304
2002-09-12,27.5523
2002-09-13,27.4970
2002-09-14,27.5454
2002-09-15,27.6438
2002-09-16,27.6651
2002-09-17,27.6517
2002-09-18,27.6920
2002-09-19,27.7015
2002-09-20,27.7679
2002-09-21,27.7938
2002-09-22,27.8283
2002-09-23,27.8540
2002-09-24,27.7937
2002-09-25,27.6897
2002-09-26,27.7267
2002-09-27,27.7658
2002-09-28,27.7049
2002-09-29,27.6998
2002-09-30,27.8991
2002-10-01,27.9979
2002-10-02,28.0027
2002-10-03,27.9170
2002-10-04,27.8213
2002-10-05,27.6910
2002-10-06,27.6412
2002-10-07,27.4727
2002-10-08,27.2982
2002-10-09,27.3809
2002-10-10,27.6180
2002-10-11,27.8167
2002-10-12,27.8324
2002-10-13,27.7403
2002-10-14,27.6123
2002-10-15,27.5785
2002-10-16,27.5520
2002-10-17,27.4929
2002-10-18,27.4858
2002-10-19,27.5695
2002-10-20,27.7413
2002-10-21,27.7283
2002-10-22,27.6793
2002-10-23,27.7727
2002-10-24,27.8422
2002-10-25,27.9046
2002-10-26,28.0097
2002-10-27,28.1063
2002-10-28,28.0763
2002-10-29,28.0763
2002-10-30,28.1338
2002-10-31,28.2004
2002-11-01,28.2199
2002-11-02,28.1436
2002-11-03,28.0611
2002-11-04,27.9362
2002-11-05,27.7797
2002-11-06,27.6829
2002-11-07,27.8541
2002-11-08,28.0096
2002-11-09,28.1095
2002-11-10,28.2267
2002-11-11,28.2115
2002-11-12,28.0970
2002-11-13,27.9392
2002-11-14,27.8995
2002-11-15,27.9362
2002-11-16,27.9568
2002-11-17,28.0031
2002-11-18,28.0171
2002-11-19,27.9767
2002-11-20,27.9124
2002-11-21,27.9937
2002-11-22,28.0020
2002-11-23,28.0550
2002-11-24,28.0603
2002-11-25,28.0597
2002-11-26,28.0886
2002-11-27,28.2007
2002-11-28,28.1243
2002-11-29,28.0306
2002-11-30,27.9920
2002-12-01,27.9662
2002-12-02,27.9516
2002-12-03,27.9410
2002-12-04,27.9492
2002-12-05,28.0152
2002-12-06,27.9314
2002-12-07,27.9759
2002-12-08,28.0228
2002-12-09,28.0142
2002-12-10,27.9930
2002-12-11,27.9538
2002-12-12,27.8366
2002-12-13,27.8598
2002-12-14,28.0104
2002-12-15,27.9220
2002-12-16,27.8343
2002-12-17,27.9986
2002-12-18,27.9841
2002-12-19,27.9252
2002-12-20,27.9337
2002-12-21,27.8942
2002-12-22,27.9481
2002-12-23,27.9191
2002-12-24,27.8429
2002-12-25,27.8494
2002-12-26,27.8726
2002-12-27,27.8486
2002-12-28,27.8687
2002-12-29,27.8382
2002-12-30,27.7697
2002-12-31,27.7616
2003-01-01,27.7713
2003-01-02,27.7629
2003-01-03,27.7184
2003-01-04,27.6314
2003-01-05,27.6547
2003-01-06,27.7493
2003-01-07,27.7828
2003-01-08,27.7296
2003-01-09,27.6520
2003-01-10,27.5166
2003-01-11,27.3871
2003-01-12,27.3571
2003-01-13,27.3901
2003-01-14,27.4507
2003-01-15,27.4326
2003-01-16,27.4563
2003-01-17,27.4196
2003-01-18,27.3653
2003-01-19,27.3569
2003-01-20,27.3558
2003-01-21,27.2772
2003-01-22,27.2831
2003-01-23,27.2139
2003-01-24,27.0579
2003-01-25,27.1707
2003-01-26,27.1545
2003-01-27,27.0397
2003-01-28,26.9861
2003-01-29,27.0007
2003-01-30,27.0953
2003-01-31,27.1122
2003-02-01,27.0794
2003-02-02,26.9955
2003-02-03,26.9570
2003-02-04,26.8055
2003-02-05,26.7425
2003-02-06,26.7467
2003-02-07,26.9359
2003-02-08,26.9643
2003-02-09,27.0286
2003-02-10,27.1349
2003-02-11,27.2299
2003-02-12,27.2878
2003-02-13,27.3528
2003-02-14,27.3956
2003-02-15,27.4697
2003-02-16,27.5677
2003-02-17,27.5800
2003-02-18,27.6793
2003-02-19,27.6894
2003-02-20,27.6296
2003-02-21,27.5639
2003-02-22,27.5909
2003-02-23,27.6120
2003-02-24,27.5819
2003-02-25,27.5976
2003-02-26,27.6810
2003-02-27,27.6632
2003-02-28,27.7127
2003-03-01,27.8194
2003-03-02,27.8390
2003-03-03,27.8712
2003-03-04,27.7501
2003-03-05,27.6497
2003-03-06,27.5530
2003-03-07,27.4379
2003-03-08,27.4179
2003-03-09,27.4111
2003-03-10,27.4131
2003-03-11,27.4858
2003-03-12,27.6435
2003-03-13,27.7710
2003-03-14,27.8263
2003-03-15,27.9245
2003-03-16,27.9289
2003-03-17,27.9489
2003-03-18,27.8390
2003-03-19,27.7355
2003-03-20,27.6487
2003-03-21,27.6557
2003-03-22,27.7699
2003-03-23,27.8631
2003-03-24,27.9078
2003-03-25,27.8368
2003-03-26,27.7841
2003-03-27,27.7516
2003-03-28,27.6178
2003-03-29,27.5282
2003-03-30,27.4956
2003-03-31,27.4342
2003-04-01,27.4498
2003-04-02,27.4329
2003-04-03,27.4380
2003-04-04,27.4598
2003-04-05,27.4251
2003-04-06,27.5430
2003-04-07,27.6347
2003-04-08,27.6225
2003-04-09,27.6198
2003-04-10,27.5559
2003-04-11,27.5580
2003-04-12,27.5795
2003-04-13,27.7756
2003-04-14,27.8742
2003-04-15,27.8499
2003-04-16,27.7868
2003-04-17,27.7797
2003-04-18,27.7034
2003-04-19,27.6252
2003-04-20,27.6034
2003-04-21,27.6834
2003-04-22,27.6662
2003-04-23,27.6419
2003-04-24,27.6169
2003-04-25,27.6027
2003-04-26,27.5683
2003-04-27,27.7028
2003-04-28,27.6866
2003-04-29,27.6335
2003-04-30,27.5517
2003-05-01,27.5035
2003-05-02,27.4555
2003-05-03,27.3868
2003-05-04,27.2739
2003-05-05,27.2001
2003-05-06,27.2474
2003-05-07,27.2989
2003-05-08,27.2948
2003-05-09,27.3346
2003-05-10,27.3117
2003-05-11,27.2429
2003-05-12,27.1557
2003-05-13,27.1424
2003-05-14,27.1164
2003-05-15,27.1133
2003-05-16,27.0866
2003-05-17,27.0678
2003-05-18,27.0921
2003-05-19,27.0993
2003-05-20,27.0132
2003-05-21,27.0287
2003-05-22,27.0638
2003-05-23,27.1516
2003-05-24,27.2218
2003-05-25,27.2709
2003-05-26,27.2964
2003-05-27,27.2472
2003-05-28,27.2660
2003-05-29,27.2378
2003-05-30,27.2124
2003-05-31,27.2766
2003-06-01,27.2327
2003-06-02,27.1184
2003-06-03,27.0680
2003-06-04,27.1283
2003-06-05,27.1100
2003-06-06,27.0986
2003-06-07,27.1217
2003-06-08,27.2058
2003-06-09,27.2481
2003-06-10,27.3041
2003-06-11,27.3318
2003-06-12,27.3590
2003-06-13,27.2852
2003-06-14,27.2199
2003-06-15,27.2316
2003-06-16,27.2495
2003-06-17,27.3161
2003-06-18,27.4390
2003-06-19,27.6218
2003-06-20,27.6526
2003-06-21,27.5806
2003-06-22,27.4641
2003-06-23,27.3661
2003-06-24,27.2832
2003-06-25,27.2454
2003-06-26,27.3638
2003-06-27,27.4031
2003-06-28,27.4333
2003-06-29,27.4149
2003-06-30,27.4376
2003-07-01,27.4685
2003-07-02,27.4727
2003-07-03,27.4869
2003-07-04,27.4985
2003-07-05,27.4918
2003-07-06,27.4838
2003-07-07,27.4417
2003-07-08,27.3965
2003-07-09,27.3681
2003-07-10,27.3110
2003-07-11,27.1982
2003-07-12,27.1374
2003-07-13,27.0998
2003-07-14,27.2224
2003-07-15,27.2540
2003-07-16,27.3021
2003-07-17,27.3042
2003-07-18,27.2429
2003-07-19,27.1637
2003-07-20,27.0487
2003-07-21,27.0901
2003-07-22,27.1738
2003-07-23,27.2992
2003-07-24,27.3729
2003-07-25,27.3236
2003-07-26,27.2601
2003-07-27,27.1935
2003-07-28,27.1721
2003-07-29,27.2295
2003-07-30,27.2723
2003-07-31,27.2166
2003-08-01,27.1418
2003-08-02,27.1500
2003-08-03,26.9983
2003-08-04,26.8970
2003-08-05,26.8528
2003-08-06,26.9769
2003-08-07,27.0026
2003-08-08,26.9986
2003-08-09,27.0697
2003-08-10,27.0337
2003-08-11,26.9716
2003-08-12,26.9226
2003-08-13,26.9485
2003-08-14,27.0584
2003-08-15,27.0298
2003-08-16,26.9310
2003-08-17,26.7449
2003-08-18,26.7446
2003-08-19,26.7893
2003-08-20,26.7421
2003-08-21,26.6521
2003-08-22,26.5996
2003-08-23,26.5458
2003-08-24,26.4929
2003-08-25,26.5950
2003-08-26,26.6760
2003-08-27,26.7338
2003-08-28,26.7780
2003-08-29,26.8561
2003-08-30,26.9342
2003-08-31,27.0127
2003-09-01,27.0436
2003-09-02,27.0066
2003-09-03,26.9557
2003-09-04,26.9737
2003-09-05,26.9679
2003-09-06,27.0107
2003-09-07,27.0341
2003-09-08,27.0015
2003-09-09,26.9096
2003-09-10,26.8975
2003-09-11,26.8972
2003-09-12,26.8453
2003-09-13,26.6265
2003-09-14,26.5864
2003-09-15,26.6621
2003-09-16,26.6554
2003-09-17,26.6247
2003-09-18,26.6683
2003-09-19,26.7426
2003-09-20,26.8191
2003-09-21,26.7420
2003-09-22,26.7390
2003-09-23,26.8936
2003-09-24,26.9245
2003-09-25,27.0741
2003-09-26,27.1012
2003-09-27,27.1228
2003-09-28,27.1585
2003-09-29,27.1276
2003-09-30,27.1383
2003-10-01,27.1126
2003-10-02,27.1257
2003-10-03,27.2283
2003-10-04,27.3280
2003-10-05,27.4374
2003-10-06,27.5567
2003-10-07,27.5772
2003-10-08,27.4716
2003-10-09,27.3416
2003-10-10,27.1599
2003-10-11,27.0697
2003-10-12,27.0099
2003-10-13,27.0382
2003-10-14,27.0426
2003-10-15,26.9672
2003-10-16,26.9422
2003-10-17,26.9418
2003-10-18,26.8861
2003-10-19,26.8766
2003-10-20,26.9157
2003-10-21,26.9845
2003-10-22,27.1035
2003-10-23,27.1012
2003-10-24,27.0784
2003-10-25,27.0968
2003-10-26,27.1340
2003-10-27,27.1825
2003-10-28,27.1667
2003-10-29,27.1394
2003-10-30,27.0773
2003-10-31,27.0300
2003-11-01,26.9775
2003-11-02,26.8851
2003-11-03,26.8943
2003-11-04,26.9798
2003-11-05,27.0358
2003-11-06,27.0828
2003-11-07,27.0536
2003-11-08,26.9831
2003-11-09,26.9469
2003-11-10,26.8684
2003-11-11,26.7994
2003-11-12,26.6320
2003-11-13,26.5098
2003-11-14,26.7128
2003-11-15,26.7849
2003-11-16,26.8628
2003-11-17,26.9614
2003-11-18,27.0020
2003-11-19,27.0235
2003-11-20,26.9391
2003-11-21,26.9847
2003-11-22,27.0599
2003-11-23,27.1171
2003-11-24,27.1124
2003-11-25,27.0421
2003-11-26,27.0415
2003-11-27,27.0845
2003-11-28,27.1271
2003-11-29,27.2614
2003-11-30,27.3379
2003-12-01,27.3114
2003-12-02,27.1495
2003-12-03,27.0462
2003-12-04,26.9506
2003-12-05,26.9713
2003-12-06,26.9999
2003-12-07,26.9851
2003-12-08,27.0392
2003-12-09,27.0327
2003-12-10,27.0634
2003-12-11,27.1107
2003-12-12,27.0399
2003-12-13,26.9435
2003-12-14,26.9025
2003-12-15,26.8979
2003-12-16,26.9182
2003-12-17,26.8787
2003-12-18,26.8973
2003-12-19,26.9291
2003-12-20,26.9620
2003-12-21,26.9274
2003-12-22,26.8380
2003-12-23,26.7832
2003-12-24,26.7717
2003-12-25,26.6444
2003-12-26,26.5182
2003-12-27,26.6820
2003-12-28,26.9071
2003-12-29,26.8839
2003-12-30,26.8736
2003-12-31,26.8280
2004-01-01,26.8151
2004-01-02,26.6736
2004-01-03,26.4809
2004-01-04,26.3736
2004-01-05,26.4742
2004-01-06,26.4273
2004-01-07,26.3789
2004-01-08,26.4086
2004-01-09,26.3383
2004-01-10,26.2480
2004-01-11,26.3931
2004-01-12,26.4842
2004-01-13,26.7145
2004-01-14,26.8377
2004-01-15,26.9237
2004-01-16,26.9299
2004-01-17,26.7669
2004-01-18,26.6809
2004-01-19,26.7107
2004-01-20,26.8476
2004-01-21,26.7949
2004-01-22,26.8049
2004-01-23,26.9045
2004-01-24,26.9176
2004-01-25,26.9631
2004-01-26,26.9517
2004-01-27,26.9875
2004-01-28,26.9623
2004-01-29,26.9710
2004-01-30,26.9384
2004-01-31,26.8277
2004-02-01,26.8102
2004-02-02,26.8094
2004-02-03,26.8052
2004-02-04,26.7667
2004-02-05,26.8596
2004-02-06,26.9466
2004-02-07,26.9421
2004-02-08,26.9168
2004-02-09,26.9873
2004-02-10,26.9592
2004-02-11,26.8823
2004-02-12,26.9115
2004-02-13,26.8654
2004-02-14,26.8596
2004-02-15,26.8709
2004-02-16,26.8501
2004-02-17,26.8113
2004-02-18,26.8200
2004-02-19,26.8472
2004-02-20,26.7928
2004-02-21,26.7725
2004-02-22,26.6597
2004-02-23,26.6902
2004-02-24,26.7087
2004-02-25,26.7838
2004-02-26,26.8240
2004-02-27,26.8255
2004-02-28,26.8628
2004-02-29,26.8306
2004-03-01,26.7945
2004-03-02,26.8129
2004-03-03,26.8876
2004-03-04,26.8854
2004-03-05,26.9114
2004-03-06,26.8771
2004-03-07,26.8161
2004-03-08,26.8235
2004-03-09,26.8364
2004-03-10,26.7832
2004-03-11,26.7663
2004-03-12,26.8103
2004-03-13,26.9864
2004-03-14,27.1252
2004-03-15,27.1197
2004-03-16,27.0410
2004-03-17,27.0331
2004-03-18,27.0571
2004-03-19,27.0786
2004-03-20,27.0959
2004-03-21,27.1168
2004-03-22,26.9846
2004-03-23,26.8570
2004-03-24,26.8830
2004-03-25,27.0270
2004-03-26,27.0025
2004-03-27,27.0630
2004-03-28,27.1865
2004-03-29,27.2638
2004-03-30,27.2901
2004-03-31,27.3813
2004-04-01,27.3770
2004-04-02,27.3398
2004-04-03,27.4505
2004-04-04,27.5554
2004-04-05,27.7100
2004-04-06,27.7212
2004-04-07,27.6492
2004-04-08,27.6712
2004-04-09,27.6950
2004-04-10,27.6619
2004-04-11,27.6881
2004-04-12,27.7998
2004-04-13,27.8341
2004-04-14,27.8359
2004-04-15,27.7984
2004-04-16,27.7774
2004-04-17,27.7547
2004-04-18,27.7987
2004-04-19,27.8028
2004-04-20,27.7259
2004-04-21,27.6480
2004-04-22,27.6387
2004-04-23,27.7744
2004-04-24,27.8795
2004-04-25,27.9005
2004-04-26,27.8929
2004-04-27,27.8601
2004-04-28,27.8446
2004-04-29,27.8584
2004-04-30,27.7246
2004-05-01,27.7556
2004-05-02,27.7788
2004-05-03,27.7852
2004-05-04,27.7836
2004-05-05,27.7301
2004-05-06,27.7079
2004-05-07,27.7512
2004-05-08,27.8356
2004-05-09,27.8586
2004-05-10,27.8121
2004-05-11,27.8021
2004-05-12,27.7720
2004-05-13,27.6873
2004-05-14,27.6341
2004-05-15,27.7736
2004-05-16,27.9678
2004-05-17,28.0839
2004-05-18,28.1809
2004-05-19,28.1850
2004-05-20,28.1657
2004-05-21,28.0928
2004-05-22,28.0517
2004-05-23,28.0321
2004-05-24,27.9927
2004-05-25,28.0632
2004-05-26,28.1296
2004-05-27,28.1071
2004-05-28,28.0571
2004-05-29,27.9717
2004-05-30,27.9279
2004-05-31,27.9818
2004-06-01,28.0041
2004-06-02,27.9719
2004-06-03,27.9043
2004-06-04,27.9913
2004-06-05,28.0888
2004-06-06,28.0504
2004-06-07,28.0085
2004-06-08,27.9733
2004-06-09,27.9027
2004-06-10,27.9342
2004-06-11,27.9498
2004-06-12,27.8559
2004-06-13,27.7174
2004-06-14,27.6422
2004-06-15,27.5889
2004-06-16,27.5950
2004-06-17,27.6811
2004-06-18,27.6951
2004-06-19,27.6566
2004-06-20,27.5655
2004-06-21,27.5490
2004-06-22,27.4275
2004-06-23,27.3752
2004-06-24,27.2563
2004-06-25,27.1810
2004-06-26,27.2136
2004-06-27,27.2114
2004-06-28,27.2601
2004-06-29,27.2439
2004-06-30,27.2020
2004-07-01,27.2179
2004-07-02,27.3086
2004-07-03,27.3396
2004-07-04,27.5080
2004-07-05,27.6249
2004-07-06,27.6956
2004-07-07,27.7819
2004-07-08,27.8645
2004-07-09,27.8453
2004-07-10,27.8281
2004-07-11,27.7804
2004-07-12,27.7223
2004-07-13,27.7366
2004-07-14,27.7206
2004-07-15,27.7634
2004-07-16,27.8677
2004-07-17,27.8960
2004-07-18,27.7901
2004-07-19,27.7798
2004-07-20,27.7221
2004-07-21,27.7510
2004-07-22,27.7509
2004-07-23,27.7971
2004-07-24,27.8095
2004-07-25,27.8828
2004-07-26,27.9507
2004-07-27,27.9280
2004-07-28,27.9274
2004-07-29,27.8526
2004-07-30,27.7474
2004-07-31,27.6764
2004-08-01,27.5328
2004-08-02,27.6295
2004-08-03,27.6850
2004-08-04,27.7123
2004-08-05,27.6741
2004-08-06,27.6387
2004-08-07,27.6746
2004-08-08,27.6327
2004-08-09,27.5770
2004-08-10,27.5389
2004-08-11,27.5290
2004-08-12,27.4524
2004-08-13,27.4103
2004-08-14,27.4490
2004-08-15,27.4392
2004-08-16,27.3908
2004-08-17,27.2447
2004-08-18,27.2133
2004-08-19,27.2477
2004-08-20,27.2702
2004-08-21,27.3302
2004-08-22,27.2719
2004-08-23,27.3046
2004-08-24,27.4589
2004-08-25,27.4692
2004-08-26,27.4766
2004-08-27,27.4880
2004-08-28,27.5203
2004-08-29,27.5694
2004-08-30,27.5951
2004-08-31,27.5659
2004-09-01,27.5624
2004-09-02,27.5933
2004-09-03,27.5370
2004-09-04,27.4886
2004-09-05,27.5326
2004-09-06,27.5034
2004-09-07,27.5025
2004-09-08,27.4738
2004-09-09,27.3777
2004-09-10,27.3304
2004-09-11,27.2962
2004-09-12,27.2717
2004-09-13,27.2796
2004-09-14,27.2446
2004-09-15,27.2939
2004-09-16,27.2629
2004-09-17,27.1290
2004-09-18,27.1641
2004-09-19,27.3166
2004-09-20,27.4043
2004-09-21,27.4564
2004-09-22,27.4577
2004-09-23,27.4309
2004-09-24,27.4048
2004-09-25,27.3594
2004-09-26,27.3518
2004-09-27,27.3962
2004-09-28,27.3615
2004-09-29,27.2980
2004-09-30,27.2923
2004-10-01,27.2959
2004-10-02,27.2449
2004-10-03,27.1653
2004-10-04,27.1230
2004-10-05,27.1874
2004-10-06,27.1837
2004-10-07,27.0950
2004-10-08,27.1148
2004-10-09,27.1394
2004-10-10,27.2294
2004-10-11,27.2291
2004-10-12,27.2198
2004-10-13,27.1817
2004-10-14,27.1971
2004-10-15,27.2406
2004-10-16,27.3024
2004-10-17,27.3958
2004-10-18,27.4295
2004-10-19,27.4683
2004-10-20,27.5072
2004-10-21,27.5249
2004-10-22,27.5261
2004-10-23,27.5043
2004-10-24,27.5788
2004-10-25,27.5837
2004-10-26,27.5530
2004-10-27,27.5181
2004-10-28,27.4725
2004-10-29,27.4531
2004-10-30,27.5000
2004-10-31,27.4750
2004-11-01,27.3795
2004-11-02,27.3760
2004-11-03,27.3672
2004-11-04,27.3148
2004-11-05,27.2662
2004-11-06,27.3987
2004-11-07,27.4364
2004-11-08,27.3867
2004-11-09,27.2708
2004-11-10,27.2758
2004-11-11,27.3321
2004-11-12,27.4053
2004-11-13,27.4170
2004-11-14,27.4079
2004-11-15,27.4493
2004-11-16,27.4928
2004-11-17,27.5087
2004-11-18,27.4105
2004-11-19,27.2378
2004-11-20,27.2814
2004-11-21,27.4099
2004-11-22,27.4626
2004-11-23,27.3809
2004-11-24,27.2575
2004-11-25,27.2252
2004-11-26,27.2839
2004-11-27,27.2380
2004-11-28,27.2193
2004-11-29,27.1159
2004-11-30,27.1773
2004-12-01,27.2226
2004-12-02,27.2125
2004-12-03,27.1772
2004-12-04,27.2403
2004-12-05,27.3340
2004-12-06,27.4511
2004-12-07,27.4613
2004-12-08,27.3230
2004-12-09,27.2933
2004-12-10,27.3237
2004-12-11,27.3145
2004-12-12,27.2587
2004-12-13,27.2895
2004-12-14,27.2755
2004-12-15,27.3358
2004-12-16,27.2594
2004-12-17,27.1426
2004-12-18,26.9929
2004-12-19,27.0504
2004-12-20,27.0387
2004-12-21,27.0125
2004-12-22,27.0331
2004-12-23,27.1523
2004-12-24,27.2103
2004-12-25,27.2495
2004-12-26,27.2232
2004-12-27,27.1710
2004-12-28,27.1253
2004-12-29,27.0726
2004-12-30,27.1012
2004-12-31,27.0988
2005-01-01,27.1104
2005-01-02,27.1051
2005-01-03,27.1539
2005-01-04,27.1722
2005-01-05,27.2214
2005-01-06,27.1907
2005-01-07,27.0711
2005-01-08,26.9654
2005-01-09,27.1092
2005-01-10,27.1897
2005-01-11,27.2760
2005-01-12,27.2755
2005-01-13,27.1926
2005-01-14,27.0097
2005-01-15,26.9682
2005-01-16,27.0205
2005-01-17,27.0755
2005-01-18,27.0739
2005-01-19,27.1265
2005-01-20,27.1686
2005-01-21,27.1948
2005-01-22,27.2778
2005-01-23,27.2212
2005-01-24,27.1828
2005-01-25,27.1564
2005-01-26,27.2226
2005-01-27,27.1640
2005-01-28,27.0299
2005-01-29,26.8440
2005-01-30,26.7481
2005-01-31,26.7053
2005-02-01,26.8142
2005-02-02,26.8455
2005-02-03,26.7800
2005-02-04,26.7931
2005-02-05,26.8964
2005-02-06,26.9291
2005-02-07,26.8354
2005-02-08,26.8430
2005-02-09,26.8255
2005-02-10,26.9477
2005-02-11,27.1353
2005-02-12,27.1334
2005-02-13,27.0011
2005-02-14,26.9465
2005-02-15,27.0072
2005-02-16,27.0332
2005-02-17,26.9102
2005-02-18,26.8062
2005-02-19,26.9816
2005-02-20,27.0305
2005-02-21,27.0535
2005-02-22,26.9382
2005-02-23,26.8953
2005-02-24,26.8309
2005-02-25,26.7259
2005-02-26,26.6380
2005-02-27,26.6399
2005-02-28,26.7551
2005-03-01,26.8089
2005-03-02,26.8594
2005-03-03,26.9149
2005-03-04,26.9923
2005-03-05,27.1197
2005-03-06,27.2494
2005-03-07,27.2821
2005-03-08,27.2264
2005-03-09,27.1432
2005-03-10,27.2247
2005-03-11,27.3032
2005-03-12,27.3228
2005-03-13,27.3207
2005-03-14,27.4245
2005-03-15,27.5053
2005-03-16,27.5833
2005-03-17,27.6199
2005-03-18,27.5775
2005-03-19,27.6182
2005-03-20,27.6195
2005-03-21,27.5188
2005-03-22,27.5454
2005-03-23,27.5295
2005-03-24,27.5069
2005-03-25,27.6096
2005-03-26,27.7535
2005-03-27,27.9366
2005-03-28,28.0137
2005-03-29,27.9411
2005-03-30,27.8301
2005-03-31,27.8522
2005-04-01,27.9078
2005-04-02,27.8889
2005-04-03,27.7925
2005-04-04,27.7229
2005-04-05,27.6779
2005-04-06,27.6924
2005-04-07,27.6756
2005-04-08,27.7217
2005-04-09,27.6868
2005-04-10,27.6579
2005-04-11,27.7436
2005-04-12,27.6902
2005-04-13,27.6777
2005-04-14,27.6140
2005-04-15,27.7245
2005-04-16,27.8093
2005-04-17,27.7547
2005-04-18,27.8078
2005-04-19,27.8921
2005-04-20,27.9718
2005-04-21,28.0169
2005-04-22,28.0458
2005-04-23,28.1930
2005-04-24,28.2703
2005-04-25,28.2281
2005-04-26,28.2071
2005-04-27,28.2405
2005-04-28,28.3328
2005-04-29,28.2942
2005-04-30,28.2100
2005-05-01,28.1597
2005-05-02,28.0814
2005-05-03,28.0403
2005-05-04,28.0965
2005-05-05,28.1624
2005-05-06,28.1654
2005-05-07,28.1831
2005-05-08,28.1535
2005-05-09,28.1635
2005-05-10,28.1559
2005-05-11,28.1867
2005-05-12,28.1368
2005-05-13,28.2103
2005-05-14,28.2300
2005-05-15,28.2057
2005-05-16,28.1191
2005-05-17,28.0250
2005-05-18,28.0356
2005-05-19,27.9877
2005-05-20,27.9752
2005-05-21,27.9611
2005-05-22,28.0705
2005-05-23,28.1871
2005-05-24,28.1105
2005-05-25,28.0071
2005-05-26,27.9428
2005-05-27,27.9296
2005-05-28,27.9856
2005-05-29,27.9271
2005-05-30,27.7880
2005-05-31,27.7131
2005-06-01,27.7631
2005-06-02,27.9207
2005-06-03,27.9345
2005-06-04,27.9676
2005-06-05,28.0213
2005-06-06,28.0189
2005-06-07,28.0177
2005-06-08,28.0513
2005-06-09,28.0931
2005-06-10,28.0391
2005-06-11,28.0124
2005-06-12,28.0322
2005-06-13,28.0782
2005-06-14,27.9511
2005-06-15,27.8247
2005-06-16,27.9199
2005-06-17,27.9041
2005-06-18,27.7747
2005-06-19,27.6436
2005-06-20,27.8050
2005-06-21,27.8771
2005-06-22,27.8498
2005-06-23,27.8348
2005-06-24,27.8083
2005-06-25,27.7563
2005-06-26,27.6355
2005-06-27,27.6038
2005-06-28,27.6796
2005-06-29,27.6907
2005-06-30,27.6801
2005-07-01,27.6584
2005-07-02,27.6475
2005-07-03,27.6968
2005-07-04,27.6860
2005-07-05,27.6789
2005-07-06,27.6029
2005-07-07,27.4782
2005-07-08,27.4338
2005-07-09,27.3991
2005-07-10,27.4373
2005-07-11,27.4060
2005-07-12,27.3317
2005-07-13,27.3067
2005-07-14,27.3720
2005-07-15,27.4548
2005-07-16,27.4219
2005-07-17,27.3611
2005-07-18,27.3268
2005-07-19,27.3061
2005-07-20,27.2561
2005-07-21,27.2359
2005-07-22,27.2183
2005-07-23,27.1039
2005-07-24,27.0325
2005-07-25,27.0392
2005-07-26,27.0680
2005-07-27,27.0699
2005-07-28,26.9761
2005-07-29,26.9743
2005-07-30,26.9649
2005-07-31,26.9111
2005-08-01,26.8407
2005-08-02,26.8099
2005-08-03,26.8754
2005-08-04,26.8897
2005-08-05,26.8556
2005-08-06,26.9748
2005-08-07,26.9877
2005-08-08,26.9630
2005-08-09,26.9112
2005-08-10,26.9353
2005-08-11,27.0101
2005-08-12,27.0361
2005-08-13,27.0182
2005-08-14,26.9582
2005-08-15,26.9037
2005-08-16,26.9161
2005-08-17,26.9377
2005-08-18,26.8464
2005-08-19,26.7706
2005-08-20,26.7879
2005-08-21,26.8117
2005-08-22,26.7907
2005-08-23,26.8061
2005-08-24,26.7821
2005-08-25,26.8099
2005-08-26,26.8428
2005-08-27,26.9164
2005-08-28,26.9158
2005-08-29,26.9289
2005-08-30,26.8535
2005-08-31,26.7489
2005-09-01,26.6671
2005-09-02,26.5926
2005-09-03,26.4967
2005-09-04,26.4376
2005-09-05,26.4020
2005-09-06,26.4649
2005-09-07,26.4070
2005-09-08,26.2937
2005-09-09,26.3283
2005-09-10,26.3566
2005-09-11,26.4464
2005-09-12,26.5670
2005-09-13,26.5463
2005-09-14,26.4887
2005-09-15,26.4300
2005-09-16,26.3476
2005-09-17,26.4172
2005-09-18,26.5761
2005-09-19,26.6685
2005-09-20,26.7633
2005-09-21,26.7977
2005-09-22,26.8475
2005-09-23,26.8948
2005-09-24,26.8911
2005-09-25,26.8053
2005-09-26,26.6593
2005-09-27,26.5737
2005-09-28,26.7186
2005-09-29,26.7101
2005-09-30,26.6072
2005-10-01,26.6089
2005-10-02,26.5623
2005-10-03,26.6118
2005-10-04,26.6472
2005-10-05,26.7259
2005-10-06,26.6511
2005-10-07,26.6979
2005-10-08,26.7497
2005-10-09,26.7478
2005-10-10,26.7454
2005-10-11,26.7300
2005-10-12,26.6978
2005-10-13,26.6189
2005-10-14,26.5616
2005-10-15,26.6053
2005-10-16,26.6381
2005-10-17,26.5900
2005-10-18,26.6858
2005-10-19,26.7472
2005-10-20,26.7860
2005-10-21,26.8215
2005-10-22,26.7886
2005-10-23,26.6715
2005-10-24,26.5201
2005-10-25,26.5161
2005-10-26,26.5123
2005-10-27,26.5617
2005-10-28,26.5101
2005-10-29,26.3962
2005-10-30,26.3010
2005-10-31,26.3853
2005-11-01,26.4213
2005-11-02,26.4521
2005-11-03,26.3343
2005-11-04,26.2234
2005-11-05,26.2238
2005-11-06,26.2059
2005-11-07,26.1883
2005-11-08,26.1964
2005-11-09,26.2397
2005-11-10,26.2579
2005-11-11,26.2787
2005-11-12,26.2653
2005-11-13,26.2703
2005-11-14,26.2587
2005-11-15,26.3440
2005-11-16,26.3592
2005-11-17,26.3127
2005-11-18,26.2858
2005-11-19,26.3043
2005-11-20,26.2717
2005-11-21,26.2201
2005-11-22,26.2005
2005-11-23,26.1513
2005-11-24,26.1023
2005-11-25,26.0134
2005-11-26,25.9451
2005-11-27,25.9419
2005-11-28,25.9882
2005-11-29,25.9273
2005-11-30,25.8850
2005-12-01,25.8195
2005-12-02,25.8007
2005-12-03,25.7838
2005-12-04,25.7345
2005-12-05,25.7488
2005-12-06,25.7816
2005-12-07,25.9188
2005-12-08,25.9951
2005-12-09,26.0013
2005-12-10,25.9345
2005-12-11,25.7885
2005-12-12,25.7542
2005-12-13,25.8161
2005-12-14,25.8187
2005-12-15,25.8796
2005-12-16,25.8928
2005-12-17,25.8225
2005-12-18,25.8166
2005-12-19,25.7993
2005-12-20,25.7290
2005-12-21,25.6339
2005-12-22,25.6504
2005-12-23,25.7086
2005-12-24,25.7180
2005-12-25,25.7253
2005-12-26,25.7422
2005-12-27,25.7003
2005-12-28,25.5661
2005-12-29,25.4672
2005-12-30,25.3987
2005-12-31,25.3603
2006-01-01,25.4290
2006-01-02,25.5036
2006-01-03,25.5382
2006-01-04,25.5859
2006-01-05,25.6579
2006-01-06,25.6624
2006-01-07,25.6564
2006-01-08,25.6404
2006-01-09,25.6046
2006-01-10,25.5630
2006-01-11,25.4823
2006-01-12,25.3595
2006-01-13,25.3641
2006-01-14,25.4416
2006-01-15,25.3697
2006-01-16,25.3421
2006-01-17,25.4172
2006-01-18,25.4427
2006-01-19,25.3991
2006-01-20,25.3969
2006-01-21,25.4011
2006-01-22,25.4850
2006-01-23,25.6130
2006-01-24,25.6956
2006-01-25,25.7323
2006-01-26,25.7866
2006-01-27,25.7437
2006-01-28,25.6194
2006-01-29,25.5427
2006-01-30,25.6300
2006-01-31,25.7055
2006-02-01,25.6601
2006-02-02,25.5686
2006-02-03,25.5333
2006-02-04,25.5170
2006-02-05,25.5158
2006-02-06,25.5254
2006-02-07,25.5848
2006-02-08,25.7993
2006-02-09,25.8558
2006-02-10,25.8997
2006-02-11,25.9167
2006-02-12,26.0158
2006-02-13,25.9663
2006-02-14,25.8633
2006-02-15,25.8532
2006-02-16,25.8670
2006-02-17,25.9685
2006-02-18,26.0653
2006-02-19,26.1743
2006-02-20,26.2758
2006-02-21,26.3687
2006-02-22,26.4699
2006-02-23,26.4923
2006-02-24,26.4557
2006-02-25,26.3635
2006-02-26,26.3627
2006-02-27,26.3415
2006-02-28,26.1610
2006-03-01,25.9626
2006-03-02,26.0575
2006-03-03,26.2325
2006-03-04,26.1907
2006-03-05,26.1333
2006-03-06,26.1598
2006-03-07,26.2834
2006-03-08,26.3210
2006-03-09,26.3443
2006-03-10,26.3362
2006-03-11,26.4087
2006-03-12,26.4525
2006-03-13,26.4306
2006-03-14,26.4086
2006-03-15,26.4144
2006-03-16,26.5119
2006-03-17,26.5341
2006-03-18,26.5026
2006-03-19,26.5448
2006-03-20,26.5206
2006-03-21,26.5143
2006-03-22,26.5388
2006-03-23,26.5575
2006-03-24,26.6196
2006-03-25,26.6260
2006-03-26,26.7166
2006-03-27,26.8267
2006-03-28,26.9472
2006-03-29,26.9606
2006-03-30,26.9374
2006-03-31,26.9876
2006-04-01,27.1822
2006-04-02,27.2843
2006-04-03,27.3351
2006-04-04,27.4041
2006-04-05,27.4412
2006-04-06,27.4500
2006-04-07,27.4064
2006-04-08,27.4748
2006-04-09,27.6228
2006-04-10,27.6897
2006-04-11,27.7276
2006-04-12,27.6946
2006-04-13,27.5460
2006-04-14,27.5024
2006-04-15,27.4186
2006-04-16,27.4309
2006-04-17,27.4722
2006-04-18,27.3796
2006-04-19,27.2895
2006-04-20,27.2015
2006-04-21,27.2707
2006-04-22,27.3842
2006-04-23,27.5776
2006-04-24,27.5756
2006-04-25,27.6235
2006-04-26,27.5857
2006-04-27,27.6082
2006-04-28,27.6542
2006-04-29,27.7157
2006-04-30,27.6629
2006-05-01,27.6548
2006-05-02,27.6218
2006-05-03,27.5805
2006-05-04,27.6004
2006-05-05,27.6478
2006-05-06,27.6592
2006-05-07,27.6641
2006-05-08,27.6726
2006-05-09,27.6344
2006-05-10,27.6119
2006-05-11,27.6197
2006-05-12,27.6677
2006-05-13,27.7357
2006-05-14,27.9143
2006-05-15,27.9508
2006-05-16,28.0051
2006-05-17,28.0427
2006-05-18,27.9903
2006-05-19,27.9278
2006-05-20,27.9497
2006-05-21,27.9720
2006-05-22,27.9655
2006-05-23,27.9201
2006-05-24,27.8648
2006-05-25,27.7585
2006-05-26,27.6934
2006-05-27,27.7487
2006-05-28,27.6827
2006-05-29,27.7271
2006-05-30,27.8288
2006-05-31,27.9013
2006-06-01,27.9852
2006-06-02,28.0106
2006-06-03,27.8775
2006-06-04,27.8894
2006-06-05,27.9035
2006-06-06,27.9434
2006-06-07,27.9969
2006-06-08,28.0202
2006-06-09,28.0579
2006-06-10,28.1103
2006-06-11,28.0187
2006-06-12,27.9465
2006-06-13,27.9021
2006-06-14,27.7960
2006-06-15,27.7630
2006-06-16,27.7315
2006-06-17,27.7398
2006-06-18,27.7484
2006-06-19,27.7461
2006-06-20,27.7670
2006-06-21,27.6983
2006-06-22,27.6102
2006-06-23,27.6259
2006-06-24,27.6065
2006-06-25,27.4679
2006-06-26,27.4354
2006-06-27,27.4288
2006-06-28,27.4718
2006-06-29,27.3762
2006-06-30,27.2045
2006-07-01,27.2246
2006-07-02,27.3381
2006-07-03,27.3052
2006-07-04,27.2296
2006-07-05,27.1854
2006-07-06,27.2643
2006-07-07,27.3316
2006-07-08,27.2656
2006-07-09,27.2859
2006-07-10,27.3335
2006-07-11,27.3690
2006-07-12,27.2814
2006-07-13,27.1714
2006-07-14,27.1138
2006-07-15,27.1482
2006-07-16,27.1187
2006-07-17,27.1869
2006-07-18,27.2619
2006-07-19,27.2908
2006-07-20,27.2092
2006-07-21,27.1683
2006-07-22,27.1314
2006-07-23,27.1754
2006-07-24,27.2929
2006-07-25,27.2638
2006-07-26,27.2338
2006-07-27,27.2470
2006-07-28,27.2552
2006-07-29,27.2461
2006-07-30,27.2231
2006-07-31,27.2098
2006-08-01,27.1906
2006-08-02,27.1498
2006-08-03,27.1488
2006-08-04,27.1896
2006-08-05,27.1743
2006-08-06,27.1199
2006-08-07,27.1214
2006-08-08,27.1249
2006-08-09,27.0289
2006-08-10,26.9780
2006-08-11,26.9874
2006-08-12,27.1325
2006-08-13,27.1236
2006-08-14,27.1096
2006-08-15,27.2513
2006-08-16,27.2802
2006-08-17,27.2046
2006-08-18,27.2307
2006-08-19,27.1917
2006-08-20,27.2841
2006-08-21,27.3418
2006-08-22,27.3743
2006-08-23,27.3522
2006-08-24,27.2383
2006-08-25,27.1465
2006-08-26,27.1338
2006-08-27,27.1728
2006-08-28,27.2195
2006-08-29,27.3087
2006-08-30,27.3748
2006-08-31,27.3781
2006-09-01,27.3369
2006-09-02,27.2492
2006-09-03,27.2285
2006-09-04,27.2604
2006-09-05,27.2861
2006-09-06,27.2580
2006-09-07,27.2058
2006-09-08,27.1662
2006-09-09,27.2774
2006-09-10,27.2929
2006-09-11,27.2135
2006-09-12,27.1179
2006-09-13,27.1127
2006-09-14,27.1297
2006-09-15,27.1434
2006-09-16,27.1775
2006-09-17,27.2481
2006-09-18,27.3144
2006-09-19,27.3545
2006-09-20,27.2950
2006-09-21,27.2967
2006-09-22,27.3933
2006-09-23,27.4217
2006-09-24,27.3424
2006-09-25,27.2668
2006-09-26,27.2314
2006-09-27,27.2623
2006-09-28,27.2023
2006-09-29,27.1912
2006-09-30,27.1641
2006-10-01,27.1764
2006-10-02,27.0958
2006-10-03,26.9976
2006-10-04,27.0581
2006-10-05,26.9835
2006-10-06,26.9575
2006-10-07,26.9428
2006-10-08,27.0775
2006-10-09,27.2406
2006-10-10,27.4019
2006-10-11,27.4359
2006-10-12,27.4049
2006-10-13,27.4525
2006-10-14,27.5522
2006-10-15,27.5083
2006-10-16,27.4647
2006-10-17,27.3883
2006-10-18,27.2579
2006-10-19,27.2725
2006-10-20,27.3544
2006-10-21,27.4161
2006-10-22,27.4859
2006-10-23,27.5500
2006-10-24,27.5616
2006-10-25,27.4998
2006-10-26,27.5309
2006-10-27,27.5940
2006-10-28,27.6101
2006-10-29,27.6878
2006-10-30,27.6747
2006-10-31,27.5184
2006-11-01,27.4680
2006-11-02,27.4071
2006-11-03,27.3478
2006-11-04,27.2744
2006-11-05,27.3401
2006-11-06,27.4962
2006-11-07,27.5549
2006-11-08,27.4998
2006-11-09,27.5360
2006-11-10,27.5489
2006-11-11,27.5422
2006-11-12,27.6146
2006-11-13,27.7634
2006-11-14,27.8120
2006-11-15,27.8043
2006-11-16,27.7880
2006-11-17,27.8308
2006-11-18,27.7920
2006-11-19,27.6808
2006-11-20,27.5985
2006-11-21,27.6396
2006-11-22,27.7908
2006-11-23,27.8208
2006-11-24,27.6780
2006-11-25,27.6597
2006-11-26,27.7430
2006-11-27,27.7291
2006-11-28,27.6007
2006-11-29,27.6016
2006-11-30,27.6361
2006-12-01,27.5636
2006-12-02,27.6853
2006-12-03,27.7165
2006-12-04,27.7352
2006-12-05,27.7055
2006-12-06,27.7990
2006-12-07,27.7724
2006-12-08,27.6734
2006-12-09,27.7027
2006-12-10,27.7620
2006-12-11,27.7313
2006-12-12,27.7248
2006-12-13,27.7859
2006-12-14,27.7483
2006-12-15,27.7052
2006-12-16,27.7457
2006-12-17,27.7234
2006-12-18,27.6968
2006-12-19,27.7115
2006-12-20,27.7460
2006-12-21,27.7267
2006-12-22,27.7625
2006-12-23,27.7739
2006-12-24,27.7997
2006-12-25,27.8205
2006-12-26,27.7436
2006-12-27,27.6529
2006-12-28,27.6147
2006-12-29,27.6316
2006-12-30,27.5283
2006-12-31,27.4428
2007-01-01,27.4450
2007-01-02,27.4554
2007-01-03,27.4782
2007-01-04,27.5150
2007-01-05,27.5123
2007-01-06,27.4590
2007-01-07,27.4584
2007-01-08,27.4450
2007-01-09,27.4288
2007-01-10,27.3504
2007-01-11,27.3315
2007-01-12,27.3352
2007-01-13,27.3241
2007-01-14,27.3053
2007-01-15,27.3428
2007-01-16,27.3686
2007-01-17,27.2992
2007-01-18,27.2066
2007-01-19,27.1332
2007-01-20,27.0815
2007-01-21,27.0593
2007-01-22,26.9911
2007-01-23,26.9835
2007-01-24,27.0394
2007-01-25,27.1230
2007-01-26,27.1207
2007-01-27,27.1221
2007-01-28,27.1087
2007-01-29,27.1078
2007-01-30,27.0509
2007-01-31,27.0110
2007-02-01,26.9327
2007-02-02,26.9647
2007-02-03,26.9601
2007-02-04,26.9045
2007-02-05,26.9273
2007-02-06,26.9699
2007-02-07,26.9596
2007-02-08,26.9235
2007-02-09,26.8569
2007-02-10,26.8286
2007-02-11,26.8508
2007-02-12,26.8454
2007-02-13,26.7863
2007-02-14,26.7246
2007-02-15,26.6742
2007-02-16,26.6217
2007-02-17,26.5736
2007-02-18,26.6057
2007-02-19,26.6296
2007-02-20,26.5754
2007-02-21,26.5637
2007-02-22,26.5630
2007-02-23,26.6079
2007-02-24,26.6419
2007-02-25,26.6457
2007-02-26,26.6486
2007-02-27,26.6440
2007-02-28,26.6481
2007-03-01,26.7070
2007-03-02,26.8200
2007-03-03,26.8969
2007-03-04,26.9637
2007-03-05,26.9492
2007-03-06,26.9019
2007-03-07,26.9067
2007-03-08,26.9434
2007-03-09,26.9676
2007-03-10,26.9798
2007-03-11,26.9965
2007-03-12,27.0353
2007-03-13,27.0939
2007-03-14,27.1518
2007-03-15,27.2110
2007-03-16,27.2567
2007-03-17,27.2414
2007-03-18,27.2270
2007-03-19,27.1988
2007-03-20,27.1914
2007-03-21,27.2196
2007-03-22,27.2066
2007-03-23,27.1795
2007-03-24,27.1839
2007-03-25,27.1942
2007-03-26,27.1967
2007-03-27,27.1828
2007-03-28,27.2123
2007-03-29,27.2290
2007-03-30,27.2114
2007-03-31,27.1615
2007-04-01,27.1857
2007-04-02,27.2519
2007-04-03,27.3292
2007-04-04,27.4265
2007-04-05,27.5865
2007-04-06,27.8237
2007-04-07,27.9164
2007-04-08,27.9406
2007-04-09,27.9268
2007-04-10,27.9274
2007-04-11,27.8724
2007-04-12,27.8263
2007-04-13,27.8168
2007-04-14,27.7668
2007-04-15,27.7204
2007-04-16,27.7059
2007-04-17,27.7225
2007-04-18,27.7759
2007-04-19,27.7783
2007-04-20,27.7530
2007-04-21,27.7009
2007-04-22,27.6772
2007-04-23,27.6603
2007-04-24,27.6252
2007-04-25,27.5629
2007-04-26,27.5706
2007-04-27,27.5218
2007-04-28,27.4928
2007-04-29,27.4588
2007-04-30,27.4007
2007-05-01,27.2532
2007-05-02,27.2149
2007-05-03,27.1865
2007-05-04,27.2099
2007-05-05,27.2474
2007-05-06,27.2424
2007-05-07,27.2072
2007-05-08,27.2165
2007-05-09,27.2470
2007-05-10,27.2451
2007-05-11,27.2567
2007-05-12,27.2378
2007-05-13,27.1664
2007-05-14,27.1879
2007-05-15,27.2740
2007-05-16,27.3564
2007-05-17,27.3658
2007-05-18,27.3941
2007-05-19,27.4676
2007-05-20,27.5039
2007-05-21,27.5652
2007-05-22,27.5879
2007-05-23,27.6225
2007-05-24,27.6608
2007-05-25,27.6511
2007-05-26,27.6089
2007-05-27,27.6323
2007-05-28,27.6576
2007-05-29,27.6492
2007-05-30,27.6057
2007-05-31,27.5845
2007-06-01,27.5608
2007-06-02,27.5336
2007-06-03,27.5066
2007-06-04,27.4798
2007-06-05,27.4293
2007-06-06,27.4701
2007-06-07,27.5112
2007-06-08,27.5941
2007-06-09,27.6221
2007-06-10,27.6467
2007-06-11,27.6792
2007-06-12,27.7493
2007-06-13,27.8115
2007-06-14,27.8089
2007-06-15,27.7686
2007-06-16,27.7134
2007-06-17,27.6402
2007-06-18,27.5435
2007-06-19,27.4958
2007-06-20,27.4857
2007-06-21,27.5142
2007-06-22,27.5108
2007-06-23,27.5148
2007-06-24,27.4464
2007-06-25,27.3920
2007-06-26,27.3562
2007-06-27,27.3355
2007-06-28,27.2413
2007-06-29,27.2058
2007-06-30,27.1775
2007-07-01,27.0722
2007-07-02,26.9651
2007-07-03,26.8694
2007-07-04,26.7729
2007-07-05,26.7369
2007-07-06,26.8298
2007-07-07,26.8788
2007-07-08,26.8890
2007-07-09,26.8336
2007-07-10,26.7217
2007-07-11,26.6645
2007-07-12,26.6831
2007-07-13,26.7823
2007-07-14,26.8400
2007-07-15,26.9232
2007-07-16,27.0009
2007-07-17,27.0033
2007-07-18,26.9736
2007-07-19,26.9712
2007-07-20,26.9725
2007-07-21,26.9410
2007-07-22,26.9070
2007-07-23,26.9182
2007-07-24,26.8610
2007-07-25,26.7860
2007-07-26,26.7160
2007-07-27,26.5934
2007-07-28,26.5371
2007-07-29,26.4988
2007-07-30,26.4905
2007-07-31,26.4411
2007-08-01,26.3591
2007-08-02,26.3846
2007-08-03,26.4957
2007-08-04,26.5383
2007-08-05,26.4351
2007-08-06,26.3459
2007-08-07,26.2709
2007-08-08,26.2165
2007-08-09,26.2483
2007-08-10,26.3356
2007-08-11,26.3759
2007-08-12,26.3823
2007-08-13,26.3722
2007-08-14,26.3210
2007-08-15,26.3153
2007-08-16,26.2715
2007-08-17,26.2523
2007-08-18,26.2253
2007-08-19,26.2268
2007-08-20,26.2221
2007-08-21,26.1450
2007-08-22,26.0875
2007-08-23,26.0771
2007-08-24,26.0899
2007-08-25,26.0754
2007-08-26,26.0373
2007-08-27,25.9988
2007-08-28,26.0079
2007-08-29,26.0697
2007-08-30,26.0438
2007-08-31,26.0131
2007-09-01,25.9707
2007-09-02,25.9107
2007-09-03,25.8885
2007-09-04,25.9460
2007-09-05,25.9832
2007-09-06,26.0083
2007-09-07,25.9376
2007-09-08,25.8668
2007-09-09,25.8721
2007-09-10,25.8441
2007-09-11,25.8251
2007-09-12,25.8601
2007-09-13,25.9530
2007-09-14,26.0144
2007-09-15,26.0503
2007-09-16,26.0425
2007-09-17,26.0197
2007-09-18,25.9987
2007-09-19,25.9125
2007-09-20,25.8188
2007-09-21,25.7149
2007-09-22,25.6414
2007-09-23,25.6315
2007-09-24,25.6311
2007-09-25,25.6435
2007-09-26,25.5799
2007-09-27,25.4653
2007-09-28,25.3890
2007-09-29,25.3553
2007-09-30,25.2793
2007-10-01,25.2783
2007-10-02,25.2508
2007-10-03,25.2059
2007-10-04,25.1558
2007-10-05,25.1392
2007-10-06,25.1484
2007-10-07,25.1984
2007-10-08,25.2450
2007-10-09,25.3476
2007-10-10,25.3975
2007-10-11,25.3962
2007-10-12,25.3668
2007-10-13,25.3498
2007-10-14,25.3538
2007-10-15,25.3664
2007-10-16,25.4463
2007-10-17,25.5621
2007-10-18,25.6379
2007-10-19,25.6814
2007-10-20,25.6907
2007-10-21,25.7240
2007-10-22,25.7586
2007-10-23,25.7667
2007-10-24,25.7847
2007-10-25,25.7553
2007-10-26,25.6751
2007-10-27,25.6072
2007-10-28,25.5574
2007-10-29,25.5776
2007-10-30,25.6134
2007-10-31,25.5786
2007-11-01,25.5032
2007-11-02,25.4499
2007-11-03,25.3891
2007-11-04,25.2934
2007-11-05,25.1966
2007-11-06,25.2027
2007-11-07,25.2269
2007-11-08,25.2733
2007-11-09,25.2996
2007-11-10,25.3249
2007-11-11,25.3791
2007-11-12,25.3457
2007-11-13,25.2953
2007-11-14,25.2484
2007-11-15,25.2349
2007-11-16,25.1642
2007-11-17,25.1121
2007-11-18,25.0970
2007-11-19,25.1490
2007-11-20,25.2306
2007-11-21,25.2990
2007-11-22,25.3250
2007-11-23,25.3667
2007-11-24,25.4134
2007-11-25,25.4038
2007-11-26,25.3734
2007-11-27,25.3213
2007-11-28,25.2946
2007-11-29,25.3330
2007-11-30,25.3713
2007-12-01,25.4329
2007-12-02,25.4409
2007-12-03,25.4591
2007-12-04,25.4456
2007-12-05,25.4296
2007-12-06,25.4666
2007-12-07,25.4180
2007-12-08,25.3672
2007-12-09,25.3304
2007-12-10,25.2816
2007-12-11,25.2208
2007-12-12,25.1783
2007-12-13,25.2177
2007-12-14,25.2914
2007-12-15,25.3609
2007-12-16,25.3602
2007-12-17,25.3240
2007-12-18,25.3471
2007-12-19,25.3160
2007-12-20,25.3334
2007-12-21,25.3869
2007-12-22,25.4840
2007-12-23,25.5471
2007-12-24,25.5481
2007-12-25,25.5551
2007-12-26,25.5329
2007-12-27,25.4568
2007-12-28,25.3125
2007-12-29,25.2068
2007-12-30,25.1455
2007-12-31,25.1058
2008-01-01,25.0140
2008-01-02,24.8753
2008-01-03,24.7834
2008-01-04,24.7046
2008-01-05,24.6894
2008-01-06,24.7411
2008-01-07,24.7642
2008-01-08,24.7587
2008-01-09,24.6977
2008-01-10,24.6064
2008-01-11,24.5201
2008-01-12,24.4958
2008-01-13,24.5775
2008-01-14,24.6433
2008-01-15,24.6805
2008-01-16,24.7242
2008-01-17,24.7602
2008-01-18,24.7639
2008-01-19,24.8564
2008-01-20,24.8848
2008-01-21,24.9347
2008-01-22,24.9412
2008-01-23,24.9694
2008-01-24,25.0341
2008-01-25,25.1655
2008-01-26,25.2451
2008-01-27,25.2336
2008-01-28,25.2084
2008-01-29,25.1991
2008-01-30,25.2591
2008-01-31,25.2884
2008-02-01,25.2894
2008-02-02,25.3147
2008-02-03,25.2857
2008-02-04,25.2495
2008-02-05,25.1628
2008-02-06,25.1054
2008-02-07,24.9682
2008-02-08,24.8774
2008-02-09,24.8048
2008-02-10,24.7367
2008-02-11,24.6920
2008-02-12,24.7080
2008-02-13,24.7470
2008-02-14,24.7971
2008-02-15,24.8727
2008-02-16,24.9227
2008-02-17,24.9958
2008-02-18,25.1225
2008-02-19,25.1617
2008-02-20,25.2102
2008-02-21,25.2629
2008-02-22,25.3845
2008-02-23,25.4250
2008-02-24,25.3692
2008-02-25,25.3352
2008-02-26,25.3809
2008-02-27,25.4659
2008-02-28,25.5711
2008-02-29,25.7187
2008-03-01,25.8005
2008-03-02,25.8688
2008-03-03,25.9547
2008-03-04,25.9867
2008-03-05,26.0034
2008-03-06,25.9742
2008-03-07,26.0014
2008-03-08,26.0490
2008-03-09,26.1203
2008-03-10,26.2022
2008-03-11,26.2607
2008-03-12,26.2735
2008-03-13,26.2594
2008-03-14,26.2259
2008-03-15,26.2423
2008-03-16,26.2564
2008-03-17,26.2507
2008-03-18,26.2578
2008-03-19,26.2870
2008-03-20,26.3098
2008-03-21,26.3364
2008-03-22,26.3396
2008-03-23,26.3353
2008-03-24,26.3380
2008-03-25,26.4231
2008-03-26,26.4465
2008-03-27,26.4090
2008-03-28,26.4713
2008-03-29,26.5251
2008-03-30,26.5609
2008-03-31,26.5663
2008-04-01,26.6080
2008-04-02,26.6506
2008-04-03,26.7049
2008-04-04,26.7073
2008-04-05,26.6983
2008-04-06,26.6743
2008-04-07,26.6911
2008-04-08,26.7428
2008-04-09,26.7784
2008-04-10,26.7788
2008-04-11,26.8406
2008-04-12,26.8366
2008-04-13,26.8105
2008-04-14,26.8121
2008-04-15,26.7957
2008-04-16,26.8209
2008-04-17,26.9288
2008-04-18,26.9831
2008-04-19,27.0283
2008-04-20,26.9850
2008-04-21,26.9826
2008-04-22,27.0227
2008-04-23,27.0672
2008-04-24,27.0886
2008-04-25,27.0689
2008-04-26,27.1320
2008-04-27,27.2083
2008-04-28,27.2872
2008-04-29,27.3467
2008-04-30,27.3197
2008-05-01,27.2832
2008-05-02,27.2945
2008-05-03,27.2759
2008-05-04,27.1651
2008-05-05,27.0304
2008-05-06,27.0010
2008-05-07,26.9994
2008-05-08,27.0036
2008-05-09,26.9924
2008-05-10,26.9691
2008-05-11,26.9401
2008-05-12,26.9852
2008-05-13,27.0378
2008-05-14,27.0740
2008-05-15,27.0961
2008-05-16,27.1161
2008-05-17,27.1411
2008-05-18,27.1669
2008-05-19,27.1872
2008-05-20,27.2481
2008-05-21,27.3393
2008-05-22,27.4055
2008-05-23,27.3417
2008-05-24,27.2624
2008-05-25,27.2003
2008-05-26,27.1895
2008-05-27,27.2309
2008-05-28,27.2217
2008-05-29,27.1659
2008-05-30,27.1297
2008-05-31,27.1145
2008-06-01,27.1838
2008-06-02,27.2105
2008-06-03,27.1891
2008-06-04,27.1492
2008-06-05,27.1492
2008-06-06,27.1536
2008-06-07,27.1204
2008-06-08,27.0283
2008-06-09,26.9560
2008-06-10,26.8987
2008-06-11,26.9517
2008-06-12,26.9715
2008-06-13,26.9844
2008-06-14,26.9507
2008-06-15,26.8508
2008-06-16,26.8547
2008-06-17,26.9093
2008-06-18,26.9494
2008-06-19,26.9710
2008-06-20,27.0071
2008-06-21,26.9602
2008-06-22,26.8962
2008-06-23,26.9594
2008-06-24,26.9980
2008-06-25,27.0148
2008-06-26,27.0414
2008-06-27,27.0658
2008-06-28,27.0871
2008-06-29,27.1088
2008-06-30,27.0860
2008-07-01,27.1045
2008-07-02,27.1505
2008-07-03,27.1687
2008-07-04,27.1452
2008-07-05,27.1327
2008-07-06,27.1550
2008-07-07,27.1265
2008-07-08,27.0949
2008-07-09,27.1004
2008-07-10,27.0877
2008-07-11,27.0696
2008-07-12,27.0874
2008-07-13,27.0906
2008-07-14,27.0717
2008-07-15,27.0352
2008-07-16,26.9546
2008-07-17,26.9046
2008-07-18,26.8586
2008-07-19,26.8182
2008-07-20,26.8206
2008-07-21,26.8120
2008-07-22,26.8001
2008-07-23,26.7966
2008-07-24,26.8510
2008-07-25,26.8676
2008-07-26,26.8796
2008-07-27,26.9050
2008-07-28,26.9194
2008-07-29,26.9071
2008-07-30,26.9116
2008-07-31,26.9113
2008-08-01,26.9574
2008-08-02,26.9523
2008-08-03,26.9493
2008-08-04,26.9207
2008-08-05,26.9195
2008-08-06,26.9742
2008-08-07,26.9887
2008-08-08,27.0288
2008-08-09,27.0814
2008-08-10,27.0756
2008-08-11,27.0410
2008-08-12,26.9206
2008-08-13,26.8423
2008-08-14,26.7910
2008-08-15,26.7578
2008-08-16,26.6770
2008-08-17,26.6016
2008-08-18,26.5645
2008-08-19,26.5768
2008-08-20,26.5972
2008-08-21,26.6600
2008-08-22,26.7159
2008-08-23,26.6773
2008-08-24,26.6141
2008-08-25,26.5920
2008-08-26,26.5848
2008-08-27,26.5788
2008-08-28,26.5393
2008-08-29,26.5332
2008-08-30,26.5935
2008-08-31,26.5922
2008-09-01,26.5606
2008-09-02,26.5891
2008-09-03,26.5998
2008-09-04,26.5827
2008-09-05,26.5862
2008-09-06,26.5989
2008-09-07,26.5786
2008-09-08,26.6322
2008-09-09,26.6132
2008-09-10,26.5582
2008-09-11,26.5438
2008-09-12,26.6053
2008-09-13,26.6513
2008-09-14,26.6503
2008-09-15,26.6737
2008-09-16,26.6321
2008-09-17,26.5559
2008-09-18,26.4891
2008-09-19,26.4109
2008-09-20,26.4104
2008-09-21,26.4028
2008-09-22,26.3481
2008-09-23,26.2651
2008-09-24,26.1729
2008-09-25,26.1148
2008-09-26,26.0988
2008-09-27,26.1137
2008-09-28,26.1224
2008-09-29,26.1177
2008-09-30,26.1453
2008-10-01,26.1601
2008-10-02,26.1645
2008-10-03,26.2382
2008-10-04,26.3228
2008-10-05,26.3759
2008-10-06,26.4118
2008-10-07,26.4343
2008-10-08,26.4385
2008-10-09,26.4938
2008-10-10,26.4781
2008-10-11,26.4560
2008-10-12,26.4837
2008-10-13,26.5243
2008-10-14,26.5712
2008-10-15,26.6050
2008-10-16,26.5695
2008-10-17,26.4624
2008-10-18,26.4089
2008-10-19,26.4062
2008-10-20,26.4185
2008-10-21,26.4989
2008-10-22,26.5989
2008-10-23,26.6167
2008-10-24,26.5881
2008-10-25,26.6112
2008-10-26,26.6491
2008-10-27,26.6336
2008-10-28,26.6127
2008-10-29,26.6569
2008-10-30,26.7126
2008-10-31,26.7673
2008-11-01,26.7299
2008-11-02,26.6867
2008-11-03,26.6748
2008-11-04,26.6827
2008-11-05,26.7073
2008-11-06,26.6762
2008-11-07,26.6261
2008-11-08,26.6203
2008-11-09,26.6199
2008-11-10,26.6056
2008-11-11,26.5396
2008-11-12,26.4979
2008-11-13,26.4921
2008-11-14,26.5147
2008-11-15,26.5457
2008-11-16,26.5790
2008-11-17,26.5078
2008-11-18,26.4187
2008-11-19,26.3306
2008-11-20,26.2316
2008-11-21,26.1671
2008-11-22,26.1499
2008-11-23,26.1455
2008-11-24,26.0949
2008-11-25,26.0438
2008-11-26,25.9898
2008-11-27,26.0363
2008-11-28,26.1192
2008-11-29,26.1025
2008-11-30,26.0551
2008-12-01,26.0454
2008-12-02,26.0809
2008-12-03,26.0762
2008-12-04,25.9968
2008-12-05,25.9981
2008-12-06,25.9683
2008-12-07,25.9120
2008-12-08,25.7860
2008-12-09,25.7464
2008-12-10,25.7982
2008-12-11,25.8058
2008-12-12,25.8548
2008-12-13,25.8520
2008-12-14,25.8351
2008-12-15,25.7189
2008-12-16,25.6679
2008-12-17,25.7123
2008-12-18,25.7610
2008-12-19,25.7206
2008-12-20,25.6923
2008-12-21,25.6395
2008-12-22,25.5849
2008-12-23,25.6004
2008-12-24,25.6097
2008-12-25,25.5668
2008-12-26,25.5110
2008-12-27,25.4601
2008-12-28,25.4255
2008-12-29,25.4471
2008-12-30,25.4570
2008-12-31,25.4532
2009-01-01,25.4226
2009-01-02,25.4603
2009-01-03,25.5222
2009-01-04,25.5650
2009-01-05,25.6143
2009-01-06,25.6321
2009-01-07,25.5972
2009-01-08,25.5627
2009-01-09,25.4776
2009-01-10,25.3982
2009-01-11,25.4016
2009-01-12,25.4207
2009-01-13,25.4880
2009-01-14,25.5070
2009-01-15,25.6493
2009-01-16,25.7247
2009-01-17,25.7433
2009-01-18,25.8280
2009-01-19,25.8762
2009-01-20,25.8950
2009-01-21,25.9300
2009-01-22,25.9720
2009-01-23,25.9361
2009-01-24,25.8854
2009-01-25,25.8372
2009-01-26,25.8096
2009-01-27,25.7995
2009-01-28,25.7660
2009-01-29,25.7574
2009-01-30,25.7416
2009-01-31,25.7539
2009-02-01,25.7591
2009-02-02,25.7320
2009-02-03,25.7336
2009-02-04,25.7599
2009-02-05,25.7651
2009-02-06,25.6783
2009-02-07,25.5997
2009-02-08,25.5796
2009-02-09,25.6509
2009-02-10,25.8047
2009-02-11,25.9592
2009-02-12,26.0477
2009-02-13,26.0940
2009-02-14,26.1262
2009-02-15,26.1577
2009-02-16,26.1953
2009-02-17,26.2379
2009-02-18,26.2468
2009-02-19,26.2864
2009-02-20,26.3426
2009-02-21,26.3990
2009-02-22,26.4334
2009-02-23,26.4477
2009-02-24,26.4572
2009-02-25,26.4277
2009-02-26,26.3906
2009-02-27,26.3407
2009-02-28,26.3041
2009-03-01,26.2715
2009-03-02,26.2293
2009-03-03,26.2028
2009-03-04,26.1767
2009-03-05,26.1486
2009-03-06,26.1835
2009-03-07,26.2087
2009-03-08,26.2102
2009-03-09,26.2186
2009-03-10,26.2400
2009-03-11,26.3155
2009-03-12,26.3979
2009-03-13,26.5018
2009-03-14,26.5604
2009-03-15,26.5623
2009-03-16,26.5488
2009-03-17,26.5296
2009-03-18,26.5059
2009-03-19,26.4672
2009-03-20,26.4090
2009-03-21,26.4039
2009-03-22,26.4713
2009-03-23,26.6441
2009-03-24,26.7524
2009-03-25,26.8702
2009-03-26,26.9590
2009-03-27,27.0224
2009-03-28,27.1406
2009-03-29,27.1976
2009-03-30,27.2209
2009-03-31,27.2151
2009-04-01,27.1786
2009-04-02,27.1886
2009-04-03,27.2302
2009-04-04,27.3029
2009-04-05,27.3661
2009-04-06,27.5219
2009-04-07,27.6172
2009-04-08,27.6347
2009-04-09,27.5934
2009-04-10,27.5634
2009-04-11,27.6324
2009-04-12,27.6829
2009-04-13,27.7288
2009-04-14,27.7169
2009-04-15,27.7146
2009-04-16,27.7322
2009-04-17,27.7407
2009-04-18,27.6967
2009-04-19,27.6741
2009-04-20,27.7031
2009-04-21,27.7374
2009-04-22,27.6927
2009-04-23,27.6321
2009-04-24,27.5997
2009-04-25,27.5622
2009-04-26,27.5617
2009-04-27,27.6280
2009-04-28,27.7414
2009-04-29,27.7837
2009-04-30,27.8396
2009-05-01,27.8265
2009-05-02,27.7869
2009-05-03,27.7897
2009-05-04,27.7988
2009-05-05,27.7939
2009-05-06,27.7756
2009-05-07,27.7669
2009-05-08,27.7645
2009-05-09,27.8306
2009-05-10,27.8244
2009-05-11,27.8633
2009-05-12,27.9231
2009-05-13,28.1187
2009-05-14,28.1576
2009-05-15,28.1040
2009-05-16,28.1082
2009-05-17,28.2076
2009-05-18,28.2220
2009-05-19,28.2095
2009-05-20,28.2164
2009-05-21,28.2366
2009-05-22,28.2464
2009-05-23,28.2480
2009-05-24,28.2205
2009-05-25,28.2174
2009-05-26,28.2384
2009-05-27,28.3109
2009-05-28,28.2523
2009-05-29,28.1720
2009-05-30,28.0024
2009-05-31,27.8245
2009-06-01,27.7336
2009-06-02,27.7532
2009-06-03,27.9024
2009-06-04,27.9965
2009-06-05,27.9908
2009-06-06,27.9438
2009-06-07,27.8889
2009-06-08,27.8290
2009-06-09,27.8418
2009-06-10,27.8938
2009-06-11,27.9978
2009-06-12,28.1253
2009-06-13,28.2302
2009-06-14,28.2225
2009-06-15,28.1928
2009-06-16,28.1714
2009-06-17,28.1680
2009-06-18,28.2326
2009-06-19,28.3436
2009-06-20,28.3800
2009-06-21,28.3212
2009-06-22,28.2231
2009-06-23,28.2026
2009-06-24,28.2917
2009-06-25,28.2916
2009-06-26,28.1869
2009-06-27,28.1528
2009-06-28,28.1433
2009-06-29,28.2141
2009-06-30,28.1964
2009-07-01,28.1408
2009-07-02,28.0979
2009-07-03,28.0999
2009-07-04,28.0379
2009-07-05,28.0019
2009-07-06,27.9610
2009-07-07,28.0355
2009-07-08,28.0803
2009-07-09,28.0344
2009-07-10,27.9308
2009-07-11,27.8028
2009-07-12,27.7368
2009-07-13,27.6409
2009-07-14,27.5894
2009-07-15,27.5525
2009-07-16,27.5955
2009-07-17,27.6737
2009-07-18,27.7205
2009-07-19,27.7802
2009-07-20,27.7963
2009-07-21,27.7361
2009-07-22,27.7295
2009-07-23,27.7223
2009-07-24,27.7164
2009-07-25,27.6678
2009-07-26,27.6923
2009-07-27,27.6474
2009-07-28,27.6185
2009-07-29,27.6080
2009-07-30,27.6073
2009-07-31,27.5806
2009-08-01,27.6170
2009-08-02,27.6313
2009-08-03,27.6464
2009-08-04,27.6147
2009-08-05,27.5962
2009-08-06,27.5925
2009-08-07,27.5219
2009-08-08,27.4603
2009-08-09,27.4732
2009-08-10,27.5478
2009-08-11,27.5767
2009-08-12,27.6087
2009-08-13,27.6098
2009-08-14,27.6035
2009-08-15,27.6171
2009-08-16,27.6131
2009-08-17,27.5865
2009-08-18,27.5427
2009-08-19,27.5217
2009-08-20,27.4971
2009-08-21,27.4609
2009-08-22,27.4368
2009-08-23,27.4432
2009-08-24,27.4485
2009-08-25,27.4776
2009-08-26,27.5233
2009-08-27,27.5745
2009-08-28,27.5666
2009-08-29,27.5265
2009-08-30,27.4493
2009-08-31,27.4032
2009-09-01,27.3959
2009-09-02,27.4435
2009-09-03,27.5046
2009-09-04,27.4800
2009-09-05,27.4476
2009-09-06,27.4351
2009-09-07,27.4077
2009-09-08,27.4396
2009-09-09,27.5544
2009-09-10,27.5978
2009-09-11,27.5403
2009-09-12,27.4882
2009-09-13,27.3929
2009-09-14,27.3600
2009-09-15,27.4163
2009-09-16,27.4866
2009-09-17,27.4960
2009-09-18,27.4884
2009-09-19,27.4885
2009-09-20,27.4824
2009-09-21,27.4566
2009-09-22,27.4636
2009-09-23,27.4832
2009-09-24,27.4814
2009-09-25,27.4241
2009-09-26,27.3726
2009-09-27,27.2964
2009-09-28,27.2321
2009-09-29,27.2128
2009-09-30,27.1853
2009-10-01,27.1602
2009-10-02,27.2042
2009-10-03,27.2740
2009-10-04,27.3264
2009-10-05,27.3588
2009-10-06,27.3671
2009-10-07,27.3592
2009-10-08,27.3541
2009-10-09,27.3271
2009-10-10,27.2980
2009-10-11,27.2829
2009-10-12,27.2840
2009-10-13,27.3662
2009-10-14,27.4155
2009-10-15,27.4517
2009-10-16,27.5682
2009-10-17,27.6885
2009-10-18,27.6912
2009-10-19,27.7106
2009-10-20,27.6745
2009-10-21,27.6583
2009-10-22,27.7408
2009-10-23,27.8468
2009-10-24,27.9671
2009-10-25,28.1000
2009-10-26,28.1545
2009-10-27,28.1543
2009-10-28,28.1637
2009-10-29,28.1201
2009-10-30,28.1276
2009-10-31,28.1810
2009-11-01,28.2876
2009-11-02,28.3158
2009-11-03,28.3753
2009-11-04,28.4072
2009-11-05,28.4074
2009-11-06,28.4000
2009-11-07,28.2979
2009-11-08,28.1407
2009-11-09,28.0113
2009-11-10,28.0328
2009-11-11,28.0786
2009-11-12,28.1344
2009-11-13,28.1703
2009-11-14,28.2511
2009-11-15,28.3058
2009-11-16,28.3202
2009-11-17,28.2860
2009-11-18,28.2371
2009-11-19,28.1973
2009-11-20,28.1797
2009-11-21,28.1914
2009-11-22,28.1393
2009-11-23,28.1164
2009-11-24,28.1749
2009-11-25,28.2448
2009-11-26,28.1683
2009-11-27,28.1944
2009-11-28,28.2793
2009-11-29,28.2898
2009-11-30,28.2390
2009-12-01,28.2420
2009-12-02,28.1887
2009-12-03,28.0980
2009-12-04,28.0760
2009-12-05,28.2588
2009-12-06,28.3299
2009-12-07,28.3539
2009-12-08,28.3581
2009-12-09,28.3531
2009-12-10,28.2125
2009-12-11,28.1464
2009-12-12,28.1052
2009-12-13,28.0248
2009-12-14,28.0427
2009-12-15,28.1263
2009-12-16,28.0774
2009-12-17,28.0698
2009-12-18,28.2198
2009-12-19,28.5301
2009-12-20,28.6289
2009-12-21,28.6103
2009-12-22,28.5424
2009-12-23,28.4493
2009-12-24,28.4152
2009-12-25,28.3970
2009-12-26,28.3405
2009-12-27,28.3522
2009-12-28,28.4580
2009-12-29,28.5061
2009-12-30,28.4370
2009-12-31,28.3785
2010-01-01,28.2759
2010-01-02,28.2717
2010-01-03,28.2755
2010-01-04,28.2902
2010-01-05,28.3274
2010-01-06,28.3863
2010-01-07,28.3434
2010-01-08,28.2778
2010-01-09,28.2706
2010-01-10,28.2581
2010-01-11,28.2207
2010-01-12,28.2195
2010-01-13,28.2636
2010-01-14,28.2916
2010-01-15,28.2243
2010-01-16,28.1498
2010-01-17,28.0865
2010-01-18,28.0288
2010-01-19,27.9608
2010-01-20,27.9323
2010-01-21,27.9233
2010-01-22,27.8676
2010-01-23,27.8778
2010-01-24,27.8908
2010-01-25,27.8509
2010-01-26,27.8106
2010-01-27,27.7900
2010-01-28,27.7418
2010-01-29,27.6831
2010-01-30,27.6607
2010-01-31,27.6682
2010-02-01,27.6454
2010-02-02,27.6125
2010-02-03,27.6342
2010-02-04,27.6644
2010-02-05,27.7362
2010-02-06,27.7346
2010-02-07,27.7769
2010-02-08,27.8766
2010-02-09,27.9157
2010-02-10,27.9375
2010-02-11,27.9307
2010-02-12,27.8845
2010-02-13,27.9053
2010-02-14,27.9090
2010-02-15,27.9098
2010-02-16,27.9041
2010-02-17,27.8974
2010-02-18,27.9488
2010-02-19,27.9667
2010-02-20,27.9985
2010-02-21,28.0675
2010-02-22,28.0557
2010-02-23,28.0066
2010-02-24,27.9755
2010-02-25,27.9596
2010-02-26,28.0067
2010-02-27,28.0308
2010-02-28,28.0513
2010-03-01,28.1406
2010-03-02,28.1649
2010-03-03,28.1763
2010-03-04,28.1626
2010-03-05,28.1453
2010-03-06,28.1827
2010-03-07,28.2560
2010-03-08,28.3520
2010-03-09,28.4139
2010-03-10,28.4360
2010-03-11,28.4943
2010-03-12,28.5015
2010-03-13,28.4981
2010-03-14,28.4602
2010-03-15,28.4359
2010-03-16,28.4051
2010-03-17,28.3864
2010-03-18,28.5133
2010-03-19,28.4838
2010-03-20,28.3920
2010-03-21,28.2846
2010-03-22,28.2707
2010-03-23,28.2675
2010-03-24,28.2595
2010-03-25,28.2545
2010-03-26,28.2654
2010-03-27,28.3017
2010-03-28,28.4270
2010-03-29,28.4304
2010-03-30,28.4055
2010-03-31,28.3937
2010-04-01,28.4045
2010-04-02,28.3941
2010-04-03,28.4110
2010-04-04,28.3986
2010-04-05,28.3839
2010-04-06,28.3870
2010-04-07,28.4151
2010-04-08,28.4262
2010-04-09,28.4977
2010-04-10,28.6093
2010-04-11,28.5548
2010-04-12,28.4934
2010-04-13,28.4072
2010-04-14,28.3609
2010-04-15,28.4359
2010-04-16,28.4628
2010-04-17,28.3844
2010-04-18,28.3165
2010-04-19,28.2724
2010-04-20,28.2841
2010-04-21,28.3023
2010-04-22,28.3249
2010-04-23,28.3556
2010-04-24,28.3694
2010-04-25,28.3825
2010-04-26,28.3738
2010-04-27,28.3661
2010-04-28,28.2365
2010-04-29,28.2061
2010-04-30,28.2250
2010-05-01,28.2256
2010-05-02,28.1921
2010-05-03,28.0658
2010-05-04,27.9326
2010-05-05,27.8401
2010-05-06,27.7758
2010-05-07,27.7399
2010-05-08,27.7150
2010-05-09,27.6357
2010-05-10,27.6221
2010-05-11,27.6025
2010-05-12,27.6072
2010-05-13,27.6045
2010-05-14,27.5692
2010-05-15,27.5929
2010-05-16,27.6411
2010-05-17,27.7192
2010-05-18,27.7271
2010-05-19,27.6762
2010-05-20,27.5546
2010-05-21,27.4033
2010-05-22,27.4961
2010-05-23,27.5938
2010-05-24,27.6375
2010-05-25,27.6541
2010-05-26,27.6805
2010-05-27,27.6595
2010-05-28,27.6508
2010-05-29,27.7059
2010-05-30,27.7737
2010-05-31,27.7248
2010-06-01,27.5731
2010-06-02,27.3943
2010-06-03,27.2851
2010-06-04,27.2792
2010-06-05,27.2871
2010-06-06,27.2898
2010-06-07,27.2796
2010-06-08,27.2881
2010-06-09,27.2791
2010-06-10,27.2751
2010-06-11,27.2174
2010-06-12,27.1470
2010-06-13,27.0795
2010-06-14,27.0066
2010-06-15,26.9700
2010-06-16,26.9168
2010-06-17,26.9006
2010-06-18,26.9561
2010-06-19,27.0153
2010-06-20,27.0355
2010-06-21,27.0310
2010-06-22,26.9667
2010-06-23,26.8942
2010-06-24,26.8655
2010-06-25,26.8606
2010-06-26,26.8470
2010-06-27,26.8719
2010-06-28,26.9172
2010-06-29,26.9118
2010-06-30,26.8310
2010-07-01,26.7449
2010-07-02,26.6979
2010-07-03,26.6387
2010-07-04,26.6766
2010-07-05,26.7180
2010-07-06,26.6862
2010-07-07,26.6180
2010-07-08,26.5631
2010-07-09,26.5396
2010-07-10,26.5057
2010-07-11,26.5438
2010-07-12,26.5739
2010-07-13,26.5566
2010-07-14,26.5488
2010-07-15,26.5594
2010-07-16,26.5787
2010-07-17,26.5198
2010-07-18,26.4754
2010-07-19,26.4200
2010-07-20,26.3146
2010-07-21,26.1367
2010-07-22,25.9784
2010-07-23,25.8715
2010-07-24,25.7344
2010-07-25,25.6246
2010-07-26,25.6016
2010-07-27,25.7083
2010-07-28,25.7285
2010-07-29,25.7162
2010-07-30,25.6628
2010-07-31,25.6280
2010-08-01,25.6149
2010-08-02,25.6186
2010-08-03,25.5884
2010-08-04,25.5599
2010-08-05,25.7738
2010-08-06,25.8387
2010-08-07,25.8478
2010-08-08,25.8500
2010-08-09,25.8474
2010-08-10,25.7923
2010-08-11,25.7088
2010-08-12,25.6780
2010-08-13,25.6429
2010-08-14,25.6201
2010-08-15,25.5121
2010-08-16,25.4969
2010-08-17,25.5627
2010-08-18,25.6080
2010-08-19,25.6339
2010-08-20,25.6805
2010-08-21,25.6785
2010-08-22,25.6453
2010-08-23,25.5555
2010-08-24,25.4438
2010-08-25,25.3753
2010-08-26,25.3439
2010-08-27,25.3028
2010-08-28,25.2887
2010-08-29,25.3117
2010-08-30,25.3479
2010-08-31,25.4331
2010-09-01,25.4907
2010-09-02,25.5138
2010-09-03,25.5050
2010-09-04,25.4841
2010-09-05,25.4836
2010-09-06,25.5065
2010-09-07,25.4458
2010-09-08,25.3482
2010-09-09,25.3198
2010-09-10,25.3088
2010-09-11,25.3622
2010-09-12,25.4134
2010-09-13,25.4695
2010-09-14,25.4596
2010-09-15,25.3911
2010-09-16,25.3175
2010-09-17,25.2977
2010-09-18,25.3412
2010-09-19,25.3910
2010-09-20,25.4371
2010-09-21,25.4699
2010-09-22,25.4455
2010-09-23,25.3911
2010-09-24,25.3436
2010-09-25,25.2603
2010-09-26,25.1810
2010-09-27,25.0975
2010-09-28,25.0304
2010-09-29,24.9804
2010-09-30,24.9648
2010-10-01,24.9344
2010-10-02,24.9495
2010-10-03,24.9658
2010-10-04,25.0034
2010-10-05,25.0153
2010-10-06,24.9726
2010-10-07,24.9289
2010-10-08,24.8608
2010-10-09,24.8373
2010-10-10,24.9049
2010-10-11,25.0591
2010-10-12,25.1893
2010-10-13,25.3376
2010-10-14,25.3610
2010-10-15,25.3700
2010-10-16,25.3962
2010-10-17,25.4152
2010-10-18,25.4425
2010-10-19,25.4566
2010-10-20,25.5172
2010-10-21,25.5538
2010-10-22,25.5643
2010-10-23,25.5367
2010-10-24,25.5274
2010-10-25,25.4799
2010-10-26,25.4744
2010-10-27,25.5279
2010-10-28,25.5431
2010-10-29,25.5010
2010-10-30,25.4334
2010-10-31,25.3352
2010-11-01,25.2613
2010-11-02,25.2503
2010-11-03,25.2958
2010-11-04,25.3691
2010-11-05,25.4366
2010-11-06,25.4533
2010-11-07,25.4457
2010-11-08,25.4338
2010-11-09,25.4465
2010-11-10,25.4903
2010-11-11,25.5198
2010-11-12,25.5744
2010-11-13,25.4916
2010-11-14,25.4187
2010-11-15,25.3391
2010-11-16,25.2894
2010-11-17,25.2482
2010-11-18,25.1776
2010-11-19,25.1243
2010-11-20,25.0469
2010-11-21,25.0380
2010-11-22,25.1070
2010-11-23,25.1845
2010-11-24,25.2078
2010-11-25,25.1977
2010-11-26,25.2147
2010-11-27,25.2011
2010-11-28,25.1960
2010-11-29,25.2589
2010-11-30,25.3283
2010-12-01,25.4185
2010-12-02,25.5472
2010-12-03,25.6424
2010-12-04,25.6472
2010-12-05,25.6342
2010-12-06,25.6483
2010-12-07,25.5872
2010-12-08,25.4945
2010-12-09,25.4415
2010-12-10,25.4357
2010-12-11,25.4781
2010-12-12,25.4961
2010-12-13,25.4842
2010-12-14,25.4262
2010-12-15,25.3661
2010-12-16,25.2951
2010-12-17,25.2628
2010-12-18,25.2517
2010-12-19,25.2578
2010-12-20,25.2944
2010-12-21,25.3312
2010-12-22,25.2274
2010-12-23,25.1973
2010-12-24,25.1861
2010-12-25,25.1850
2010-12-26,25.1575
2010-12-27,25.1441
2010-12-28,25.1643
2010-12-29,25.1894
2010-12-30,25.1867
2010-12-31,25.1772
2011-01-01,25.1701
2011-01-02,25.1436
2011-01-03,25.1606
2011-01-04,25.2218
2011-01-05,25.2386
2011-01-06,25.2062
2011-01-07,25.1066
2011-01-08,25.0005
2011-01-09,24.9115
2011-01-10,24.8257
2011-01-11,24.7739
2011-01-12,24.7141
2011-01-13,24.7283
2011-01-14,24.7229
2011-01-15,24.7335
2011-01-16,24.7815
2011-01-17,24.8556
2011-01-18,24.8985
2011-01-19,24.9396
2011-01-20,24.9849
2011-01-21,25.0511
2011-01-22,25.0352
2011-01-23,25.0437
2011-01-24,24.9939
2011-01-25,25.0060
2011-01-26,25.0275
2011-01-27,24.9981
2011-01-28,25.0492
2011-01-29,25.1455
2011-01-30,25.2497
2011-01-31,25.2542
2011-02-01,25.2519
2011-02-02,25.2787
2011-02-03,25.3361
2011-02-04,25.4900
2011-02-05,25.6262
2011-02-06,25.7122
2011-02-07,25.7007
2011-02-08,25.6248
2011-02-09,25.5787
2011-02-10,25.5847
2011-02-11,25.6123
2011-02-12,25.6013
2011-02-13,25.5637
2011-02-14,25.5159
2011-02-15,25.4508
2011-02-16,25.4257
2011-02-17,25.4133
2011-02-18,25.4051
2011-02-19,25.3823
2011-02-20,25.3034
2011-02-21,25.2395
2011-02-22,25.2901
2011-02-23,25.3621
2011-02-24,25.4341
2011-02-25,25.4710
2011-02-26,25.4963
2011-02-27,25.5008
2011-02-28,25.5274
2011-03-01,25.5510
2011-03-02,25.5651
2011-03-03,25.6088
2011-03-04,25.6656
2011-03-05,25.7138
2011-03-06,25.8029
2011-03-07,26.0247
2011-03-08,26.2561
2011-03-09,26.3844
2011-03-10,26.4349
2011-03-11,26.4516
2011-03-12,26.4749
2011-03-13,26.4932
2011-03-14,26.5296
2011-03-15,26.5041
2011-03-16,26.4927
2011-03-17,26.4984
2011-03-18,26.5281
2011-03-19,26.5560
2011-03-20,26.5702
2011-03-21,26.5288
2011-03-22,26.4815
2011-03-23,26.4440
2011-03-24,26.4487
2011-03-25,26.4692
2011-03-26,26.5271
2011-03-27,26.6442
2011-03-28,26.7569
2011-03-29,26.7684
2011-03-30,26.7875
2011-03-31,26.8363
2011-04-01,26.9266
2011-04-02,26.9264
2011-04-03,26.9483
2011-04-04,27.0577
2011-04-05,27.1023
2011-04-06,27.1581
2011-04-07,27.1490
2011-04-08,27.0950
2011-04-09,27.1114
2011-04-10,27.0554
2011-04-11,26.9922
2011-04-12,26.9455
2011-04-13,26.9826
2011-04-14,26.9922
2011-04-15,26.9697
2011-04-16,26.9634
2011-04-17,26.9826
2011-04-18,26.9867
2011-04-19,27.1509
2011-04-20,27.0265
2011-04-21,27.0173
2011-04-22,27.0138
2011-04-23,26.9948
2011-04-24,27.0150
2011-04-25,27.0507
2011-04-26,27.0447
2011-04-27,27.0065
2011-04-28,26.9701
2011-04-29,26.9609
2011-04-30,26.9356
2011-05-01,26.9423
2011-05-02,26.9790
2011-05-03,26.9919
2011-05-04,27.0260
2011-05-05,27.0209
2011-05-06,27.1247
2011-05-07,27.2952
2011-05-08,27.4071
2011-05-09,27.4716
2011-05-10,27.4750
2011-05-11,27.4971
2011-05-12,27.5346
2011-05-13,27.5707
2011-05-14,27.6574
2011-05-15,27.8515
2011-05-16,27.8400
2011-05-17,27.7927
2011-05-18,27.7575
2011-05-19,27.7994
2011-05-20,27.7671
2011-05-21,27.7366
2011-05-22,27.6801
2011-05-23,27.6233
2011-05-24,27.5936
2011-05-25,27.4947
2011-05-26,27.3968
2011-05-27,27.3233
2011-05-28,27.3362
2011-05-29,27.4207
2011-05-30,27.4768
2011-05-31,27.5116
2011-06-01,27.5054
2011-06-02,27.4349
2011-06-03,27.4055
2011-06-04,27.4111
2011-06-05,27.4415
2011-06-06,27.4420
2011-06-07,27.4926
2011-06-08,27.4923
2011-06-09,27.4303
2011-06-10,27.2965
2011-06-11,27.1827
2011-06-12,27.0983
2011-06-13,27.1391
2011-06-14,27.2138
2011-06-15,27.2127
2011-06-16,27.2150
2011-06-17,27.2338
2011-06-18,27.3003
2011-06-19,27.3239
2011-06-20,27.3180
2011-06-21,27.3184
2011-06-22,27.3396
2011-06-23,27.3857
2011-06-24,27.3999
2011-06-25,27.4159
2011-06-26,27.4471
2011-06-27,27.5045
2011-06-28,27.5584
2011-06-29,27.6331
2011-06-30,27.6315
2011-07-01,27.6051
2011-07-02,27.5509
2011-07-03,27.4834
2011-07-04,27.3749
2011-07-05,27.2988
2011-07-06,27.2398
2011-07-07,27.1292
2011-07-08,27.1179
2011-07-09,27.1361
2011-07-10,27.1501
2011-07-11,27.2620
2011-07-12,27.2793
2011-07-13,27.2694
2011-07-14,27.1969
2011-07-15,27.1063
2011-07-16,27.0229
2011-07-17,26.9624
2011-07-18,26.9370
2011-07-19,26.9124
2011-07-20,26.9039
2011-07-21,26.9213
2011-07-22,26.8767
2011-07-23,26.8321
2011-07-24,26.8580
2011-07-25,26.8549
2011-07-26,26.8188
2011-07-27,26.8277
2011-07-28,26.8265
2011-07-29,26.8594
2011-07-30,26.8233
2011-07-31,26.7509
2011-08-01,26.7263
2011-08-02,26.7204
2011-08-03,26.7061
2011-08-04,26.6751
2011-08-05,26.6182
2011-08-06,26.5756
2011-08-07,26.5174
2011-08-08,26.4930
2011-08-09,26.5058
2011-08-10,26.5070
2011-08-11,26.5443
2011-08-12,26.5875
2011-08-13,26.5743
2011-08-14,26.5176
2011-08-15,26.5200
2011-08-16,26.5241
2011-08-17,26.4349
2011-08-18,26.3042
2011-08-19,26.2352
2011-08-20,26.1753
2011-08-21,26.1420
2011-08-22,26.1577
2011-08-23,26.2146
2011-08-24,26.3058
2011-08-25,26.3683
2011-08-26,26.3746
2011-08-27,26.3300
2011-08-28,26.2492
2011-08-29,26.1939
2011-08-30,26.1725
2011-08-31,26.1292
2011-09-01,26.1236
2011-09-02,26.1103
2011-09-03,26.0788
2011-09-04,26.0374
2011-09-05,26.0192
2011-09-06,26.0672
2011-09-07,26.0604
2011-09-08,26.0484
2011-09-09,26.0581
2011-09-10,26.0682
2011-09-11,26.0307
2011-09-12,25.9322
2011-09-13,25.8141
2011-09-14,25.8087
2011-09-15,25.8476
2011-09-16,25.9065
2011-09-17,25.9314
2011-09-18,25.9789
2011-09-19,26.0147
2011-09-20,25.9871
2011-09-21,25.9817
2011-09-22,25.9773
2011-09-23,26.0571
2011-09-24,26.0824
2011-09-25,26.0618
2011-09-26,26.0498
2011-09-27,26.0821
2011-09-28,26.1058
2011-09-29,26.1503
2011-09-30,26.1684
2011-10-01,26.1322
2011-10-02,26.0337
2011-10-03,25.9356
2011-10-04,25.7788
2011-10-05,25.6871
2011-10-06,25.7056
2011-10-07,25.8029
2011-10-08,25.9512
2011-10-09,26.0535
2011-10-10,26.0684
2011-10-11,26.0311
2011-10-12,26.0169
2011-10-13,25.9078
2011-10-14,26.1178
2011-10-15,26.1783
2011-10-16,26.2465
2011-10-17,26.3071
2011-10-18,26.3675
2011-10-19,26.3972
2011-10-20,26.3416
2011-10-21,26.2623
2011-10-22,26.0766
2011-10-23,25.8713
2011-10-24,25.7624
2011-10-25,25.6305
2011-10-26,25.6114
2011-10-27,25.7394
2011-10-28,25.8371
2011-10-29,25.8739
2011-10-30,25.8122
2011-10-31,25.7311
2011-11-01,25.6996
2011-11-02,25.6858
2011-11-03,25.7383
2011-11-04,25.7465
2011-11-05,25.7441
2011-11-06,25.7345
2011-11-07,25.7760
2011-11-08,25.7885
2011-11-09,25.8402
2011-11-10,25.8437
2011-11-11,25.8902
2011-11-12,25.8715
2011-11-13,25.8051
2011-11-14,25.8072
2011-11-15,25.8674
2011-11-16,25.8969
2011-11-17,25.8871
2011-11-18,25.8990
2011-11-19,25.8727
2011-11-20,25.8626
2011-11-21,25.8196
2011-11-22,25.7051
2011-11-23,25.6859
2011-11-24,25.6141
2011-11-25,25.4933
2011-11-26,25.4447
2011-11-27,25.4531
2011-11-28,25.5221
2011-11-29,25.7644
2011-11-30,25.7522
2011-12-01,25.7833
2011-12-02,25.7679
2011-12-03,25.7408
2011-12-04,25.7290
2011-12-05,25.6589
2011-12-06,25.6286
2011-12-07,25.6571
2011-12-08,25.6605
2011-12-09,25.6938
2011-12-10,25.7179
2011-12-11,25.7022
2011-12-12,25.6308
2011-12-13,25.5868
2011-12-14,25.6060
2011-12-15,25.5944
2011-12-16,25.5981
2011-12-17,25.6045
2011-12-18,25.6079
2011-12-19,25.5556
2011-12-20,25.5194
2011-12-21,25.5011
2011-12-22,25.5175
2011-12-23,25.5081
2011-12-24,25.5119
2011-12-25,25.5364
2011-12-26,25.5416
2011-12-27,25.5137
2011-12-28,25.4548
2011-12-29,25.3514
2011-12-30,25.2732
2011-12-31,25.4201
2012-01-01,25.5273
2012-01-02,25.5367
2012-01-03,25.2838
2012-01-04,25.3490
2012-01-05,25.4753
2012-01-06,25.5335
2012-01-07,25.6351
2012-01-08,25.6875
2012-01-09,25.7713
2012-01-10,25.7382
2012-01-11,25.9580
2012-01-12,25.9321
2012-01-13,26.0642
2012-01-14,26.1186
2012-01-15,26.1354
2012-01-16,26.1316
2012-01-17,26.0456
2012-01-18,25.9039
2012-01-19,25.7694
2012-01-20,25.7439
2012-01-21,25.8025
2012-01-22,25.8253
2012-01-23,25.8196
2012-01-24,25.8025
2012-01-25,25.7852
2012-01-26,25.7632
2012-01-27,25.7719
2012-01-28,25.7642
2012-01-29,25.7326
2012-01-30,25.6877
2012-01-31,25.6154
2012-02-01,25.5669
2012-02-02,25.5034
2012-02-03,25.4844
2012-02-04,25.5281
2012-02-05,25.5279
2012-02-06,25.5263
2012-02-07,25.5631
2012-02-08,25.6500
2012-02-09,25.7537
2012-02-10,25.8378
2012-02-11,25.9074
2012-02-12,25.9332
2012-02-13,26.0263
2012-02-14,26.1613
2012-02-15,26.3066
2012-02-16,26.3390
2012-02-17,26.3331
2012-02-18,26.3188
2012-02-19,26.2978
2012-02-20,26.2912
2012-02-21,26.3262
2012-02-22,26.3824
2012-02-23,26.5187
2012-02-24,26.6326
2012-02-25,26.7004
2012-02-26,26.7192
2012-02-27,26.7159
2012-02-28,26.7384
2012-02-29,26.7282
2012-03-01,26.6757
2012-03-02,26.5811
2012-03-03,26.5199
2012-03-04,26.5005
2012-03-05,26.5040
2012-03-06,26.5215
2012-03-07,26.5632
2012-03-08,26.6040
2012-03-09,26.5870
2012-03-10,26.5465
2012-03-11,26.4739
2012-03-12,26.4413
2012-03-13,26.5130
2012-03-14,26.5922
2012-03-15,26.6411
2012-03-16,26.6719
2012-03-17,26.6424
2012-03-18,26.5944
2012-03-19,26.5560
2012-03-20,26.5575
2012-03-21,26.6213
2012-03-22,26.8081
2012-03-23,27.0433
2012-03-24,27.1442
2012-03-25,27.1133
2012-03-26,27.1312
2012-03-27,27.1644
2012-03-28,27.0978
2012-03-29,27.0611
2012-03-30,27.1554
2012-03-31,27.1527
2012-04-01,27.1044
2012-04-02,27.2082
2012-04-03,27.3277
2012-04-04,27.2328
2012-04-05,27.1757
2012-04-06,27.1232
2012-04-07,27.0433
2012-04-08,27.0426
2012-04-09,27.1362
2012-04-10,27.1845
2012-04-11,27.1413
2012-04-12,27.0694
2012-04-13,27.0147
2012-04-14,27.0465
2012-04-15,27.0940
2012-04-16,27.0766
2012-04-17,27.0931
2012-04-18,27.1479
2012-04-19,27.2141
2012-04-20,27.2538
2012-04-21,27.2921
2012-04-22,27.3614
2012-04-23,27.4223
2012-04-24,27.4457
2012-04-25,27.5224
2012-04-26,27.5181
2012-04-27,27.4879
2012-04-28,27.5127
2012-04-29,27.4978
2012-04-30,27.4642
2012-05-01,27.4922
2012-05-02,27.6184
2012-05-03,27.7131
2012-05-04,27.7196
2012-05-05,27.7143
2012-05-06,27.6978
2012-05-07,27.6333
2012-05-08,27.6625
2012-05-09,27.7444
2012-05-10,27.8021
2012-05-11,27.7979
2012-05-12,27.7298
2012-05-13,27.6398
2012-05-14,27.5650
2012-05-15,27.4787
2012-05-16,27.4629
2012-05-17,27.5052
2012-05-18,27.5410
2012-05-19,27.5082
2012-05-20,27.4738
2012-05-21,27.5500
2012-05-22,27.6661
2012-05-23,27.7251
2012-05-24,27.7754
2012-05-25,27.7539
2012-05-26,27.7031
2012-05-27,27.6948
2012-05-28,27.7206
2012-05-29,27.7275
2012-05-30,27.7270
2012-05-31,27.7311
2012-06-01,27.7373
2012-06-02,27.6966
2012-06-03,27.6421
2012-06-04,27.6184
2012-06-05,27.6296
2012-06-06,27.6825
2012-06-07,27.6902
2012-06-08,27.6827
2012-06-09,27.7384
2012-06-10,27.8756
2012-06-11,28.0439
2012-06-12,28.0526
2012-06-13,27.9619
2012-06-14,27.9487
2012-06-15,27.9501
2012-06-16,27.9603
2012-06-17,28.0789
2012-06-18,28.1404
2012-06-19,28.1861
2012-06-20,28.2255
2012-06-21,28.2197
2012-06-22,28.1920
2012-06-23,28.1409
2012-06-24,28.1027
2012-06-25,28.0310
2012-06-26,27.9840
2012-06-27,27.9636
2012-06-28,27.9825
2012-06-29,28.0079
2012-06-30,27.9771
2012-07-01,27.9549
2012-07-02,27.9068
2012-07-03,27.8469
2012-07-04,27.7758
2012-07-05,27.6917
2012-07-06,27.5810
2012-07-07,27.4381
2012-07-08,27.3001
2012-07-09,27.2360
2012-07-10,27.1856
2012-07-11,27.2246
2012-07-12,27.2135
2012-07-13,27.1864
2012-07-14,27.2183
2012-07-15,27.3323
2012-07-16,27.3307
2012-07-17,27.3238
2012-07-18,27.4069
2012-07-19,27.4353
2012-07-20,27.5750
2012-07-21,27.6684
2012-07-22,27.6745
2012-07-23,27.6465
2012-07-24,27.6178
2012-07-25,27.6150
2012-07-26,27.5914
2012-07-27,27.6420
2012-07-28,27.7346
2012-07-29,27.7874
2012-07-30,27.7908
2012-07-31,27.6920
2012-08-01,27.5956
2012-08-02,27.5176
2012-08-03,27.4815
2012-08-04,27.4885
2012-08-05,27.5203
2012-08-06,27.5690
2012-08-07,27.6181
2012-08-08,27.6939
2012-08-09,27.7831
2012-08-10,27.7832
2012-08-11,27.6805
2012-08-12,27.5201
2012-08-13,27.3392
2012-08-14,27.2865
2012-08-15,27.2904
2012-08-16,27.2953
2012-08-17,27.2572
2012-08-18,27.2320
2012-08-19,27.2472
2012-08-20,27.2141
2012-08-21,27.1733
2012-08-22,27.2004
2012-08-23,27.2714
2012-08-24,27.3721
2012-08-25,27.5423
2012-08-26,27.7157
2012-08-27,27.8882
2012-08-28,28.0328
2012-08-29,28.1224
2012-08-30,28.2030
2012-08-31,28.2132
2012-09-01,28.1897
2012-09-02,28.0840
2012-09-03,27.9932
2012-09-04,27.9099
2012-09-05,27.8334
2012-09-06,27.7555
2012-09-07,27.6497
2012-09-08,27.4824
2012-09-09,27.3024
2012-09-10,27.0892
2012-09-11,26.9165
2012-09-12,26.7977
2012-09-13,26.7804
2012-09-14,26.7877
2012-09-15,26.8049
2012-09-16,26.8014
2012-09-17,26.7745
2012-09-18,26.7448
2012-09-19,26.7550
2012-09-20,26.7283
2012-09-21,26.6603
2012-09-22,26.6628
2012-09-23,26.7813
2012-09-24,26.9123
2012-09-25,27.0216
2012-09-26,27.0364
2012-09-27,27.0357
2012-09-28,27.0380
2012-09-29,27.0132
2012-09-30,26.9495
2012-10-01,26.9327
2012-10-02,26.9603
2012-10-03,27.0008
2012-10-04,27.0263
2012-10-05,27.0145
2012-10-06,26.9707
2012-10-07,27.0571
2012-10-08,27.0606
2012-10-09,27.0243
2012-10-10,26.9340
2012-10-11,26.9184
2012-10-12,26.9613
2012-10-13,27.0251
2012-10-14,27.0411
2012-10-15,27.0309
2012-10-16,26.9967
2012-10-17,27.0269
2012-10-18,27.0393
2012-10-19,27.0470
2012-10-20,27.0663
2012-10-21,27.1447
2012-10-22,27.2153
2012-10-23,27.2084
2012-10-24,27.1511
2012-10-25,27.0861
2012-10-26,27.0733
2012-10-27,27.1223
2012-10-28,27.1898
2012-10-29,27.2057
2012-10-30,27.2061
2012-10-31,27.2145
2012-11-01,27.1477
2012-11-02,27.1320
2012-11-03,27.1700
2012-11-04,27.2692
2012-11-05,27.4035
2012-11-06,27.4823
2012-11-07,27.5518
2012-11-08,27.5871
2012-11-09,27.6228
2012-11-10,27.7246
2012-11-11,27.7337
2012-11-12,27.6790
2012-11-13,27.6844
2012-11-14,27.7742
2012-11-15,27.8888
2012-11-16,27.8687
2012-11-17,27.7623
2012-11-18,27.6324
2012-11-19,27.4337
2012-11-20,27.2663
2012-11-21,27.1532
2012-11-22,27.1410
2012-11-23,27.0939
2012-11-24,26.9024
2012-11-25,26.7026
2012-11-26,26.5526
2012-11-27,26.4884
2012-11-28,26.4154
2012-11-29,26.3476
2012-11-30,26.2342
2012-12-01,26.1775
2012-12-02,26.1553
2012-12-03,26.1609
2012-12-04,26.1400
2012-12-05,26.0745
2012-12-06,26.0132
2012-12-07,25.9843
2012-12-08,26.0780
2012-12-09,26.1267
2012-12-10,26.1434
2012-12-11,26.1871
2012-12-12,26.2137
2012-12-13,26.2069
2012-12-14,26.1625
2012-12-15,26.1008
2012-12-16,25.9861
2012-12-17,25.8506
2012-12-18,25.8427
2012-12-19,25.9046
2012-12-20,26.0040
2012-12-21,26.0676
2012-12-22,26.1180
2012-12-23,26.0753
2012-12-24,26.1258
2012-12-25,26.1621
2012-12-26,26.1774
2012-12-27,26.1342
2012-12-28,26.0914
2012-12-29,26.0699
2012-12-30,26.0072
2012-12-31,25.9054
2013-01-01,25.9157
2013-01-02,26.0261
2013-01-03,26.0785
2013-01-04,26.0602
2013-01-05,25.9752
2013-01-06,25.7889
2013-01-07,25.6210
2013-01-08,25.4928
2013-01-09,25.5509
2013-01-10,25.7106
2013-01-11,25.8576
2013-01-12,25.9960
2013-01-13,26.0304
2013-01-14,26.0936
2013-01-15,26.1376
2013-01-16,26.1329
2013-01-17,26.0528
2013-01-18,26.0026
2013-01-19,25.9531
2013-01-20,25.9459
2013-01-21,25.9410
2013-01-22,26.0187
2013-01-23,26.1744
2013-01-24,26.2613
2013-01-25,26.2862
2013-01-26,26.1077
2013-01-27,26.0666
2013-01-28,26.0949
2013-01-29,26.0064
2013-01-30,26.0236
2013-01-31,26.0933
2013-02-01,26.1053
2013-02-02,26.0727
2013-02-03,26.0191
2013-02-04,26.0377
2013-02-05,26.0216
2013-02-06,26.0053
2013-02-07,26.0817
2013-02-08,26.1619
2013-02-09,26.2368
2013-02-10,26.3058
2013-02-11,26.3286
2013-02-12,26.3042
2013-02-13,26.2024
2013-02-14,26.0934
2013-02-15,26.0007
2013-02-16,25.9323
2013-02-17,25.9084
2013-02-18,25.9424
2013-02-19,25.9903
2013-02-20,26.0534
2013-02-21,26.1391
2013-02-22,26.2143
2013-02-23,26.2305
2013-02-24,26.2643
2013-02-25,26.2950
2013-02-26,26.3858
2013-02-27,26.4547
2013-02-28,26.5381
2013-03-01,26.6038
2013-03-02,26.6560
2013-03-03,26.7314
2013-03-04,26.8350
2013-03-05,26.9070
2013-03-06,26.9306
2013-03-07,26.9485
2013-03-08,26.8683
2013-03-09,26.7305
2013-03-10,26.6063
2013-03-11,26.5850
2013-03-12,26.5474
2013-03-13,26.5513
2013-03-14,26.5467
2013-03-15,26.5718
2013-03-16,26.7590
2013-03-17,26.9169
2013-03-18,26.9492
2013-03-19,26.8863
2013-03-20,26.8855
2013-03-21,26.9672
2013-03-22,26.9695
2013-03-23,26.9712
2013-03-24,27.0326
2013-03-25,27.1654
2013-03-26,27.3158
2013-03-27,27.4648
2013-03-28,27.6402
2013-03-29,27.7387
2013-03-30,27.8722
2013-03-31,28.0072
2013-04-01,28.1484
2013-04-02,28.2713
2013-04-03,28.3172
2013-04-04,28.3253
2013-04-05,28.2962
2013-04-06,28.2778
2013-04-07,28.2643
2013-04-08,28.2411
2013-04-09,28.2367
2013-04-10,28.2009
2013-04-11,28.0969
2013-04-12,28.0008
2013-04-13,27.8983
2013-04-14,27.8991
2013-04-15,27.7784
2013-04-16,27.7136
2013-04-17,27.6479
2013-04-18,27.5848
2013-04-19,27.5781
2013-04-20,27.6185
2013-04-21,27.6232
2013-04-22,27.5821
2013-04-23,27.5979
2013-04-24,27.5956
2013-04-25,27.6207
2013-04-26,27.5785
2013-04-27,27.6254
2013-04-28,27.6704
2013-04-29,27.7578
2013-04-30,27.7530
2013-05-01,27.7668
2013-05-02,27.7585
2013-05-03,27.8226
2013-05-04,27.8801
2013-05-05,27.9152
2013-05-06,27.9220
2013-05-07,27.8932
2013-05-08,27.8386
2013-05-09,27.7425
2013-05-10,27.6243
2013-05-11,27.4902
2013-05-12,27.4211
2013-05-13,27.3833
2013-05-14,27.3579
2013-05-15,27.3735
2013-05-16,27.4312
2013-05-17,27.3914
2013-05-18,27.3517
2013-05-19,27.3208
2013-05-20,27.2950
2013-05-21,27.2415
2013-05-22,27.1671
2013-05-23,27.1656
2013-05-24,27.2213
2013-05-25,27.2852
2013-05-26,27.3893
2013-05-27,27.4887
2013-05-28,27.5700
2013-05-29,27.5730
2013-05-30,27.5076
2013-05-31,27.4324
2013-06-01,27.3536
2013-06-02,27.3212
2013-06-03,27.2788
2013-06-04,27.2669
2013-06-05,27.2069
2013-06-06,27.2179
2013-06-07,27.3559
2013-06-08,27.3891
2013-06-09,27.3613
2013-06-10,27.3498
2013-06-11,27.2999
2013-06-12,27.2649
2013-06-13,27.2384
2013-06-14,27.2056
2013-06-15,27.1688
2013-06-16,27.1184
2013-06-17,27.1017
2013-06-18,27.1375
2013-06-19,27.2596
2013-06-20,27.3245
2013-06-21,27.3483
2013-06-22,27.3878
2013-06-23,27.4309
2013-06-24,27.4876
2013-06-25,27.4930
2013-06-26,27.5552
2013-06-27,27.5672
2013-06-28,27.4871
2013-06-29,27.3649
2013-06-30,27.3142
2013-07-01,27.2578
2013-07-02,27.2653
2013-07-03,27.2630
2013-07-04,27.1896
2013-07-05,27.0471
2013-07-06,26.9863
2013-07-07,27.0153
2013-07-08,27.0617
2013-07-09,27.0742
2013-07-10,27.0004
2013-07-11,26.8938
2013-07-12,26.8418
2013-07-13,26.8072
2013-07-14,26.8082
2013-07-15,26.9237
2013-07-16,26.9195
2013-07-17,26.9980
2013-07-18,27.0831
2013-07-19,27.0692
2013-07-20,27.0646
2013-07-21,27.0304
2013-07-22,26.9515
2013-07-23,26.9040
2013-07-24,26.8704
2013-07-25,26.9013
2013-07-26,26.9620
2013-07-27,26.9725
2013-07-28,26.9564
2013-07-29,26.8701
2013-07-30,26.7997
2013-07-31,26.6881
2013-08-01,26.6242
2013-08-02,26.5787
2013-08-03,26.5681
2013-08-04,26.5746
2013-08-05,26.5875
2013-08-06,26.5728
2013-08-07,26.4945
2013-08-08,26.4623
2013-08-09,26.4244
2013-08-10,26.3967
2013-08-11,26.3230
2013-08-12,26.2421
2013-08-13,26.0954
2013-08-14,26.1221
2013-08-15,26.1668
2013-08-16,26.1885
2013-08-17,26.0856
2013-08-18,26.0535
2013-08-19,25.9998
2013-08-20,25.9845
2013-08-21,25.9545
2013-08-22,26.0086
2013-08-23,26.1154
2013-08-24,26.2629
2013-08-25,26.3446
2013-08-26,26.4238
2013-08-27,26.4912
2013-08-28,26.5353
2013-08-29,26.5608
2013-08-30,26.6204
2013-08-31,26.6820
2013-09-01,26.7132
2013-09-02,26.7233
2013-09-03,26.7316
2013-09-04,26.7769
2013-09-05,26.8176
2013-09-06,26.8596
2013-09-07,26.9287
2013-09-08,26.9452
2013-09-09,26.8759
2013-09-10,26.7848
2013-09-11,26.8082
2013-09-12,26.8319
2013-09-13,26.8760
2013-09-14,26.8776
2013-09-15,26.8817
2013-09-16,26.8827
2013-09-17,26.8841
2013-09-18,26.8508
2013-09-19,26.7827
2013-09-20,26.6962
2013-09-21,26.6029
2013-09-22,26.5032
2013-09-23,26.4254
2013-09-24,26.4536
2013-09-25,26.5579
2013-09-26,26.6995
2013-09-27,26.7462
2013-09-28,26.7292
2013-09-29,26.6355
2013-09-30,26.5669
2013-10-01,26.5848
2013-10-02,26.6055
2013-10-03,26.6350
2013-10-04,26.6317
2013-10-05,26.6440
2013-10-06,26.6440
2013-10-07,26.5905
2013-10-08,26.5897
2013-10-09,26.6057
2013-10-10,26.5927
2013-10-11,26.5150
2013-10-12,26.4986
2013-10-13,26.5124
2013-10-14,26.4888
2013-10-15,26.4956
2013-10-16,26.5905
2013-10-17,26.6134
2013-10-18,26.5228
2013-10-19,26.4573
2013-10-20,26.4165
2013-10-21,26.4030
2013-10-22,26.3764
2013-10-23,26.3683
2013-10-24,26.3763
2013-10-25,26.3840
2013-10-26,26.4421
2013-10-27,26.4833
2013-10-28,26.5344
2013-10-29,26.6095
2013-10-30,26.6575
2013-10-31,26.7027
2013-11-01,26.7204
2013-11-02,26.7228
2013-11-03,26.7113
2013-11-04,26.6631
2013-11-05,26.7233
2013-11-06,26.7896
2013-11-07,26.7733
2013-11-08,26.7402
2013-11-09,26.6980
2013-11-10,26.6880
2013-11-11,26.6148
2013-11-12,26.5973
2013-11-13,26.6061
2013-11-14,26.6517
2013-11-15,26.7412
2013-11-16,26.8034
2013-11-17,26.9614
2013-11-18,26.9955
2013-11-19,26.9167
2013-11-20,26.7178
2013-11-21,26.5794
2013-11-22,26.5504
2013-11-23,26.5592
2013-11-24,26.5580
2013-11-25,26.5466
2013-11-26,26.5181
2013-11-27,26.4716
2013-11-28,26.4441
2013-11-29,26.4483
2013-11-30,26.5010
2013-12-01,26.5692
2013-12-02,26.5929
2013-12-03,26.6041
2013-12-04,26.5890
2013-12-05,26.5606
2013-12-06,26.5042
2013-12-07,26.4551
2013-12-08,26.5008
2013-12-09,26.4963
2013-12-10,26.4739
2013-12-11,26.5052
2013-12-12,26.5487
2013-12-13,26.5805
2013-12-14,26.5532
2013-12-15,26.5123
2013-12-16,26.5177
2013-12-17,26.5186
2013-12-18,26.5109
2013-12-19,26.4833
2013-12-20,26.4380
2013-12-21,26.4620
2013-12-22,26.4434
2013-12-23,26.3294
2013-12-24,26.1580
2013-12-25,26.0764
2013-12-26,26.0353
2013-12-27,26.0118
2013-12-28,26.0443
2013-12-29,25.9991
2013-12-30,25.9699
2013-12-31,25.9196
2014-01-01,25.8968
2014-01-02,25.8625
2014-01-03,25.8736
2014-01-04,25.8176
2014-01-05,25.7622
2014-01-06,25.6853
2014-01-07,25.6735
2014-01-08,25.7177
2014-01-09,25.7141
2014-01-10,25.6899
2014-01-11,25.7130
2014-01-12,25.7198
2014-01-13,25.7519
2014-01-14,25.7518
2014-01-15,25.6997
2014-01-16,25.6827
2014-01-17,25.7829
2014-01-18,25.9611
2014-01-19,26.1457
2014-01-20,26.3534
2014-01-21,26.4260
2014-01-22,26.4193
2014-01-23,26.4105
2014-01-24,26.3725
2014-01-25,26.3178
2014-01-26,26.2654
2014-01-27,26.2410
2014-01-28,26.1984
2014-01-29,26.1624
2014-01-30,26.0872
2014-01-31,25.9756
2014-02-01,25.7658
2014-02-02,25.5373
2014-02-03,25.3405
2014-02-04,25.2021
2014-02-05,25.1560
2014-02-06,25.1527
2014-02-07,25.1195
2014-02-08,25.2646
2014-02-09,25.3712
2014-02-10,25.4449
2014-02-11,25.5215
2014-02-12,25.5580
2014-02-13,25.6333
2014-02-14,25.6967
2014-02-15,25.8449
2014-02-16,26.0926
2014-02-17,26.2568
2014-02-18,26.3629
2014-02-19,26.4235
2014-02-20,26.4180
2014-02-21,26.3510
2014-02-22,26.2365
2014-02-23,26.1281
2014-02-24,26.0472
2014-02-25,25.9714
2014-02-26,25.9406
2014-02-27,25.9536
2014-02-28,25.8886
2014-03-01,25.8286
2014-03-02,25.7849
2014-03-03,25.7438
2014-03-04,25.7204
2014-03-05,25.7726
2014-03-06,25.8237
2014-03-07,25.8755
2014-03-08,25.9908
2014-03-09,26.1221
2014-03-10,26.3225
2014-03-11,26.4724
2014-03-12,26.5831
2014-03-13,26.7223
2014-03-14,26.8655
2014-03-15,26.9170
2014-03-16,26.8568
2014-03-17,26.8599
2014-03-18,26.9255
2014-03-19,27.0501
2014-03-20,27.1566
2014-03-21,27.2808
2014-03-22,27.4535
2014-03-23,27.5171
2014-03-24,27.5224
2014-03-25,27.5352
2014-03-26,27.5554
2014-03-27,27.7004
2014-03-28,27.8380
2014-03-29,27.8793
2014-03-30,27.8733
2014-03-31,27.8608
2014-04-01,27.8855
2014-04-02,27.8651
2014-04-03,27.8083
2014-04-04,27.7604
2014-04-05,27.7502
2014-04-06,27.7767
2014-04-07,27.7766
2014-04-08,27.8698
2014-04-09,27.9592
2014-04-10,28.0435
2014-04-11,28.0587
2014-04-12,28.0123
2014-04-13,28.0029
2014-04-14,27.9892
2014-04-15,27.9836
2014-04-16,28.0687
2014-04-17,28.1325
2014-04-18,28.0917
2014-04-19,28.0698
2014-04-20,28.0582
2014-04-21,28.0546
2014-04-22,28.0475
2014-04-23,28.0276
2014-04-24,27.9580
2014-04-25,27.9501
2014-04-26,27.9146
2014-04-27,27.8858
2014-04-28,27.9301
2014-04-29,28.0461
2014-04-30,28.1865
2014-05-01,28.2410
2014-05-02,28.1945
2014-05-03,28.1096
2014-05-04,28.0997
2014-05-05,28.2116
2014-05-06,28.3683
2014-05-07,28.5251
2014-05-08,28.4941
2014-05-09,28.3378
2014-05-10,28.2486
2014-05-11,28.2086
2014-05-12,28.1725
2014-05-13,28.1919
2014-05-14,28.1960
2014-05-15,28.1727
2014-05-16,28.1585
2014-05-17,28.1840
2014-05-18,28.2260
2014-05-19,28.2485
2014-05-20,28.3314
2014-05-21,28.4348
2014-05-22,28.5933
2014-05-23,28.6070
2014-05-24,28.5829
2014-05-25,28.5123
2014-05-26,28.4723
2014-05-27,28.4252
2014-05-28,28.3796
2014-05-29,28.3296
2014-05-30,28.2967
2014-05-31,28.2912
2014-06-01,28.2578
2014-06-02,28.2391
2014-06-03,28.1893
2014-06-04,28.2195
2014-06-05,28.3156
2014-06-06,28.3845
2014-06-07,28.3784
2014-06-08,28.3333
2014-06-09,28.3020
2014-06-10,28.3097
2014-06-11,28.3106
2014-06-12,28.3336
2014-06-13,28.3307
2014-06-14,28.3139
2014-06-15,28.3472
2014-06-16,28.3508
2014-06-17,28.2974
2014-06-18,28.2792
2014-06-19,28.2689
2014-06-20,28.1780
2014-06-21,28.1046
2014-06-22,28.1553
2014-06-23,28.1814
2014-06-24,28.1268
2014-06-25,28.0400
2014-06-26,27.8955
2014-06-27,27.7125
2014-06-28,27.5546
2014-06-29,27.4792
2014-06-30,27.4613
2014-07-01,27.4697
2014-07-02,27.4776
2014-07-03,27.4783
2014-07-04,27.4977
2014-07-05,27.5218
2014-07-06,27.4978
2014-07-07,27.4613
2014-07-08,27.4586
2014-07-09,27.4571
2014-07-10,27.5077
2014-07-11,27.5303
2014-07-12,27.4249
2014-07-13,27.3233
2014-07-14,27.2655
2014-07-15,27.2327
2014-07-16,27.2395
2014-07-17,27.1816
2014-07-18,27.0732
2014-07-19,26.9823
2014-07-20,26.9221
2014-07-21,26.8614
2014-07-22,26.7969
2014-07-23,26.8478
2014-07-24,26.8844
2014-07-25,26.8723
2014-07-26,26.8634
2014-07-27,26.8559
2014-07-28,26.8979
2014-07-29,26.9767
2014-07-30,26.9735
2014-07-31,27.0115
2014-08-01,27.0489
2014-08-02,27.0594
2014-08-03,27.0211
2014-08-04,26.9168
2014-08-05,26.8642
2014-08-06,26.8561
2014-08-07,26.8113
2014-08-08,26.8006
2014-08-09,26.7363
2014-08-10,26.6703
2014-08-11,26.6436
2014-08-12,26.5844
2014-08-13,26.4915
2014-08-14,26.4996
2014-08-15,26.5923
2014-08-16,26.6738
2014-08-17,26.6764
2014-08-18,26.6982
2014-08-19,26.7192
2014-08-20,26.7544
2014-08-21,26.7925
2014-08-22,26.8258
2014-08-23,26.9116
2014-08-24,26.9714
2014-08-25,26.9834
2014-08-26,26.9691
2014-08-27,26.9410
2014-08-28,26.9099
2014-08-29,26.9280
2014-08-30,26.9152
2014-08-31,26.7999
2014-09-01,26.7447
2014-09-02,26.8192
2014-09-03,26.8620
2014-09-04,26.9040
2014-09-05,26.9944
2014-09-06,27.0242
2014-09-07,26.9922
2014-09-08,27.0200
2014-09-09,27.0991
2014-09-10,27.1003
2014-09-11,27.1311
2014-09-12,27.1702
2014-09-13,27.1695
2014-09-14,27.1705
2014-09-15,27.1575
2014-09-16,27.1398
2014-09-17,27.1111
2014-09-18,27.0928
2014-09-19,27.1298
2014-09-20,27.1313
2014-09-21,27.0695
2014-09-22,27.0157
2014-09-23,26.9443
2014-09-24,26.9215
2014-09-25,26.8829
2014-09-26,26.8972
2014-09-27,26.9734
2014-09-28,26.9416
2014-09-29,26.9505
2014-09-30,26.9487
2014-10-01,26.9493
2014-10-02,26.9614
2014-10-03,26.9848
2014-10-04,27.0103
2014-10-05,27.0400
2014-10-06,27.1067
2014-10-07,27.1245
2014-10-08,27.0769
2014-10-09,27.0116
2014-10-10,27.0064
2014-10-11,27.0870
2014-10-12,27.1807
2014-10-13,27.2139
2014-10-14,27.2116
2014-10-15,27.1612
2014-10-16,27.1815
2014-10-17,27.1558
2014-10-18,27.1682
2014-10-19,27.1704
2014-10-20,27.0977
2014-10-21,27.0925
2014-10-22,27.1208
2014-10-23,27.1155
2014-10-24,27.1855
2014-10-25,27.1977
2014-10-26,27.1297
2014-10-27,27.1793
2014-10-28,27.2760
2014-10-29,27.3543
2014-10-30,27.3697
2014-10-31,27.3829
2014-11-01,27.3984
2014-11-02,27.4186
2014-11-03,27.5018
2014-11-04,27.4813
2014-11-05,27.4756
2014-11-06,27.4942
2014-11-07,27.5182
2014-11-08,27.5633
2014-11-09,27.5622
2014-11-10,27.5010
2014-11-11,27.4975
2014-11-12,27.5065
2014-11-13,27.5079
2014-11-14,27.4936
2014-11-15,27.4733
2014-11-16,27.5385
2014-11-17,27.6191
2014-11-18,27.6452
2014-11-19,27.6943
2014-11-20,27.6984
2014-11-21,27.6451
2014-11-22,27.5585
2014-11-23,27.5002
2014-11-24,27.4787
2014-11-25,27.4835
2014-11-26,27.4790
2014-11-27,27.4702
2014-11-28,27.4179
2014-11-29,27.4272
2014-11-30,27.4150
2014-12-01,27.4039
2014-12-02,27.3057
2014-12-03,27.2780
2014-12-04,27.2615
2014-12-05,27.2740
2014-12-06,27.2772
2014-12-07,27.3043
2014-12-08,27.3583
2014-12-09,27.3229
2014-12-10,27.3054
2014-12-11,27.3887
2014-12-12,27.3904
2014-12-13,27.3394
2014-12-14,27.2831
2014-12-15,27.3002
2014-12-16,27.3567
2014-12-17,27.4111
2014-12-18,27.4037
2014-12-19,27.2935
2014-12-20,27.2472
2014-12-21,27.2026
2014-12-22,27.0963
2014-12-23,27.0152
2014-12-24,27.0530
2014-12-25,27.0609
2014-12-26,27.0254
2014-12-27,27.0170
2014-12-28,26.9632
2014-12-29,26.9284
2014-12-30,26.8802
2014-12-31,26.7600
2015-01-01,26.6031
2015-01-02,26.6390
2015-01-03,26.6674
2015-01-04,26.7015
2015-01-05,26.7231
2015-01-06,26.7325
2015-01-07,26.7396
2015-01-08,26.7481
2015-01-09,26.7128
2015-01-10,26.6870
2015-01-11,26.6719
2015-01-12,26.6719
2015-01-13,26.6813
2015-01-14,26.7056
2015-01-15,26.8455
2015-01-16,27.0267
2015-01-17,27.1785
2015-01-18,27.2935
2015-01-19,27.3404
2015-01-20,27.2700
2015-01-21,27.2400
2015-01-22,27.2508
2015-01-23,27.2120
2015-01-24,27.2643
2015-01-25,27.3551
2015-01-26,27.3553
2015-01-27,27.3277
2015-01-28,27.2485
2015-01-29,27.2812
2015-01-30,27.3124
2015-01-31,27.3925
2015-02-01,27.4306
2015-02-02,27.4581
2015-02-03,27.4727
2015-02-04,27.4514
2015-02-05,27.4122
2015-02-06,27.4189
2015-02-07,27.4095
2015-02-08,27.3840
2015-02-09,27.3274
2015-02-10,27.2810
2015-02-11,27.2664
2015-02-12,27.3249
2015-02-13,27.3363
2015-02-14,27.3637
2015-02-15,27.3415
2015-02-16,27.3556
2015-02-17,27.3171
2015-02-18,27.2633
2015-02-19,27.2016
2015-02-20,27.2167
2015-02-21,27.2463
2015-02-22,27.3414
2015-02-23,27.5001
2015-02-24,27.7027
2015-02-25,27.7113
2015-02-26,27.7255
2015-02-27,27.7306
2015-02-28,27.6629
2015-03-01,27.5632
2015-03-02,27.4568
2015-03-03,27.4450
2015-03-04,27.4493
2015-03-05,27.4476
2015-03-06,27.4481
2015-03-07,27.3986
2015-03-08,27.3139
2015-03-09,27.2515
2015-03-10,27.2614
2015-03-11,27.2850
2015-03-12,27.3047
2015-03-13,27.3827
2015-03-14,27.4443
2015-03-15,27.5392
2015-03-16,27.6244
2015-03-17,27.6382
2015-03-18,27.6518
2015-03-19,27.6473
2015-03-20,27.6758
2015-03-21,27.7109
2015-03-22,27.7291
2015-03-23,27.7674
2015-03-24,27.8365
2015-03-25,27.8417
2015-03-26,27.9395
2015-03-27,27.9676
2015-03-28,27.9855
2015-03-29,28.0485
2015-03-30,28.0751
2015-03-31,28.1373
2015-04-01,28.1513
2015-04-02,28.1823
2015-04-03,28.2320
2015-04-04,28.2487
2015-04-05,28.1719
2015-04-06,28.1546
2015-04-07,28.2088
2015-04-08,28.2681
2015-04-09,28.3761
2015-04-10,28.5348
2015-04-11,28.6078
2015-04-12,28.6332
2015-04-13,28.6874
2015-04-14,28.7800
2015-04-15,28.7600
2015-04-16,28.7872
2015-04-17,28.9165
2015-04-18,28.8869
2015-04-19,28.8619
2015-04-20,28.8338
2015-04-21,28.8578
2015-04-22,28.8493
2015-04-23,28.8131
2015-04-24,28.7672
2015-04-25,28.7574
2015-04-26,28.7607
2015-04-27,28.7897
2015-04-28,28.8236
2015-04-29,28.8510
2015-04-30,28.8613
2015-05-01,28.8887
2015-05-02,28.9089
2015-05-03,28.8536
2015-05-04,28.8328
2015-05-05,28.7700
2015-05-06,28.7056
2015-05-07,28.6519
2015-05-08,28.6201
2015-05-09,28.6070
2015-05-10,28.6162
2015-05-11,28.6156
2015-05-12,28.6664
2015-05-13,28.7388
2015-05-14,28.7476
2015-05-15,28.7271
2015-05-16,28.6218
2015-05-17,28.4895
2015-05-18,28.4988
2015-05-19,28.4876
2015-05-20,28.4508
2015-05-21,28.5207
2015-05-22,28.6271
2015-05-23,28.6823
2015-05-24,28.7052
2015-05-25,28.6859
2015-05-26,28.7921
2015-05-27,28.9106
2015-05-28,28.9100
2015-05-29,28.8326
2015-05-30,28.8021
2015-05-31,28.7962
2015-06-01,28.7632
2015-06-02,28.7602
2015-06-03,28.7469
2015-06-04,28.7547
2015-06-05,28.7166
2015-06-06,28.6902
2015-06-07,28.7464
2015-06-08,28.7130
2015-06-09,28.6692
2015-06-10,28.6427
2015-06-11,28.6626
2015-06-12,28.6101
2015-06-13,28.5230
2015-06-14,28.5269
2015-06-15,28.5834
2015-06-16,28.6725
2015-06-17,28.7833
2015-06-18,28.8008
2015-06-19,28.8025
2015-06-20,28.8677
2015-06-21,28.9243
2015-06-22,28.8565
2015-06-23,28.7774
2015-06-24,28.7101
2015-06-25,28.7455
2015-06-26,28.8470
2015-06-27,28.8708
2015-06-28,28.8444
2015-06-29,28.7807
2015-06-30,28.6870
2015-07-01,28.6774
2015-07-02,28.6401
2015-07-03,28.6461
2015-07-04,28.7277
2015-07-05,28.7647
2015-07-06,28.7844
2015-07-07,28.7428
2015-07-08,28.7020
2015-07-09,28.7043
2015-07-10,28.6945
2015-07-11,28.6372
2015-07-12,28.5899
2015-07-13,28.6122
2015-07-14,28.6640
2015-07-15,28.7174
2015-07-16,28.7732
2015-07-17,28.7208
2015-07-18,28.6183
2015-07-19,28.5678
2015-07-20,28.4780
2015-07-21,28.3599
2015-07-22,28.2604
2015-07-23,28.2320
2015-07-24,28.2210
2015-07-25,28.2894
2015-07-26,28.3741
2015-07-27,28.4723
2015-07-28,28.4377
2015-07-29,28.3814
2015-07-30,28.3219
2015-07-31,28.3274
2015-08-01,28.2827
2015-08-02,28.3609
2015-08-03,28.4106
2015-08-04,28.3971
2015-08-05,28.4803
2015-08-06,28.5287
2015-08-07,28.6201
2015-08-08,28.6073
2015-08-09,28.5377
2015-08-10,28.5133
2015-08-11,28.5409
2015-08-12,28.5531
2015-08-13,28.6210
2015-08-14,28.6598
2015-08-15,28.6876
2015-08-16,28.6076
2015-08-17,28.5842
2015-08-18,28.5657
2015-08-19,28.5398
2015-08-20,28.6030
2015-08-21,28.6681
2015-08-22,28.6868
2015-08-23,28.6494
2015-08-24,28.5964
2015-08-25,28.6515
2015-08-26,28.6759
2015-08-27,28.6320
2015-08-28,28.5453
2015-08-29,28.4508
2015-08-30,28.3871
2015-08-31,28.3064
2015-09-01,28.2746
2015-09-02,28.3058
2015-09-03,28.3593
2015-09-04,28.4241
2015-09-05,28.4447
2015-09-06,28.4420
2015-09-07,28.4572
2015-09-08,28.3948
2015-09-09,28.2959
2015-09-10,28.2994
2015-09-11,28.2696
2015-09-12,28.2874
2015-09-13,28.4566
2015-09-14,28.5609
2015-09-15,28.6250
2015-09-16,28.6117
2015-09-17,28.6668
2015-09-18,28.7206
2015-09-19,28.7933
2015-09-20,28.8008
2015-09-21,28.7570
2015-09-22,28.6661
2015-09-23,28.6753
2015-09-24,28.6751
2015-09-25,28.6640
2015-09-26,28.6951
2015-09-27,28.6834
2015-09-28,28.6421
2015-09-29,28.6455
2015-09-30,28.7097
2015-10-01,28.7733
2015-10-02,28.8253
2015-10-03,28.7666
2015-10-04,28.6722
2015-10-05,28.6274
2015-10-06,28.7048
2015-10-07,28.8002
2015-10-08,28.8490
2015-10-09,28.9063
2015-10-10,28.8647
2015-10-11,28.8689
2015-10-12,28.8362
2015-10-13,28.8396
2015-10-14,28.8859
2015-10-15,28.9224
2015-10-16,28.9384
2015-10-17,28.9988
2015-10-18,29.0489
2015-10-19,29.0958
2015-10-20,29.1136
2015-10-21,29.1150
2015-10-22,29.1088
2015-10-23,29.1114
2015-10-24,29.0671
2015-10-25,29.0663
2015-10-26,29.0898
2015-10-27,29.2312
2015-10-28,29.3673
2015-10-29,29.3268
2015-10-30,29.2899
2015-10-31,29.2686
2015-11-01,29.2850
2015-11-02,29.3479
2015-11-03,29.3742
2015-11-04,29.3579
2015-11-05,29.3813
2015-11-06,29.4059
2015-11-07,29.3815
2015-11-08,29.4192
2015-11-09,29.4407
2015-11-10,29.4565
2015-11-11,29.4847
2015-11-12,29.5579
2015-11-13,29.6261
2015-11-14,29.6967
2015-11-15,29.7520
2015-11-16,29.7862
2015-11-17,29.8151
2015-11-18,29.8099
2015-11-19,29.7981
2015-11-20,29.7396
2015-11-21,29.6691
2015-11-22,29.6351
2015-11-23,29.6579
2015-11-24,29.6643
2015-11-25,29.6219
2015-11-26,29.6282
2015-11-27,29.6379
2015-11-28,29.5566
2015-11-29,29.5092
2015-11-30,29.4997
2015-12-01,29.4448
2015-12-02,29.3235
2015-12-03,29.1479
2015-12-04,28.9971
2015-12-05,28.8649
2015-12-06,28.8262
2015-12-07,28.9520
2015-12-08,29.0498
2015-12-09,29.0832
2015-12-10,29.1185
2015-12-11,29.1321
2015-12-12,29.1179
2015-12-13,29.1195
2015-12-14,29.0991
2015-12-15,29.0584
2015-12-16,29.0634
2015-12-17,29.0817
2015-12-18,29.0969
2015-12-19,29.1251
2015-12-20,29.1253
2015-12-21,29.1126
2015-12-22,29.0642
2015-12-23,28.9846
2015-12-24,28.9133
2015-12-25,28.9325
2015-12-26,28.9274
2015-12-27,28.9457
2015-12-28,28.8933
2015-12-29,28.9204
2015-12-30,28.8693
2015-12-31,28.7929
2016-01-01,28.6870
2016-01-02,28.6537
2016-01-03,28.6737
2016-01-04,28.7416
2016-01-05,28.7724
2016-01-06,28.8528
2016-01-07,28.8308
2016-01-08,28.8999
2016-01-09,28.9736
2016-01-10,29.0507
2016-01-11,29.1066
2016-01-12,29.1472
2016-01-13,29.1855
2016-01-14,29.1797
2016-01-15,29.1358
2016-01-16,29.0765
2016-01-17,29.0859
2016-01-18,29.1410
2016-01-19,29.1399
2016-01-20,29.1478
2016-01-21,29.1453
2016-01-22,29.1426
2016-01-23,29.1267
2016-01-24,29.1696
2016-01-25,29.1976
2016-01-26,29.1709
2016-01-27,29.1806
2016-01-28,29.1847
2016-01-29,29.1640
2016-01-30,29.1425
2016-01-31,29.1111
2016-02-01,29.0987
2016-02-02,29.1452
2016-02-03,29.1643
2016-02-04,29.1584
2016-02-05,29.1361
2016-02-06,29.1227
2016-02-07,29.1603
2016-02-08,29.1524
2016-02-09,29.1535
2016-02-10,29.1258
2016-02-11,29.1029
2016-02-12,29.0441
2016-02-13,28.9573
2016-02-14,28.9542
2016-02-15,28.9195
2016-02-16,28.8956
2016-02-17,28.8991
2016-02-18,28.8749
2016-02-19,28.8737
2016-02-20,28.8289
2016-02-21,28.8010
2016-02-22,28.7907
2016-02-23,28.7383
2016-02-24,28.7831
2016-02-25,28.8146
2016-02-26,28.8172
2016-02-27,28.8800
2016-02-28,28.8931
2016-02-29,28.8991
2016-03-01,28.8902
2016-03-02,28.8767
2016-03-03,28.8437
2016-03-04,28.8895
2016-03-05,28.9237
2016-03-06,28.9253
2016-03-07,28.8922
2016-03-08,28.8947
2016-03-09,28.8861
2016-03-10,28.9185
2016-03-11,28.9300
2016-03-12,28.8493
2016-03-13,28.8195
2016-03-14,28.7738
2016-03-15,28.8024
2016-03-16,28.8190
2016-03-17,28.8294
2016-03-18,28.8307
2016-03-19,28.8173
2016-03-20,28.7933
2016-03-21,28.7390
2016-03-22,28.7057
2016-03-23,28.7328
2016-03-24,28.7410
2016-03-25,28.7370
2016-03-26,28.7444
2016-03-27,28.7787
2016-03-28,28.8608
2016-03-29,28.8091
2016-03-30,28.7939
2016-03-31,28.7423
2016-04-01,28.6713
2016-04-02,28.6409
2016-04-03,28.6228
2016-04-04,28.6588
2016-04-05,28.6910
2016-04-06,28.6841
2016-04-07,28.7764
2016-04-08,28.9080
2016-04-09,28.9802
2016-04-10,28.9462
2016-04-11,28.9248
2016-04-12,28.8716
2016-04-13,28.8390
2016-04-14,28.8448
2016-04-15,28.8143
2016-04-16,28.7527
2016-04-17,28.7548
2016-04-18,28.7822
2016-04-19,28.8463
2016-04-20,28.8479
2016-04-21,28.8937
2016-04-22,28.8380
2016-04-23,28.8242
2016-04-24,28.7596
2016-04-25,28.7808
2016-04-26,28.6257
2016-04-27,28.5447
2016-04-28,28.4505
2016-04-29,28.4491
2016-04-30,28.5348
2016-05-01,28.5788
2016-05-02,28.4970
2016-05-03,28.3983
2016-05-04,28.4816
2016-05-05,28.5337
2016-05-06,28.5998
2016-05-07,28.6189
2016-05-08,28.5990
2016-05-09,28.5268
2016-05-10,28.4126
2016-05-11,28.3376
2016-05-12,28.1996
2016-05-13,28.1278
2016-05-14,28.0491
2016-05-15,28.0254
2016-05-16,28.0189
2016-05-17,27.9890
2016-05-18,27.9282
2016-05-19,27.8842
2016-05-20,27.7407
2016-05-21,27.6863
2016-05-22,27.6428
2016-05-23,27.6216
2016-05-24,27.6804
2016-05-25,27.7601
2016-05-26,27.7372
2016-05-27,27.6585
2016-05-28,27.6037
2016-05-29,27.6639
2016-05-30,27.6740
2016-05-31,27.5849
2016-06-01,27.5769
2016-06-02,27.5632
2016-06-03,27.6219
2016-06-04,27.6989
2016-06-05,27.7487
2016-06-06,27.6777
2016-06-07,27.7595
2016-06-08,27.7740
2016-06-09,27.8548
2016-06-10,27.8675
2016-06-11,27.9490
2016-06-12,28.0650
2016-06-13,28.1223
2016-06-14,28.1212
2016-06-15,28.1549
2016-06-16,28.0534
2016-06-17,27.9363
2016-06-18,27.7906
2016-06-19,27.6136
2016-06-20,27.5276
2016-06-21,27.4133
2016-06-22,27.3276
2016-06-23,27.1852
2016-06-24,27.0616
2016-06-25,26.9730
2016-06-26,26.9864
2016-06-27,27.0759
2016-06-28,27.2435
2016-06-29,27.4021
2016-06-30,27.4744
2016-07-01,27.3702
2016-07-02,27.3039
2016-07-03,27.2412
2016-07-04,27.1580
2016-07-05,27.0630
2016-07-06,26.9672
2016-07-07,26.8901
2016-07-08,26.8694
2016-07-09,26.9187
2016-07-10,26.8810
2016-07-11,26.8218
2016-07-12,26.7764
2016-07-13,26.7124
2016-07-14,26.6672
2016-07-15,26.6500
2016-07-16,26.6318
2016-07-17,26.6154
2016-07-18,26.6122
2016-07-19,26.6215
2016-07-20,26.6525
2016-07-21,26.6463
2016-07-22,26.5973
2016-07-23,26.5537
2016-07-24,26.5009
2016-07-25,26.5237
2016-07-26,26.5937
2016-07-27,26.6197
2016-07-28,26.5620
2016-07-29,26.4957
2016-07-30,26.5109
2016-07-31,26.5461
2016-08-01,26.5723
2016-08-02,26.5647
2016-08-03,26.5214
2016-08-04,26.4730
2016-08-05,26.4847
2016-08-06,26.4792
2016-08-07,26.3960
2016-08-08,26.3685
2016-08-09,26.3209
2016-08-10,26.2965
2016-08-11,26.3047
2016-08-12,26.3421
2016-08-13,26.3670
2016-08-14,26.3807
2016-08-15,26.3787
2016-08-16,26.3554
2016-08-17,26.3126
2016-08-18,26.2773
2016-08-19,26.2383
2016-08-20,26.1483
2016-08-21,26.0587
2016-08-22,26.0154
2016-08-23,26.0177
2016-08-24,26.0714
2016-08-25,26.1067
2016-08-26,26.1743
2016-08-27,26.2442
2016-08-28,26.2960
2016-08-29,26.3100
2016-08-30,26.3260
2016-08-31,26.2616
2016-09-01,26.2531
2016-09-02,26.2160
2016-09-03,26.1938
2016-09-04,26.2051
2016-09-05,26.2098
2016-09-06,26.2193
2016-09-07,26.2406
2016-09-08,26.2730
2016-09-09,26.2430
2016-09-10,26.1879
2016-09-11,26.1238
2016-09-12,26.1276
2016-09-13,26.1563
2016-09-14,26.1709
2016-09-15,26.1454
2016-09-16,26.0893
2016-09-17,26.1040
2016-09-18,26.1691
2016-09-19,26.2386
2016-09-20,26.3143
2016-09-21,26.3941
2016-09-22,26.4621
2016-09-23,26.4451
2016-09-24,26.3939
2016-09-25,26.3324
2016-09-26,26.2848
2016-09-27,26.2326
2016-09-28,26.2025
2016-09-29,26.1646
2016-09-30,26.1106
2016-10-01,26.0151
2016-10-02,25.9535
2016-10-03,25.8839
2016-10-04,25.8133
2016-10-05,25.8053
2016-10-06,25.8106
2016-10-07,25.8301
2016-10-08,25.8985
2016-10-09,25.9816
2016-10-10,26.0458
2016-10-11,26.0964
2016-10-12,26.1600
2016-10-13,26.1582
2016-10-14,26.1010
2016-10-15,25.9927
2016-10-16,25.9301
2016-10-17,25.9120
2016-10-18,25.9099
2016-10-19,25.8892
2016-10-20,25.9036
2016-10-21,25.9813
2016-10-22,26.0335
2016-10-23,26.0957
2016-10-24,26.0996
2016-10-25,26.0513
2016-10-26,26.0218
2016-10-27,25.9739
2016-10-28,25.9311
2016-10-29,25.9031
2016-10-30,25.8651
2016-10-31,25.8314
2016-11-01,25.8655
2016-11-02,25.9552
2016-11-03,26.0370
2016-11-04,26.0546
2016-11-05,26.0578
2016-11-06,26.0128
2016-11-07,26.0163
2016-11-08,26.0294
2016-11-09,26.0288
2016-11-10,26.0654
2016-11-11,26.0553
2016-11-12,26.0559
2016-11-13,26.0705
2016-11-14,26.0918
2016-11-15,26.0954
2016-11-16,26.1124
2016-11-17,26.1301
2016-11-18,26.1295
2016-11-19,26.1044
2016-11-20,26.0698
2016-11-21,26.0750
2016-11-22,26.1192
2016-11-23,26.1347
2016-11-24,26.1473
2016-11-25,26.1277
2016-11-26,26.1342
2016-11-27,26.1397
2016-11-28,26.1225
2016-11-29,26.1256
2016-11-30,26.2137
2016-12-01,26.3111
2016-12-02,26.3210
2016-12-03,26.2799
2016-12-04,26.2920
2016-12-05,26.3130
2016-12-06,26.2953
2016-12-07,26.2774
2016-12-08,26.2373
2016-12-09,26.1540
2016-12-10,26.0904
2016-12-11,26.0667
2016-12-12,26.0897
2016-12-13,26.1223
2016-12-14,26.1600
2016-12-15,26.1660
2016-12-16,26.1409
2016-12-17,26.1153
2016-12-18,26.0992
2016-12-19,26.0508
2016-12-20,26.0230
2016-12-21,26.0731
2016-12-22,26.1438
2016-12-23,26.2142
2016-12-24,26.2724
2016-12-25,26.3441
2016-12-26,26.3719
2016-12-27,26.3561
2016-12-28,26.3523
2016-12-29,26.3434
2016-12-30,26.2758
2016-12-31,26.2170
2017-01-01,26.1700
2017-01-02,26.1522
2017-01-03,26.1254
2017-01-04,26.1304
2017-01-05,26.1286
2017-01-06,26.1187
2017-01-07,26.1084
2017-01-08,26.1250
2017-01-09,26.1285
2017-01-10,26.1077
2017-01-11,26.1557
2017-01-12,26.2549
2017-01-13,26.3133
2017-01-14,26.3774
2017-01-15,26.3675
2017-01-16,26.3876
2017-01-17,26.3950
2017-01-18,26.4148
2017-01-19,26.3798
2017-01-20,26.3176
2017-01-21,26.3040
2017-01-22,26.2534
2017-01-23,26.2215
2017-01-24,26.1613
2017-01-25,26.2233
2017-01-26,26.1309
2017-01-27,26.0680
2017-01-28,26.0116
2017-01-29,26.0441
2017-01-30,26.1100
2017-01-31,26.0758
2017-02-01,26.0533
2017-02-02,26.1130
2017-02-03,26.1610
2017-02-04,26.2332
2017-02-05,26.3580
2017-02-06,26.4356
2017-02-07,26.2360
2017-02-08,26.3768
2017-02-09,26.3372
2017-02-10,26.4846
2017-02-11,26.7008
2017-02-12,26.8643
2017-02-13,26.9990
2017-02-14,27.1661
2017-02-15,27.1749
2017-02-16,27.1750
2017-02-17,27.0831
2017-02-18,26.9484
2017-02-19,26.8787
2017-02-20,26.9260
2017-02-21,26.9169
2017-02-22,26.9911
2017-02-23,27.0474
2017-02-24,27.1054
2017-02-25,27.1231
2017-02-26,27.0964
2017-02-27,27.1242
2017-02-28,27.0822
2017-03-01,27.0064
2017-03-02,26.9294
2017-03-03,26.9195
2017-03-04,26.9338
2017-03-05,26.9866
2017-03-06,27.0526
2017-03-07,27.1304
2017-03-08,27.1632
2017-03-09,27.1734
2017-03-10,27.1736
2017-03-11,27.1491
2017-03-12,27.1654
2017-03-13,27.2503
2017-03-14,27.4019
2017-03-15,27.4721
2017-03-16,27.4753
2017-03-17,27.4996
2017-03-18,27.5199
2017-03-19,27.5385
2017-03-20,27.5248
2017-03-21,27.5302
2017-03-22,27.5599
2017-03-23,27.5903
2017-03-24,27.6199
2017-03-25,27.6106
2017-03-26,27.6220
2017-03-27,27.6576
2017-03-28,27.6367
2017-03-29,27.6556
2017-03-30,27.6680
2017-03-31,27.6634
2017-04-01,27.6828
2017-04-02,27.7027
2017-04-03,27.7237
2017-04-04,27.8071
2017-04-05,27.9028
2017-04-06,27.9246
2017-04-07,27.9331
2017-04-08,27.9573
2017-04-09,27.9585
2017-04-10,27.9045
2017-04-11,27.8753
2017-04-12,27.9341
2017-04-13,28.0255
2017-04-14,28.1974
2017-04-15,28.3807
2017-04-16,28.5127
2017-04-17,28.5295
2017-04-18,28.4123
2017-04-19,28.3062
2017-04-20,28.2320
2017-04-21,28.1826
2017-04-22,28.1526
2017-04-23,28.2167
2017-04-24,28.3000
2017-04-25,28.3042
2017-04-26,28.3146
2017-04-27,28.3056
2017-04-28,28.2952
2017-04-29,28.2508
2017-04-30,28.1873
2017-05-01,28.1442
2017-05-02,28.1433
2017-05-03,28.1833
2017-05-04,28.1799
2017-05-05,28.1564
2017-05-06,28.2004
2017-05-07,28.3349
2017-05-08,28.3563
2017-05-09,28.3563
2017-05-10,28.3148
2017-05-11,28.2519
2017-05-12,28.2112
2017-05-13,28.2014
2017-05-14,28.2475
2017-05-15,28.2774
2017-05-16,28.2282
2017-05-17,28.1812
2017-05-18,28.2193
2017-05-19,28.2048
2017-05-20,28.2058
2017-05-21,28.2179
2017-05-22,28.2697
2017-05-23,28.3134
2017-05-24,28.3412
2017-05-25,28.3454
2017-05-26,28.3505
2017-05-27,28.3607
2017-05-28,28.3303
2017-05-29,28.2911
2017-05-30,28.2506
2017-05-31,28.2039
2017-06-01,28.1364
2017-06-02,28.1011
2017-06-03,28.0860
2017-06-04,28.0571
2017-06-05,28.0535
2017-06-06,28.0903
2017-06-07,28.1005
2017-06-08,28.0692
2017-06-09,28.0377
2017-06-10,27.9561
2017-06-11,27.9698
2017-06-12,28.0573
2017-06-13,28.1330
2017-06-14,28.1574
2017-06-15,28.1454
2017-06-16,28.1296
2017-06-17,28.1118
2017-06-18,28.0600
2017-06-19,28.0346
2017-06-20,28.0180
2017-06-21,28.0392
2017-06-22,28.0445
2017-06-23,28.0508
2017-06-24,28.0575
2017-06-25,28.0919
2017-06-26,28.0024
2017-06-27,27.9203
2017-06-28,27.9414
2017-06-29,27.9507
2017-06-30,27.8873
2017-07-01,27.8436
2017-07-02,27.8600
2017-07-03,27.9036
2017-07-04,27.9388
2017-07-05,27.8995
2017-07-06,27.8531
2017-07-07,27.8282
2017-07-08,27.7724
2017-07-09,27.7208
2017-07-10,27.6989
2017-07-11,27.6886
2017-07-12,27.6856
2017-07-13,27.6503
2017-07-14,27.5955
2017-07-15,27.5594
2017-07-16,27.5150
2017-07-17,27.4914
2017-07-18,27.4404
2017-07-19,27.4059
2017-07-20,27.3938
2017-07-21,27.3730
2017-07-22,27.3618
2017-07-23,27.2851
2017-07-24,27.1576
2017-07-25,27.0750
2017-07-26,27.1272
2017-07-27,27.1523
2017-07-28,27.1631
2017-07-29,27.2011
2017-07-30,27.2122
2017-07-31,27.1840
2017-08-01,27.1095
2017-08-02,27.0588
2017-08-03,27.0236
2017-08-04,26.9627
2017-08-05,26.8893
2017-08-06,26.8152
2017-08-07,26.7891
2017-08-08,26.7662
2017-08-09,26.8256
2017-08-10,26.8602
2017-08-11,26.8562
2017-08-12,26.8167
2017-08-13,26.7337
2017-08-14,26.6995
2017-08-15,26.6760
2017-08-16,26.6285
2017-08-17,26.6967
2017-08-18,26.7310
2017-08-19,26.7135
2017-08-20,26.6555
2017-08-21,26.5886
2017-08-22,26.5995
2017-08-23,26.6991
2017-08-24,26.7299
2017-08-25,26.7491
2017-08-26,26.7742
2017-08-27,26.7661
2017-08-28,26.6818
2017-08-29,26.5850
2017-08-30,26.5118
2017-08-31,26.4119
2017-09-01,26.3113
2017-09-02,26.2563
2017-09-03,26.2490
2017-09-04,26.2269
2017-09-05,26.2201
2017-09-06,26.2074
2017-09-07,26.2420
2017-09-08,26.2994
2017-09-09,26.3195
2017-09-10,26.3428
2017-09-11,26.3145
2017-09-12,26.3263
2017-09-13,26.3739
2017-09-14,26.3730
2017-09-15,26.3584
2017-09-16,26.3284
2017-09-17,26.3239
2017-09-18,26.3055
2017-09-19,26.2431
2017-09-20,26.2641
2017-09-21,26.2911
2017-09-22,26.3438
2017-09-23,26.4207
2017-09-24,26.4809
2017-09-25,26.5008
2017-09-26,26.5167
2017-09-27,26.5383
2017-09-28,26.5757
2017-09-29,26.6057
2017-09-30,26.6491
2017-10-01,26.7090
2017-10-02,26.7743
2017-10-03,26.8179
2017-10-04,26.8156
2017-10-05,26.7361
2017-10-06,26.6229
2017-10-07,26.5142
2017-10-08,26.3815
2017-10-09,26.2546
2017-10-10,26.2237
2017-10-11,26.2556
2017-10-12,26.2756
2017-10-13,26.2834
2017-10-14,26.3025
2017-10-15,26.2625
2017-10-16,26.1776
2017-10-17,26.0532
2017-10-18,26.0007
2017-10-19,25.9607
2017-10-20,25.9114
2017-10-21,25.9104
2017-10-22,25.9925
2017-10-23,26.0853
2017-10-24,26.2035
2017-10-25,26.2657
2017-10-26,26.2664
2017-10-27,26.3199
2017-10-28,26.3177
2017-10-29,26.3223
2017-10-30,26.2257
2017-10-31,26.1804
2017-11-01,26.1922
2017-11-02,26.1955
2017-11-03,26.1681
2017-11-04,26.0463
2017-11-05,25.8980
2017-11-06,25.8361
2017-11-07,25.8007
2017-11-08,25.7703
2017-11-09,25.7298
2017-11-10,25.7291
2017-11-11,25.7461
2017-11-12,25.8453
2017-11-13,25.9292
2017-11-14,25.9105
2017-11-15,25.8686
2017-11-16,25.8472
2017-11-17,25.8506
2017-11-18,25.8070
2017-11-19,25.7452
2017-11-20,25.7174
2017-11-21,25.7026
2017-11-22,25.7057
2017-11-23,25.7270
2017-11-24,25.7060
2017-11-25,25.6879
2017-11-26,25.6466
2017-11-27,25.5761
2017-11-28,25.5407
2017-11-29,25.5092
2017-11-30,25.4846
2017-12-01,25.4763
2017-12-02,25.4999
2017-12-03,25.5190
2017-12-04,25.5631
2017-12-05,25.5718
2017-12-06,25.6253
2017-12-07,25.6604
2017-12-08,25.6475
2017-12-09,25.6463
2017-12-10,25.6615
2017-12-11,25.7082
2017-12-12,25.6369
2017-12-13,25.5402
2017-12-14,25.5357
2017-12-15,25.4847
2017-12-16,25.5017
2017-12-17,25.4885
2017-12-18,25.5245
2017-12-19,25.5703
2017-12-20,25.5880
2017-12-21,25.5968
2017-12-22,25.6435
2017-12-23,25.6831
2017-12-24,25.6920
2017-12-25,25.6842
2017-12-26,25.6865
2017-12-27,25.7014
2017-12-28,25.7437
2017-12-29,25.7031
2017-12-30,25.6371
2017-12-31,25.5392
2018-01-01,25.4773
2018-01-02,25.3906
2018-01-03,25.3819
2018-01-04,25.4789
2018-01-05,25.5082
2018-01-06,25.5175
2018-01-07,25.4938
2018-01-08,25.4971
2018-01-09,25.5340
2018-01-10,25.5733
2018-01-11,25.6356
2018-01-12,25.7259
2018-01-13,25.8225
2018-01-14,25.8254
2018-01-15,25.8153
2018-01-16,25.8754
2018-01-17,25.9337
2018-01-18,25.9623
2018-01-19,25.9566
2018-01-20,25.9610
2018-01-21,25.9768
2018-01-22,25.9922
2018-01-23,25.9338
2018-01-24,25.8977
2018-01-25,25.9505
2018-01-26,25.9782
2018-01-27,25.9772
2018-01-28,25.9407
2018-01-29,25.8831
2018-01-30,25.9020
2018-01-31,25.9415
2018-02-01,25.9395
2018-02-02,25.9170
2018-02-03,25.8943
2018-02-04,25.8843
2018-02-05,25.9240
2018-02-06,25.9436
2018-02-07,25.9450
2018-02-08,25.9586
2018-02-09,25.9734
2018-02-10,25.9382
2018-02-11,25.8555
2018-02-12,25.8336
2018-02-13,25.8189
2018-02-14,25.8544
2018-02-15,25.9169
2018-02-16,25.8642
2018-02-17,25.8215
2018-02-18,25.8257
2018-02-19,25.8736
2018-02-20,25.9327
2018-02-21,25.9932
2018-02-22,26.1123
2018-02-23,26.1673
2018-02-24,26.1493
2018-02-25,26.1127
2018-02-26,26.1569
2018-02-27,26.1662
2018-02-28,26.1447
2018-03-01,26.1161
2018-03-02,26.0959
2018-03-03,26.1689
2018-03-04,26.2223
2018-03-05,26.2369
2018-03-06,26.2509
2018-03-07,26.2531
2018-03-08,26.2033
2018-03-09,26.1775
2018-03-10,26.2395
2018-03-11,26.3241
2018-03-12,26.3806
2018-03-13,26.4271
2018-03-14,26.4269
2018-03-15,26.4279
2018-03-16,26.4293
2018-03-17,26.4185
2018-03-18,26.3701
2018-03-19,26.3222
2018-03-20,26.3667
2018-03-21,26.3965
2018-03-22,26.4048
2018-03-23,26.3898
2018-03-24,26.3847
2018-03-25,26.4573
2018-03-26,26.5878
2018-03-27,26.6714
2018-03-28,26.7227
2018-03-29,26.8488
2018-03-30,26.9433
2018-03-31,26.8920
2018-04-01,26.8925
2018-04-02,26.9276
2018-04-03,26.9865
2018-04-04,27.0458
2018-04-05,27.0434
2018-04-06,27.0497
2018-04-07,27.0316
2018-04-08,27.0854
2018-04-09,27.1669
2018-04-10,27.2577
2018-04-11,27.2834
2018-04-12,27.2974
2018-04-13,27.2675
2018-04-14,27.2435
2018-04-15,27.2408
2018-04-16,27.2721
2018-04-17,27.2968
2018-04-18,27.3132
2018-04-19,27.3503
2018-04-20,27.2849
2018-04-21,27.1470
2018-04-22,27.1776
2018-04-23,27.3406
2018-04-24,27.3889
2018-04-25,27.4392
2018-04-26,27.4740
2018-04-27,27.4703
2018-04-28,27.4601
2018-04-29,27.4505
2018-04-30,27.4504
2018-05-01,27.4729
2018-05-02,27.5129
2018-05-03,27.5572
2018-05-04,27.5553
2018-05-05,27.5439
2018-05-06,27.6020
2018-05-07,27.6021
2018-05-08,27.5295
2018-05-09,27.4948
2018-05-10,27.5610
2018-05-11,27.6563
2018-05-12,27.7085
2018-05-13,27.7540
2018-05-14,27.7979
2018-05-15,27.8500
2018-05-16,27.8754
2018-05-17,27.9046
2018-05-18,27.8546
2018-05-19,27.8301
2018-05-20,27.8391
2018-05-21,27.8129
2018-05-22,27.8272
2018-05-23,27.8089
2018-05-24,27.8444
2018-05-25,27.8924
2018-05-26,27.8701
2018-05-27,27.8521
2018-05-28,27.8380
2018-05-29,27.7645
2018-05-30,27.6828
2018-05-31,27.6396
2018-06-01,27.6528
2018-06-02,27.7294
2018-06-03,27.7718
2018-06-04,27.7613
2018-06-05,27.7403
2018-06-06,27.7064
2018-06-07,27.7022
2018-06-08,27.7032
2018-06-09,27.7331
2018-06-10,27.8037
2018-06-11,27.8418
2018-06-12,27.8587
2018-06-13,27.8540
2018-06-14,27.8171
2018-06-15,27.7255
2018-06-16,27.6999
2018-06-17,27.7675
2018-06-18,27.9089
2018-06-19,27.9536
2018-06-20,27.9300
2018-06-21,27.9206
2018-06-22,27.9527
2018-06-23,27.9555
2018-06-24,27.9515
2018-06-25,27.9259
2018-06-26,27.9292
2018-06-27,27.9229
2018-06-28,27.9428
2018-06-29,27.8823
2018-06-30,27.8743
2018-07-01,27.8202
2018-07-02,27.7483
2018-07-03,27.6496
2018-07-04,27.6254
2018-07-05,27.6053
2018-07-06,27.5914
2018-07-07,27.6493
2018-07-08,27.6916
2018-07-09,27.6602
2018-07-10,27.6141
2018-07-11,27.5711
2018-07-12,27.5724
2018-07-13,27.5440
2018-07-14,27.4606
2018-07-15,27.4209
2018-07-16,27.4295
2018-07-17,27.4294
2018-07-18,27.4213
2018-07-19,27.3859
2018-07-20,27.3601
2018-07-21,27.3709
2018-07-22,27.3994
2018-07-23,27.4230
2018-07-24,27.3574
2018-07-25,27.2937
2018-07-26,27.2804
2018-07-27,27.2907
2018-07-28,27.2544
2018-07-29,27.2371
2018-07-30,27.2380
2018-07-31,27.2470
2018-08-01,27.2506
2018-08-02,27.1988
2018-08-03,27.1282
2018-08-04,27.0838
2018-08-05,27.0622
2018-08-06,27.0537
2018-08-07,27.0636
2018-08-08,27.0619
2018-08-09,27.0867
2018-08-10,27.1090
2018-08-11,27.2048
2018-08-12,27.2462
2018-08-13,27.2418
2018-08-14,27.1993
2018-08-15,27.1959
2018-08-16,27.2117
2018-08-17,27.2106
2018-08-18,27.1433
2018-08-19,27.1104
2018-08-20,27.1150
2018-08-21,27.1552
2018-08-22,27.2025
2018-08-23,27.1752
2018-08-24,27.1703
2018-08-25,27.1368
2018-08-26,27.0792
2018-08-27,27.0018
2018-08-28,26.9545
2018-08-29,26.9468
2018-08-30,27.0108
2018-08-31,26.9718
2018-09-01,26.9318
2018-09-02,26.9532
2018-09-03,27.0003
2018-09-04,27.0466
2018-09-05,27.0341
2018-09-06,27.0435
2018-09-07,27.0959
2018-09-08,27.0955
2018-09-09,27.0752
2018-09-10,27.0294
2018-09-11,26.9708
2018-09-12,26.9216
2018-09-13,26.9611
2018-09-14,26.9558
2018-09-15,26.9284
2018-09-16,26.8488
2018-09-17,26.8085
2018-09-18,26.8313
2018-09-19,26.8484
2018-09-20,26.9062
2018-09-21,26.9257
2018-09-22,26.9841
2018-09-23,27.1237
2018-09-24,27.2192
2018-09-25,27.2445
2018-09-26,27.2170
2018-09-27,27.2069
2018-09-28,27.1875
2018-09-29,27.1939
2018-09-30,27.3328
2018-10-01,27.4506
2018-10-02,27.4858
2018-10-03,27.5114
2018-10-04,27.5470
2018-10-05,27.5734
2018-10-06,27.6262
2018-10-07,27.6619
2018-10-08,27.6502
2018-10-09,27.6813
2018-10-10,27.7140
2018-10-11,27.6898
2018-10-12,27.6534
2018-10-13,27.6143
2018-10-14,27.5435
2018-10-15,27.4650
2018-10-16,27.4530
2018-10-17,27.4292
2018-10-18,27.3931
2018-10-19,27.4387
2018-10-20,27.5132
2018-10-21,27.5672
2018-10-22,27.6168
2018-10-23,27.6620
2018-10-24,27.7026
2018-10-25,27.7076
2018-10-26,27.6694
2018-10-27,27.5943
2018-10-28,27.5393
2018-10-29,27.5728
2018-10-30,27.6905
2018-10-31,27.8344
2018-11-01,27.8759
2018-11-02,27.8736
2018-11-03,27.8893
2018-11-04,27.8746
2018-11-05,27.8222
2018-11-06,27.7475
2018-11-07,27.6853
2018-11-08,27.6242
2018-11-09,27.5868
2018-11-10,27.5030
2018-11-11,27.5496
2018-11-12,27.6133
2018-11-13,27.6473
2018-11-14,27.6038
2018-11-15,27.5703
2018-11-16,27.5719
2018-11-17,27.5988
2018-11-18,27.5999
2018-11-19,27.6086
2018-11-20,27.5680
2018-11-21,27.5351
2018-11-22,27.5326
2018-11-23,27.5756
2018-11-24,27.5705
2018-11-25,27.5818
2018-11-26,27.5987
2018-11-27,27.5363
2018-11-28,27.5515
2018-11-29,27.6277
2018-11-30,27.6368
2018-12-01,27.6528
2018-12-02,27.6915
2018-12-03,27.7181
2018-12-04,27.7367
2018-12-05,27.7540
2018-12-06,27.7077
2018-12-07,27.6438
2018-12-08,27.5472
2018-12-09,27.4756
2018-12-10,27.3822
2018-12-11,27.4204
2018-12-12,27.4544
2018-12-13,27.4416
2018-12-14,27.4308
2018-12-15,27.4225
2018-12-16,27.3825
2018-12-17,27.3689
2018-12-18,27.3835
2018-12-19,27.4178
2018-12-20,27.5212
2018-12-21,27.5526
2018-12-22,27.5323
2018-12-23,27.4798
2018-12-24,27.4605
2018-12-25,27.4806
2018-12-26,27.4521
2018-12-27,27.4150
2018-12-28,27.3752
2018-12-29,27.3654
2018-12-30,27.3429
2018-12-31,27.2822
2019-01-01,27.2157
2019-01-02,27.2323
2019-01-03,27.2623
2019-01-04,27.2592
2019-01-05,27.2458
2019-01-06,27.1987
2019-01-07,27.2198
2019-01-08,27.2255
2019-01-09,27.3126
2019-01-10,27.3524
2019-01-11,27.2904
2019-01-12,27.2911
2019-01-13,27.2442
2019-01-14,27.1866
2019-01-15,27.1460
2019-01-16,27.1146
2019-01-17,27.1161
2019-01-18,27.0964
2019-01-19,27.0670
2019-01-20,27.0354
2019-01-21,27.0073
2019-01-22,27.0118
2019-01-23,27.0052
2019-01-24,27.0365
2019-01-25,27.0842
2019-01-26,27.2206
2019-01-27,27.2597
2019-01-28,27.2436
2019-01-29,27.2205
2019-01-30,27.1934
2019-01-31,27.1273
2019-02-01,27.0460
2019-02-02,27.0198
2019-02-03,27.0647
2019-02-04,27.1576
2019-02-05,27.1808
2019-02-06,27.1405
2019-02-07,27.0904
2019-02-08,27.0362
2019-02-09,27.0591
2019-02-10,27.1182
2019-02-11,27.2384
2019-02-12,27.3135
2019-02-13,27.3229
2019-02-14,27.3049
2019-02-15,27.3063
2019-02-16,27.3640
2019-02-17,27.4659
2019-02-18,27.5141
2019-02-19,27.5356
2019-02-20,27.5457
2019-02-21,27.5598
2019-02-22,27.6066
2019-02-23,27.6285
2019-02-24,27.6484
2019-02-25,27.7313
2019-02-26,27.8563
2019-02-27,27.9435
2019-02-28,28.0085
2019-03-01,27.9722
2019-03-02,27.9844
2019-03-03,27.9685
2019-03-04,28.0227
2019-03-05,28.0239
2019-03-06,28.0151
2019-03-07,28.0354
2019-03-08,28.0743
2019-03-09,28.0861
2019-03-10,28.0731
2019-03-11,28.0517
2019-03-12,28.0821
2019-03-13,28.0887
2019-03-14,28.1444
2019-03-15,28.2073
2019-03-16,28.2558
2019-03-17,28.3375
2019-03-18,28.3984
2019-03-19,28.3808
2019-03-20,28.3388
2019-03-21,28.3602
2019-03-22,28.3588
2019-03-23,28.3291
2019-03-24,28.2716
2019-03-25,28.2576
2019-03-26,28.2631
2019-03-27,28.2731
2019-03-28,28.2625
2019-03-29,28.2706
2019-03-30,28.2531
2019-03-31,28.2946
2019-04-01,28.3581
2019-04-02,28.4149
2019-04-03,28.4162
2019-04-04,28.4024
2019-04-05,28.3429
2019-04-06,28.3116
2019-04-07,28.3038
2019-04-08,28.3402
2019-04-09,28.3944
2019-04-10,28.4395
2019-04-11,28.4328
2019-04-12,28.3914
2019-04-13,28.4364
2019-04-14,28.5019
2019-04-15,28.5491
2019-04-16,28.5677
2019-04-17,28.5705
2019-04-18,28.5884
2019-04-19,28.6166
2019-04-20,28.6050
2019-04-21,28.5804
2019-04-22,28.5331
2019-04-23,28.5124
2019-04-24,28.6019
2019-04-25,28.6553
2019-04-26,28.6809
2019-04-27,28.6580
2019-04-28,28.6638
2019-04-29,28.6602
2019-04-30,28.6496
2019-05-01,28.6352
2019-05-02,28.6383
2019-05-03,28.6743
2019-05-04,28.6655
2019-05-05,28.6696
2019-05-06,28.6943
2019-05-07,28.7283
2019-05-08,28.7204
2019-05-09,28.6443
2019-05-10,28.5589
2019-05-11,28.4987
2019-05-12,28.4496
2019-05-13,28.4160
2019-05-14,28.4256
2019-05-15,28.4479
2019-05-16,28.4774
2019-05-17,28.4810
2019-05-18,28.5124
2019-05-19,28.5254
2019-05-20,28.5643
2019-05-21,28.5817
2019-05-22,28.5541
2019-05-23,28.5071
2019-05-24,28.5512
2019-05-25,28.6631
2019-05-26,28.7071
2019-05-27,28.7761
2019-05-28,28.7991
2019-05-29,28.7561
2019-05-30,28.6861
2019-05-31,28.6597
2019-06-01,28.5929
2019-06-02,28.5494
2019-06-03,28.5389
2019-06-04,28.6028
2019-06-05,28.5765
2019-06-06,28.5439
2019-06-07,28.5039
2019-06-08,28.4635
2019-06-09,28.4335
2019-06-10,28.4669
2019-06-11,28.5102
2019-06-12,28.4894
2019-06-13,28.4108
2019-06-14,28.3788
2019-06-15,28.3646
2019-06-16,28.3114
2019-06-17,28.2642
2019-06-18,28.2003
2019-06-19,28.1114
2019-06-20,28.1381
2019-06-21,28.1926
2019-06-22,28.1619
2019-06-23,28.0488
2019-06-24,27.9710
2019-06-25,27.9143
2019-06-26,27.8884
2019-06-27,27.9234
2019-06-28,27.9560
2019-06-29,27.8986
2019-06-30,27.8719
2019-07-01,27.8836
2019-07-02,27.8813
2019-07-03,27.8913
2019-07-04,27.9243
2019-07-05,27.9311
2019-07-06,27.9171
2019-07-07,27.8663
2019-07-08,27.7657
2019-07-09,27.7056
2019-07-10,27.6779
2019-07-11,27.7532
2019-07-12,27.8297
2019-07-13,27.8598
2019-07-14,27.8057
2019-07-15,27.7458
2019-07-16,27.6575
2019-07-17,27.5115
2019-07-18,27.4604
2019-07-19,27.5607
2019-07-20,27.6402
2019-07-21,27.6709
2019-07-22,27.6842
2019-07-23,27.6515
2019-07-24,27.5822
2019-07-25,27.4793
2019-07-26,27.3939
2019-07-27,27.4054
2019-07-28,27.4585
2019-07-29,27.4618
2019-07-30,27.4358
2019-07-31,27.4250
2019-08-01,27.4577
2019-08-02,27.4696
2019-08-03,27.4503
2019-08-04,27.4123
2019-08-05,27.3538
2019-08-06,27.2409
2019-08-07,27.1158
2019-08-08,26.9925
2019-08-09,26.9326
2019-08-10,26.9348
2019-08-11,26.9606
2019-08-12,26.9686
2019-08-13,26.9968
2019-08-14,27.0384
2019-08-15,27.0257
2019-08-16,27.0371
2019-08-17,27.0758
2019-08-18,27.0576
2019-08-19,26.9725
2019-08-20,26.9134
2019-08-21,26.8649
2019-08-22,26.8252
2019-08-23,26.7738
2019-08-24,26.7188
2019-08-25,26.6835
2019-08-26,26.7056
2019-08-27,26.7202
2019-08-28,26.7295
2019-08-29,26.7118
2019-08-30,26.6919
2019-08-31,26.6687
2019-09-01,26.6326
2019-09-02,26.6077
2019-09-03,26.5926
2019-09-04,26.5477
2019-09-05,26.5286
2019-09-06,26.5131
2019-09-07,26.5432
2019-09-08,26.5195
2019-09-09,26.3969
2019-09-10,26.2773
2019-09-11,26.1911
2019-09-12,26.2219
2019-09-13,26.2594
2019-09-14,26.3708
2019-09-15,26.4867
2019-09-16,26.6154
2019-09-17,26.6926
2019-09-18,26.7645
2019-09-19,26.8646
2019-09-20,26.9012
2019-09-21,26.8946
2019-09-22,26.8717
2019-09-23,26.9233
2019-09-24,26.9684
2019-09-25,26.9490
2019-09-26,26.9793
2019-09-27,27.0006
2019-09-28,26.9994
2019-09-29,27.0523
2019-09-30,27.1239
2019-10-01,27.1625
2019-10-02,27.2424
2019-10-03,27.2399
2019-10-04,27.1758
2019-10-05,27.0663
2019-10-06,26.9918
2019-10-07,26.9762
2019-10-08,26.9787
2019-10-09,27.0474
2019-10-10,27.1335
2019-10-11,27.1799
2019-10-12,27.2466
2019-10-13,27.2469
2019-10-14,27.2254
2019-10-15,27.1898
2019-10-16,27.1690
2019-10-17,27.1528
2019-10-18,27.2188
2019-10-19,27.3025
2019-10-20,27.3481
2019-10-21,27.3507
2019-10-22,27.3433
2019-10-23,27.3434
2019-10-24,27.3451
2019-10-25,27.3733
2019-10-26,27.3706
2019-10-27,27.3728
2019-10-28,27.3788
2019-10-29,27.3552
2019-10-30,27.3764
2019-10-31,27.3584
2019-11-01,27.2906
2019-11-02,27.2721
2019-11-03,27.2197
2019-11-04,27.1627
2019-11-05,27.1835
2019-11-06,27.1454
2019-11-07,27.1206
2019-11-08,27.1018
2019-11-09,27.1823
2019-11-10,27.2912
2019-11-11,27.3583
2019-11-12,27.3435
2019-11-13,27.2961
2019-11-14,27.2712
2019-11-15,27.2476
2019-11-16,27.2262
2019-11-17,27.2840
2019-11-18,27.3761
2019-11-19,27.4223
2019-11-20,27.3491
2019-11-21,27.2534
2019-11-22,27.1517
2019-11-23,27.1292
2019-11-24,27.1014
2019-11-25,27.0623
2019-11-26,27.0791
2019-11-27,27.1660
2019-11-28,27.1756
2019-11-29,27.1267
2019-11-30,27.1052
2019-12-01,27.1069
2019-12-02,27.1770
2019-12-03,27.2247
2019-12-04,27.1475
2019-12-05,27.0953
2019-12-06,26.9998
2019-12-07,26.9088
2019-12-08,26.9329
2019-12-09,27.0077
2019-12-10,27.0416
2019-12-11,27.0355
2019-12-12,27.0032
2019-12-13,26.9818
2019-12-14,27.0094
2019-12-15,27.0240
2019-12-16,26.9831
2019-12-17,26.9045
2019-12-18,26.8580
2019-12-19,26.8958
2019-12-20,27.0176
2019-12-21,27.0373
2019-12-22,26.9566
2019-12-23,26.9402
2019-12-24,26.9495
2019-12-25,26.9547
2019-12-26,26.8592
2019-12-27,26.7701
2019-12-28,26.8346
2019-12-29,26.9703
2019-12-30,27.1189
2019-12-31,27.1523
2020-01-01,27.1885
2020-01-02,27.1541
2020-01-03,27.1647
2020-01-04,27.1984
2020-01-05,27.2043
2020-01-06,27.1898
2020-01-07,27.1129
2020-01-08,27.0583
2020-01-09,27.0160
2020-01-10,27.0393
2020-01-11,27.0322
2020-01-12,26.9827
2020-01-13,26.9797
2020-01-14,26.9970
2020-01-15,27.0031
2020-01-16,26.9535
2020-01-17,26.9109
2020-01-18,26.8100
2020-01-19,26.8623
2020-01-20,26.9635
2020-01-21,26.9550
2020-01-22,26.9473
2020-01-23,26.9653
2020-01-24,26.9304
2020-01-25,26.9568
2020-01-26,27.0250
2020-01-27,27.0456
2020-01-28,27.0637
2020-01-29,27.0237
2020-01-30,26.9385
2020-01-31,26.9261
2020-02-01,27.0148
2020-02-02,27.0237
2020-02-03,26.9350
2020-02-04,26.9194
2020-02-05,26.8792
2020-02-06,26.8507
2020-02-07,26.8319
2020-02-08,26.7602
2020-02-09,26.7614
2020-02-10,26.8050
2020-02-11,26.8761
2020-02-12,26.8829
2020-02-13,26.8902
2020-02-14,26.9670
2020-02-15,27.0179
2020-02-16,27.0463
2020-02-17,27.0503
2020-02-18,27.1204
2020-02-19,27.1703
2020-02-20,27.1654
2020-02-21,27.1553
2020-02-22,27.2078
2020-02-23,27.1924
2020-02-24,27.1427
2020-02-25,27.1158
2020-02-26,27.1344
2020-02-27,27.1488
2020-02-28,27.1558
2020-02-29,27.2069
2020-03-01,27.2248
2020-03-02,27.2307
2020-03-03,27.2596
2020-03-04,27.3210
2020-03-05,27.3546
2020-03-06,27.4042
2020-03-07,27.4440
2020-03-08,27.4443
2020-03-09,27.4537
2020-03-10,27.4572
2020-03-11,27.4709
2020-03-12,27.5529
2020-03-13,27.6370
2020-03-14,27.7070
2020-03-15,27.8013
2020-03-16,27.8615
2020-03-17,27.8945
2020-03-18,27.9191
2020-03-19,27.9411
2020-03-20,27.9182
2020-03-21,27.9067
2020-03-22,27.9121
2020-03-23,27.9178
2020-03-24,27.8475
2020-03-25,27.7581
2020-03-26,27.7465
2020-03-27,27.7750
2020-03-28,27.8100
2020-03-29,27.7432
2020-03-30,27.7716
2020-03-31,27.9205
2020-04-01,27.9741
2020-04-02,27.9661
2020-04-03,27.9885
2020-04-04,28.0130
2020-04-05,28.0226
2020-04-06,27.9938
2020-04-07,28.0287
2020-04-08,28.1075
2020-04-09,28.1573
2020-04-10,28.1932
2020-04-11,28.2157
2020-04-12,28.2200
2020-04-13,28.2285
2020-04-14,28.2903
2020-04-15,28.3883
2020-04-16,28.3887
2020-04-17,28.3459
2020-04-18,28.2851
2020-04-19,28.2586
2020-04-20,28.2654
2020-04-21,28.2901
2020-04-22,28.2955
2020-04-23,28.2940
2020-04-24,28.2808
2020-04-25,28.2342
2020-04-26,28.2176
2020-04-27,28.1567
2020-04-28,28.1362
2020-04-29,28.1209
2020-04-30,28.0638
2020-05-01,27.9973
2020-05-02,27.9686
2020-05-03,27.9157
2020-05-04,27.8814
2020-05-05,27.8316
2020-05-06,27.7929
2020-05-07,27.8565
2020-05-08,27.8555
2020-05-09,27.8091
2020-05-10,27.7103
2020-05-11,27.6707
2020-05-12,27.6486
2020-05-13,27.5981
2020-05-14,27.4883
2020-05-15,27.3879
2020-05-16,27.3691
2020-05-17,27.4181
2020-05-18,27.4417
2020-05-19,27.4202
2020-05-20,27.4648
2020-05-21,27.5356
2020-05-22,27.5052
2020-05-23,27.4164
2020-05-24,27.3705
2020-05-25,27.3506
2020-05-26,27.3511
2020-05-27,27.3943
2020-05-28,27.4410
2020-05-29,27.4754
2020-05-30,27.4816
2020-05-31,27.4755
2020-06-01,27.5113
2020-06-02,27.5577
2020-06-03,27.6042
2020-06-04,27.5331
2020-06-05,27.4574
2020-06-06,27.4094
2020-06-07,27.2917
2020-06-08,27.2806
2020-06-09,27.3555
2020-06-10,27.3422
2020-06-11,27.3097
2020-06-12,27.2716
2020-06-13,27.2552
2020-06-14,27.2822
2020-06-15,27.2903
2020-06-16,27.3184
2020-06-17,27.3056
2020-06-18,27.2383
2020-06-19,27.2197
2020-06-20,27.1873
2020-06-21,27.2078
2020-06-22,27.2839
2020-06-23,27.3537
2020-06-24,27.4039
2020-06-25,27.4630
2020-06-26,27.4939
2020-06-27,27.4852
2020-06-28,27.4611
2020-06-29,27.4782
2020-06-30,27.3962
2020-07-01,27.3182
2020-07-02,27.2656
2020-07-03,27.2718
2020-07-04,27.3336
2020-07-05,27.3638
2020-07-06,27.4419
2020-07-07,27.5119
2020-07-08,27.5029
2020-07-09,27.4805
2020-07-10,27.4173
2020-07-11,27.2931
2020-07-12,27.1641
2020-07-13,27.1049
2020-07-14,27.0757
2020-07-15,26.9989
2020-07-16,26.9431
2020-07-17,27.0018
2020-07-18,27.0787
2020-07-19,27.1127
2020-07-20,27.0927
2020-07-21,27.0033
2020-07-22,26.9596
2020-07-23,26.9552
2020-07-24,26.9618
2020-07-25,26.9226
2020-07-26,26.8433
2020-07-27,26.7726
2020-07-28,26.7359
2020-07-29,26.6544
2020-07-30,26.5599
2020-07-31,26.4895
2020-08-01,26.4665
2020-08-02,26.4266
2020-08-03,26.4044
2020-08-04,26.3655
2020-08-05,26.3383
2020-08-06,26.3280
2020-08-07,26.2858
2020-08-08,26.1840
2020-08-09,26.0997
2020-08-10,26.0869
2020-08-11,26.1425
2020-08-12,26.2273
2020-08-13,26.3954
2020-08-14,26.4923
2020-08-15,26.4965
2020-08-16,26.4309
2020-08-17,26.3722
2020-08-18,26.3358
2020-08-19,26.2729
2020-08-20,26.1842
2020-08-21,26.1419
2020-08-22,26.1694
2020-08-23,26.1816
2020-08-24,26.1490
2020-08-25,26.1296
2020-08-26,26.1485
2020-08-27,26.2130
2020-08-28,26.3213
2020-08-29,26.3117
2020-08-30,26.2236
2020-08-31,26.1110
2020-09-01,26.0882
2020-09-02,26.0595
2020-09-03,26.0649
2020-09-04,26.0795
2020-09-05,26.1206
2020-09-06,26.1205
2020-09-07,26.1051
2020-09-08,26.0946
2020-09-09,26.0637
2020-09-10,26.0485
2020-09-11,26.0293
2020-09-12,26.0131
2020-09-13,26.0386
2020-09-14,26.1118
2020-09-15,26.1533
2020-09-16,26.1382
2020-09-17,26.0867
2020-09-18,26.0112
2020-09-19,25.9657
2020-09-20,25.9470
2020-09-21,25.9440
2020-09-22,25.9318
2020-09-23,25.9338
2020-09-24,25.9546
2020-09-25,25.9316
2020-09-26,25.9062
2020-09-27,25.9171
2020-09-28,25.9819
2020-09-29,25.9986
2020-09-30,25.9925
2020-10-01,25.9780
2020-10-02,25.9700
2020-10-03,25.9320
2020-10-04,25.8729
2020-10-05,25.8204
2020-10-06,25.8753
2020-10-07,25.9219
2020-10-08,25.8468
2020-10-09,25.7502
2020-10-10,25.6941
2020-10-11,25.6795
2020-10-12,25.6616
2020-10-13,25.6525
2020-10-14,25.6193
2020-10-15,25.5686
2020-10-16,25.5486
2020-10-17,25.5703
2020-10-18,25.5866
2020-10-19,25.5492
2020-10-20,25.4764
2020-10-21,25.4452
2020-10-22,25.4458
2020-10-23,25.4373
2020-10-24,25.4284
2020-10-25,25.3539
2020-10-26,25.1970
2020-10-27,25.0862
2020-10-28,24.9515
2020-10-29,24.9030
2020-10-30,24.8483
2020-10-31,24.8849
2020-11-01,24.9799
2020-11-02,25.1458
2020-11-03,25.2624
2020-11-04,25.3129
2020-11-05,25.3372
2020-11-06,25.3545
2020-11-07,25.3985
2020-11-08,25.5570
2020-11-09,25.6991
2020-11-10,25.7200
2020-11-11,25.7028
2020-11-12,25.7359
2020-11-13,25.7565
2020-11-14,25.7782
2020-11-15,25.8143
2020-11-16,25.8036
2020-11-17,25.7290
2020-11-18,25.5923
2020-11-19,25.4914
2020-11-20,25.5273
2020-11-21,25.5028
2020-11-22,25.4636
2020-11-23,25.4679
2020-11-24,25.4831
2020-11-25,25.4779
2020-11-26,25.4278
2020-11-27,25.3682
2020-11-28,25.3424
2020-11-29,25.3219
2020-11-30,25.3238
2020-12-01,25.2981
2020-12-02,25.2894
2020-12-03,25.3724
2020-12-04,25.4184
2020-12-05,25.4423
2020-12-06,25.4850
2020-12-07,25.5621
2020-12-08,25.5990
2020-12-09,25.6033
2020-12-10,25.5754
2020-12-11,25.5604
2020-12-12,25.5792
2020-12-13,25.6109
2020-12-14,25.6766
2020-12-15,25.6800
2020-12-16,25.6685
2020-12-17,25.6357
2020-12-18,25.6276
2020-12-19,25.6443
2020-12-20,25.6078
2020-12-21,25.5860
2020-12-22,25.5960
2020-12-23,25.6499
2020-12-24,25.6449
2020-12-25,25.6311
2020-12-26,25.5757
2020-12-27,25.5676
2020-12-28,25.5716
2020-12-29,25.5706
2020-12-30,25.5141
2020-12-31,25.4631
2021-01-01,25.4474
2021-01-02,25.4622
2021-01-03,25.4686
2021-01-04,25.4365
2021-01-05,25.4068
2021-01-06,25.3938
2021-01-07,25.4771
2021-01-08,25.5047
2021-01-09,25.4704
2021-01-10,25.4534
2021-01-11,25.4833
2021-01-12,25.5267
2021-01-13,25.5067
2021-01-14,25.4800
2021-01-15,25.4106
2021-01-16,25.3812
2021-01-17,25.4058
2021-01-18,25.4534
2021-01-19,25.5336
2021-01-20,25.6567
2021-01-21,25.7395
2021-01-22,25.7598
2021-01-23,25.7795
2021-01-24,25.7898
2021-01-25,25.7832
2021-01-26,25.7663
2021-01-27,25.7532
2021-01-28,25.7461
2021-01-29,25.7202
2021-01-30,25.7206
2021-01-31,25.6730
2021-02-01,25.6998
2021-02-02,25.7316
2021-02-03,25.7379
2021-02-04,25.7564
2021-02-05,25.7675
2021-02-06,25.7824
2021-02-07,25.8175
2021-02-08,25.7925
2021-02-09,25.6703
2021-02-10,25.6345
2021-02-11,25.6058
2021-02-12,25.6502
2021-02-13,25.7095
2021-02-14,25.7630
2021-02-15,25.8209
2021-02-16,25.9540
2021-02-17,26.0025
2021-02-18,26.0298
2021-02-19,26.0136
2021-02-20,25.9804
2021-02-21,25.9063
2021-02-22,25.8255
2021-02-23,25.8106
2021-02-24,25.7734
2021-02-25,25.6908
2021-02-26,25.6076
2021-02-27,25.6318
2021-02-28,25.7089
2021-03-01,25.8262
2021-03-02,25.9593
2021-03-03,26.1427
2021-03-04,26.2858
2021-03-05,26.3855
2021-03-06,26.5035
2021-03-07,26.6740
2021-03-08,26.7511
2021-03-09,26.7628
2021-03-10,26.7190
2021-03-11,26.6681
2021-03-12,26.6642
2021-03-13,26.6799
2021-03-14,26.6749
2021-03-15,26.6427
2021-03-16,26.6443
2021-03-17,26.6589
2021-03-18,26.6734
2021-03-19,26.7093
2021-03-20,26.7277
2021-03-21,26.7596
2021-03-22,26.7664
2021-03-23,26.7592
2021-03-24,26.7470
2021-03-25,26.7585
2021-03-26,26.8033
2021-03-27,26.8147
2021-03-28,26.8007
2021-03-29,26.7885
2021-03-30,26.8256
2021-03-31,26.8629
2021-04-01,26.9080
2021-04-02,26.9481
2021-04-03,26.9736
2021-04-04,26.9947
2021-04-05,27.0028
2021-04-06,27.0384
2021-04-07,27.0560
2021-04-08,27.0636
2021-04-09,27.0630
2021-04-10,27.0935
2021-04-11,27.1357
2021-04-12,27.2023
2021-04-13,27.2279
2021-04-14,27.2702
2021-04-15,27.3169
2021-04-16,27.3163
2021-04-17,27.2960
2021-04-18,27.2903
2021-04-19,27.3171
2021-04-20,27.3135
2021-04-21,27.2421
2021-04-22,27.1853
2021-04-23,27.1797
2021-04-24,27.2371
2021-04-25,27.2722
2021-04-26,27.3791
2021-04-27,27.3808
2021-04-28,27.3332
2021-04-29,27.3317
2021-04-30,27.3395
2021-05-01,27.4007
2021-05-02,27.4443
2021-05-03,27.4359
2021-05-04,27.4245
2021-05-05,27.4272
2021-05-06,27.4251
2021-05-07,27.4186
2021-05-08,27.4368
2021-05-09,27.4906
2021-05-10,27.4924
2021-05-11,27.4618
2021-05-12,27.4402
2021-05-13,27.4714
2021-05-14,27.5284
2021-05-15,27.5994
2021-05-16,27.6278
2021-05-17,27.6279
2021-05-18,27.6516
2021-05-19,27.6591
2021-05-20,27.6235
2021-05-21,27.5994
2021-05-22,27.5692
2021-05-23,27.5508
2021-05-24,27.5323
2021-05-25,27.5447
2021-05-26,27.5613
2021-05-27,27.5466
2021-05-28,27.5230
2021-05-29,27.5269
2021-05-30,27.5705
2021-05-31,27.5967
2021-06-01,27.5609
2021-06-02,27.5776
2021-06-03,27.5805
2021-06-04,27.6186
2021-06-05,27.6646
2021-06-06,27.6882
2021-06-07,27.7613
2021-06-08,27.7659
2021-06-09,27.7604
2021-06-10,27.7475
2021-06-11,27.6859
2021-06-12,27.7094
2021-06-13,27.7124
2021-06-14,27.6698
2021-06-15,27.6373
2021-06-16,27.6189
2021-06-17,27.6483
2021-06-18,27.6309
2021-06-19,27.6148
2021-06-20,27.5958
2021-06-21,27.5815
2021-06-22,27.5756
2021-06-23,27.6218
2021-06-24,27.6163
2021-06-25,27.5686
2021-06-26,27.5753
2021-06-27,27.6110
2021-06-28,27.6228
2021-06-29,27.6122
2021-06-30,27.5600
2021-07-01,27.5040
2021-07-02,27.5151
2021-07-03,27.4808
2021-07-04,27.4339
2021-07-05,27.3759
2021-07-06,27.3779
2021-07-07,27.2824
2021-07-08,27.1915
2021-07-09,27.1569
2021-07-10,27.1911
2021-07-11,27.1927
2021-07-12,27.1892
2021-07-13,27.1419
2021-07-14,27.1308
2021-07-15,27.1428
2021-07-16,27.1175
2021-07-17,27.0617
2021-07-18,26.9623
2021-07-19,26.8798
2021-07-20,26.8479
2021-07-21,26.8381
2021-07-22,26.9033
2021-07-23,26.9669
2021-07-24,27.0138
2021-07-25,26.9843
2021-07-26,26.8758
2021-07-27,26.7353
2021-07-28,26.5757
2021-07-29,26.4916
2021-07-30,26.4931
2021-07-31,26.5849
2021-08-01,26.6238
2021-08-02,26.6071
2021-08-03,26.5741
2021-08-04,26.5463
2021-08-05,26.5209
2021-08-06,26.5613
2021-08-07,26.5980
2021-08-08,26.5948
2021-08-09,26.5790
2021-08-10,26.5972
2021-08-11,26.6594
2021-08-12,26.6677
2021-08-13,26.7056
2021-08-14,26.7252
2021-08-15,26.7196
2021-08-16,26.6627
2021-08-17,26.5978
2021-08-18,26.5546
2021-08-19,26.4909
2021-08-20,26.4400
2021-08-21,26.4272
2021-08-22,26.4553
2021-08-23,26.4506
2021-08-24,26.4330
2021-08-25,26.3990
2021-08-26,26.4004
2021-08-27,26.4336
2021-08-28,26.4571
2021-08-29,26.4831
2021-08-30,26.4644
2021-08-31,26.4277
2021-09-01,26.4213
2021-09-02,26.4273
2021-09-03,26.4167
2021-09-04,26.4661
2021-09-05,26.4993
2021-09-06,26.5304
2021-09-07,26.5452
2021-09-08,26.5822
2021-09-09,26.6014
2021-09-10,26.5884
2021-09-11,26.5225
2021-09-12,26.4877
2021-09-13,26.4437
2021-09-14,26.3870
2021-09-15,26.3093
2021-09-16,26.3191
2021-09-17,26.3718
2021-09-18,26.4237
2021-09-19,26.4403
2021-09-20,26.4277
2021-09-21,26.4011
2021-09-22,26.4178
2021-09-23,26.4501
2021-09-24,26.4643
2021-09-25,26.4334
2021-09-26,26.3826
2021-09-27,26.2822
2021-09-28,26.2415
2021-09-29,26.2324
2021-09-30,26.2201
2021-10-01,26.2249
2021-10-02,26.1878
2021-10-03,26.1280
2021-10-04,26.1448
2021-10-05,26.1739
2021-10-06,26.1772
2021-10-07,26.1635
2021-10-08,26.1577
2021-10-09,26.1550
2021-10-10,26.1247
2021-10-11,26.0709
2021-10-12,26.0173
2021-10-13,25.9802
2021-10-14,25.8592
2021-10-15,25.7915
2021-10-16,25.7715
2021-10-17,25.7901
2021-10-18,25.8267
2021-10-19,25.8441
2021-10-20,25.8676
2021-10-21,25.8723
2021-10-22,25.8295
2021-10-23,25.7686
2021-10-24,25.7321
2021-10-25,25.6849
2021-10-26,25.6332
2021-10-27,25.5746
2021-10-28,25.5711
2021-10-29,25.5815
2021-10-30,25.6360
2021-10-31,25.6198
2021-11-01,25.6737
2021-11-02,25.7132
2021-11-03,25.7994
2021-11-04,25.8923
2021-11-05,25.9371
2021-11-06,25.9608
2021-11-07,25.9267
2021-11-08,25.8706
2021-11-09,25.8412
2021-11-10,25.8189
2021-11-11,25.8120
2021-11-12,25.8051
2021-11-13,25.8032
2021-11-14,25.8030
2021-11-15,25.8305
2021-11-16,25.8667
2021-11-17,25.8674
2021-11-18,25.8797
2021-11-19,25.9120
2021-11-20,25.9512
2021-11-21,25.9667
2021-11-22,26.0008
2021-11-23,26.0561
2021-11-24,26.0574
2021-11-25,26.0136
2021-11-26,25.9434
2021-11-27,25.8952
2021-11-28,25.8596
2021-11-29,25.8295
2021-11-30,25.7842
2021-12-01,25.7212
2021-12-02,25.6601
2021-12-03,25.6279
2021-12-04,25.6194
2021-12-05,25.5617
2021-12-06,25.5406
2021-12-07,25.5369
2021-12-08,25.5271
2021-12-09,25.5047
2021-12-10,25.4828
2021-12-11,25.4908
2021-12-12,25.4836
2021-12-13,25.4824
2021-12-14,25.4686
2021-12-15,25.4426
2021-12-16,25.4288
2021-12-17,25.4606
2021-12-18,25.5200
2021-12-19,25.5610
2021-12-20,25.5846
2021-12-21,25.5732
2021-12-22,25.5320
2021-12-23,25.4762
2021-12-24,25.4409
2021-12-25,25.4396
2021-12-26,25.4581
2021-12-27,25.4665
2021-12-28,25.4514
2021-12-29,25.4283
2021-12-30,25.4305
2021-12-31,25.4337
2022-01-01,25.4330
2022-01-02,25.4433
2022-01-03,25.4572
2022-01-04,25.4663
2022-01-05,25.4579
2022-01-06,25.4761
2022-01-07,25.5140
2022-01-08,25.5546
2022-01-09,25.5814
2022-01-10,25.5926
2022-01-11,25.5940
2022-01-12,25.6338
2022-01-13,25.6881
2022-01-14,25.7218
2022-01-15,25.7307
2022-01-16,25.7248
2022-01-17,25.7013
2022-01-18,25.6454
2022-01-19,25.5980
2022-01-20,25.5901
2022-01-21,25.6063
2022-01-22,25.6434
2022-01-23,25.7049
2022-01-24,25.7772
2022-01-25,25.8293
2022-01-26,25.8523
2022-01-27,25.8233
2022-01-28,25.8047
2022-01-29,25.8159
2022-01-30,25.8450
2022-01-31,25.8708
2022-02-01,25.8828
2022-02-02,25.8879
2022-02-03,25.9068
2022-02-04,25.9166
2022-02-05,25.9091
2022-02-06,25.9160
2022-02-07,25.9373
2022-02-08,25.9799
2022-02-09,25.9980
2022-02-10,25.9700
2022-02-11,25.9383
2022-02-12,25.9345
2022-02-13,25.9426
2022-02-14,25.9492
2022-02-15,25.9623
2022-02-16,25.9787
2022-02-17,26.0001
2022-02-18,26.0049
2022-02-19,26.0040
2022-02-20,25.9349
2022-02-21,25.9348
2022-02-22,25.9299
2022-02-23,25.9367
2022-02-24,25.9436
2022-02-25,25.9621
2022-02-26,25.9610
2022-02-27,25.9368
2022-02-28,25.9097
2022-03-01,25.8831
2022-03-02,25.8535
2022-03-03,25.8623
2022-03-04,25.8902
2022-03-05,25.9284
2022-03-06,25.9779
2022-03-07,26.0505
2022-03-08,26.1102
2022-03-09,26.1528
2022-03-10,26.1701
2022-03-11,26.1675
2022-03-12,26.1444
2022-03-13,26.1585
2022-03-14,26.1759
2022-03-15,26.2025
2022-03-16,26.2253
2022-03-17,26.2663
2022-03-18,26.3028
2022-03-19,26.3355
2022-03-20,26.3499
2022-03-21,26.3902
2022-03-22,26.4195
2022-03-23,26.4678
2022-03-24,26.5318
2022-03-25,26.5985
2022-03-26,26.6418
2022-03-27,26.6754
2022-03-28,26.6827
2022-03-29,26.6814
2022-03-30,26.7040
2022-03-31,26.7292
2022-04-01,26.7695
2022-04-02,26.7673
2022-04-03,26.7709
2022-04-04,26.7501
2022-04-05,26.7325
2022-04-06,26.7246
2022-04-07,26.7242
2022-04-08,26.7429
2022-04-09,26.7550
2022-04-10,26.7593
2022-04-11,26.7646
2022-04-12,26.7736
2022-04-13,26.8035
2022-04-14,26.8341
2022-04-15,26.8483
2022-04-16,26.8489
2022-04-17,26.8629
2022-04-18,26.8962
2022-04-19,26.8853
2022-04-20,26.8597
2022-04-21,26.8522
2022-04-22,26.8367
2022-04-23,26.8047
2022-04-24,26.7676
2022-04-25,26.7354
2022-04-26,26.7216
2022-04-27,26.7073
2022-04-28,26.6986
2022-04-29,26.6936
2022-04-30,26.6967
2022-05-01,26.6880
2022-05-02,26.6806
2022-05-03,26.7007
2022-05-04,26.7125
2022-05-05,26.7228
2022-05-06,26.7388
2022-05-07,26.7400
2022-05-08,26.7427
2022-05-09,26.7550
2022-05-10,26.7550
2022-05-11,26.7335
2022-05-12,26.6974
2022-05-13,26.6796
2022-05-14,26.6731
2022-05-15,26.7109
2022-05-16,26.7580
2022-05-17,26.7942
2022-05-18,26.8115
2022-05-19,26.8225
2022-05-20,26.8280
2022-05-21,26.8427
2022-05-22,26.8652
2022-05-23,26.8832
2022-05-24,26.8945
2022-05-25,26.8916
2022-05-26,26.8644
2022-05-27,26.8231
2022-05-28,26.7915
2022-05-29,26.7915
2022-05-30,26.8163
2022-05-31,26.8482
2022-06-01,26.8799
2022-06-02,26.9066
2022-06-03,26.9267
2022-06-04,26.9609
2022-06-05,27.0145
2022-06-06,27.0466
2022-06-07,27.0524
2022-06-08,27.0422
2022-06-09,27.0385
2022-06-10,27.0395
2022-06-11,27.0412
2022-06-12,27.0296
2022-06-13,27.0173
2022-06-14,27.0152
2022-06-15,27.0221
2022-06-16,27.0503
2022-06-17,27.0595
2022-06-18,27.0382
2022-06-19,27.0168
2022-06-20,27.0066
2022-06-21,26.9955
2022-06-22,26.9868
2022-06-23,26.9843
2022-06-24,26.9994
2022-06-25,27.0302
2022-06-26,27.0309
2022-06-27,27.0164
2022-06-28,26.9928
2022-06-29,26.9643
2022-06-30,26.9590
2022-07-01,26.9547
2022-07-02,26.9662
2022-07-03,26.9705
2022-07-04,26.9513
2022-07-05,26.9089
2022-07-06,26.8783
2022-07-07,26.8430
2022-07-08,26.8049
2022-07-09,26.7774
2022-07-10,26.7517
2022-07-11,26.7367
2022-07-12,26.7368
2022-07-13,26.7433
2022-07-14,26.7114
2022-07-15,26.6490
2022-07-16,26.5921
2022-07-17,26.5543
2022-07-18,26.5465
2022-07-19,26.5407
2022-07-20,26.5322
2022-07-21,26.5177
2022-07-22,26.4933
2022-07-23,26.4496
2022-07-24,26.4125
2022-07-25,26.3800
2022-07-26,26.3577
2022-07-27,26.3247
2022-07-28,26.2541
2022-07-29,26.1878
2022-07-30,26.1328
2022-07-31,26.0790
2022-08-01,26.0376
2022-08-02,25.9959
2022-08-03,25.9559
2022-08-04,25.9105
2022-08-05,25.8817
2022-08-06,25.8499
2022-08-07,25.8390
2022-08-08,25.8521
2022-08-09,25.8803
2022-08-10,25.8885
2022-08-11,25.8618
2022-08-12,25.8107
2022-08-13,25.7644
2022-08-14,25.7240
2022-08-15,25.6842
2022-08-16,25.6556
2022-08-17,25.6644
2022-08-18,25.6795
2022-08-19,25.6889
2022-08-20,25.7210
2022-08-21,25.7843
2022-08-22,25.8536
2022-08-23,25.9120
2022-08-24,25.9839
2022-08-25,26.0317
2022-08-26,26.0167
2022-08-27,25.9960
2022-08-28,25.9808
2022-08-29,25.9313
2022-08-30,25.8740
2022-08-31,25.8207
2022-09-01,25.7790
2022-09-02,25.7474
2022-09-03,25.7302
2022-09-04,25.7341
2022-09-05,25.7382
2022-09-06,25.7350
2022-09-07,25.6998
2022-09-08,25.6701
2022-09-09,25.6511
2022-09-10,25.6574
2022-09-11,25.6798
2022-09-12,25.7000
2022-09-13,25.7154
2022-09-14,25.7239
2022-09-15,25.7287
2022-09-16,25.7308
2022-09-17,25.7438
2022-09-18,25.7736
2022-09-19,25.8059
2022-09-20,25.8216
2022-09-21,25.8166
2022-09-22,25.8059
2022-09-23,25.8035
2022-09-24,25.8228
2022-09-25,25.8404
2022-09-26,25.8616
2022-09-27,25.8605
2022-09-28,25.8489
2022-09-29,25.8471
2022-09-30,25.8499
2022-10-01,25.8482
2022-10-02,25.8665
2022-10-03,25.8739
2022-10-04,25.8815
2022-10-05,25.9100
2022-10-06,25.9465
2022-10-07,25.9641
2022-10-08,25.9710
2022-10-09,25.9749
2022-10-10,25.9712
2022-10-11,25.9532
2022-10-12,25.9266
2022-10-13,25.8870
2022-10-14,25.8448
2022-10-15,25.8201
2022-10-16,25.8293
2022-10-17,25.8585
2022-10-18,25.8949
2022-10-19,25.9339
2022-10-20,25.9565
2022-10-21,25.9487
2022-10-22,25.9235
2022-10-23,25.9067
2022-10-24,25.8711
2022-10-25,25.8288
2022-10-26,25.7732
2022-10-27,25.7226
2022-10-28,25.6969
2022-10-29,25.6795
2022-10-30,25.6514
2022-10-31,25.6287
2022-11-01,25.6314
2022-11-02,25.6704
2022-11-03,25.7290
2022-11-04,25.7782
2022-11-05,25.8120
2022-11-06,25.8164
2022-11-07,25.8252
2022-11-08,25.8405
2022-11-09,25.8663
2022-11-10,25.9068
2022-11-11,25.9345
2022-11-12,25.9364
2022-11-13,25.9274
2022-11-14,25.8942
2022-11-15,25.8457
2022-11-16,25.8105
2022-11-17,25.7902
2022-11-18,25.7755
2022-11-19,25.7777
2022-11-20,25.7877
2022-11-21,25.7762
2022-11-22,25.7573
2022-11-23,25.7510
2022-11-24,25.7654
2022-11-25,25.7991
2022-11-26,25.8192
2022-11-27,25.8223
2022-11-28,25.8060
2022-11-29,25.7714
2022-11-30,25.7254
2022-12-01,25.6817
2022-12-02,25.6476
2022-12-03,25.6211
2022-12-04,25.5997
2022-12-05,25.5932
2022-12-06,25.6102
2022-12-07,25.6228
2022-12-08,25.6385
2022-12-09,25.6572
2022-12-10,25.6887
2022-12-11,25.7083
2022-12-12,25.7158
2022-12-13,25.7144
2022-12-14,25.7168
2022-12-15,25.7217
2022-12-16,25.7260
2022-12-17,25.7168
2022-12-18,25.7041
2022-12-19,25.7172
2022-12-20,25.7464
2022-12-21,25.7683
2022-12-22,25.7930
2022-12-23,25.8301
2022-12-24,25.8669
2022-12-25,25.8857
2022-12-26,25.8818
2022-12-27,25.8490
2022-12-28,25.8234
2022-12-29,25.7950
2022-12-30,25.7812
2022-12-31,25.7662
2023-01-01,25.7469
2023-01-02,25.7251
2023-01-03,25.7102
2023-01-04,25.7034
2023-01-05,25.6784
2023-01-06,25.6867
2023-01-07,25.6887
2023-01-08,25.6996
2023-01-09,25.7185
2023-01-10,25.7387
2023-01-11,25.7626
2023-01-12,25.7979
2023-01-13,25.8361
2023-01-14,25.8548
2023-01-15,25.8535
2023-01-16,25.8337
2023-01-17,25.8098
2023-01-18,25.8020
2023-01-19,25.7867
2023-01-20,25.7665
2023-01-21,25.7506
2023-01-22,25.7598
2023-01-23,25.7737
2023-01-24,25.7997
2023-01-25,25.8326
2023-01-26,25.8825
2023-01-27,25.9334
2023-01-28,25.9615
2023-01-29,25.9895
2023-01-30,26.0183
2023-01-31,26.0304
2023-02-01,26.0151
2023-02-02,25.9902
2023-02-03,25.9814
2023-02-04,25.9952
2023-02-05,26.0127
2023-02-06,26.0427
2023-02-07,26.0390
2023-02-08,26.0072
2023-02-09,25.9766
2023-02-10,25.9737
2023-02-11,26.0004
2023-02-12,26.0394
2023-02-13,26.0654
2023-02-14,26.0865
2023-02-15,26.0974
2023-02-16,26.1122
2023-02-17,26.1432
2023-02-18,26.2273
2023-02-19,26.3520
2023-02-20,26.4535
2023-02-21,26.4923
2023-02-22,26.4863
2023-02-23,26.4740
2023-02-24,26.4861
2023-02-25,26.5064
2023-02-26,26.5041
2023-02-27,26.5062
2023-02-28,26.5122
2023-03-01,26.5218
2023-03-02,26.5579
2023-03-03,26.6164
2023-03-04,26.7049
2023-03-05,26.7805
2023-03-06,26.8524
2023-03-07,26.8993
2023-03-08,26.9272
2023-03-09,26.9648
2023-03-10,27.0284
2023-03-11,27.1187
2023-03-12,27.2076
2023-03-13,27.2958
2023-03-14,27.3374
2023-03-15,27.3520
2023-03-16,27.3455
2023-03-17,27.3338
2023-03-18,27.3077
2023-03-19,27.2871
2023-03-20,27.2743
2023-03-21,27.2844
2023-03-22,27.2965
2023-03-23,27.3015
2023-03-24,27.3155
2023-03-25,27.3424
2023-03-26,27.3921
2023-03-27,27.4446
2023-03-28,27.4691
2023-03-29,27.4825
2023-03-30,27.5058
2023-03-31,27.5094
2023-04-01,27.5382
2023-04-02,27.5717
2023-04-03,27.5975
2023-04-04,27.6336
2023-04-05,27.6534
2023-04-06,27.6467
2023-04-07,27.6497
2023-04-08,27.6572
2023-04-09,27.6907
2023-04-10,27.7428
2023-04-11,27.8326
2023-04-12,27.9122
2023-04-13,27.9704
2023-04-14,27.9780
2023-04-15,27.9668
2023-04-16,27.9623
2023-04-17,27.9847
2023-04-18,28.0427
2023-04-19,28.1231
2023-04-20,28.1731
2023-04-21,28.2076
2023-04-22,28.2202
2023-04-23,28.2430
2023-04-24,28.2565
2023-04-25,28.2547
2023-04-26,28.2640
2023-04-27,28.2714
2023-04-28,28.2563
2023-04-29,28.2376
2023-04-30,28.2106
2023-05-01,28.2148
2023-05-02,28.2273
2023-05-03,28.2273
2023-05-04,28.2330
2023-05-05,28.2239
2023-05-06,28.2333
2023-05-07,28.2565
2023-05-08,28.2864
2023-05-09,28.3056
2023-05-10,28.3335
2023-05-11,28.3498
2023-05-12,28.3612
2023-05-13,28.3768
2023-05-14,28.3566
2023-05-15,28.3292
2023-05-16,28.3352
2023-05-17,28.3340
2023-05-18,28.3461
2023-05-19,28.3391
2023-05-20,28.3203
2023-05-21,28.2705
2023-05-22,28.2371
2023-05-23,28.2058
2023-05-24,28.2190
2023-05-25,28.2811
2023-05-26,28.3341
2023-05-27,28.4051
2023-05-28,28.4763
2023-05-29,28.5416
2023-05-30,28.5428
2023-05-31,28.5259
2023-06-01,28.5418
2023-06-02,28.5713
2023-06-03,28.6220
2023-06-04,28.7062
2023-06-05,28.7859
2023-06-06,28.8355
2023-06-07,28.8289
2023-06-08,28.7736
2023-06-09,28.7046
2023-06-10,28.6414
2023-06-11,28.6035
2023-06-12,28.5752
2023-06-13,28.5507
2023-06-14,28.5577
2023-06-15,28.5522
2023-06-16,28.5254
2023-06-17,28.5211
2023-06-18,28.5471
2023-06-19,28.5787
2023-06-20,28.6037
2023-06-21,28.6292
2023-06-22,28.6585
2023-06-23,28.6539
2023-06-24,28.6222
2023-06-25,28.5727
2023-06-26,28.5166
2023-06-27,28.4695
2023-06-28,28.4391
2023-06-29,28.4138
2023-06-30,28.4020
2023-07-01,28.4158
2023-07-02,28.4328
2023-07-03,28.4560
2023-07-04,28.4701
2023-07-05,28.4979
2023-07-06,28.4978
2023-07-07,28.4604
2023-07-08,28.4168
2023-07-09,28.3813
2023-07-10,28.3413
2023-07-11,28.3228
2023-07-12,28.3395
2023-07-13,28.3568
2023-07-14,28.3859
2023-07-15,28.4088
2023-07-16,28.4103
2023-07-17,28.3833
2023-07-18,28.3505
2023-07-19,28.3152
2023-07-20,28.2836
2023-07-21,28.2726
2023-07-22,28.2550
2023-07-23,28.2458
2023-07-24,28.2474
2023-07-25,28.2331
2023-07-26,28.2202
2023-07-27,28.2051
2023-07-28,28.1989
2023-07-29,28.1672
2023-07-30,28.1352
2023-07-31,28.1042
2023-08-01,28.0548
2023-08-02,28.0227
2023-08-03,28.0146
2023-08-04,28.0425
2023-08-05,28.0649
2023-08-06,28.0713
2023-08-07,28.0929
2023-08-08,28.1165
2023-08-09,28.0804
2023-08-10,28.0811
2023-08-11,28.1021
2023-08-12,28.1130
2023-08-13,28.1228
2023-08-14,28.1385
2023-08-15,28.1650
2023-08-16,28.1816
2023-08-17,28.1781
2023-08-18,28.1499
2023-08-19,28.1517
2023-08-20,28.1712
2023-08-21,28.1953
2023-08-22,28.2613
2023-08-23,28.3092
2023-08-24,28.3334
2023-08-25,28.3718
2023-08-26,28.3558
2023-08-27,28.3031
2023-08-28,28.2648
2023-08-29,28.2557
2023-08-30,28.2623
2023-08-31,28.2786
2023-09-01,28.2874
2023-09-02,28.3091
2023-09-03,28.3219
2023-09-04,28.3277
2023-09-05,28.3172
2023-09-06,28.2913
2023-09-07,28.2702
2023-09-08,28.2868
2023-09-09,28.2925
2023-09-10,28.2923
2023-09-11,28.3115
2023-09-12,28.3095
2023-09-13,28.2844
2023-09-14,28.2930
2023-09-15,28.3077
2023-09-16,28.3165
2023-09-17,28.3414
2023-09-18,28.3522
2023-09-19,28.3458
2023-09-20,28.3457
2023-09-21,28.3844
2023-09-22,28.3840
2023-09-23,28.3379
2023-09-24,28.2729
2023-09-25,28.2063
2023-09-26,28.1550
2023-09-27,28.1245
2023-09-28,28.1277
2023-09-29,28.1472
2023-09-30,28.1467
2023-10-01,28.1215
2023-10-02,28.1189
2023-10-03,28.1318
2023-10-04,28.1763
2023-10-05,28.1929
2023-10-06,28.1964
2023-10-07,28.1885
2023-10-08,28.1536
2023-10-09,28.1421
2023-10-10,28.1602
2023-10-11,28.1833
2023-10-12,28.2263
2023-10-13,28.2930
2023-10-14,28.3408
2023-10-15,28.3653
2023-10-16,28.3835
2023-10-17,28.3643
2023-10-18,28.3385
2023-10-19,28.3320
2023-10-20,28.3300
2023-10-21,28.2892
2023-10-22,28.2498
2023-10-23,28.2876
2023-10-24,28.3698
2023-10-25,28.4509
2023-10-26,28.5076
2023-10-27,28.5372
2023-10-28,28.5547
2023-10-29,28.5677
2023-10-30,28.5731
2023-10-31,28.5745
2023-11-01,28.5712
2023-11-02,28.5860
2023-11-03,28.5780
2023-11-04,28.5623
2023-11-05,28.5692
2023-11-06,28.5728
2023-11-07,28.5560
2023-11-08,28.5366
2023-11-09,28.5276
2023-11-10,28.5265
2023-11-11,28.5282
2023-11-12,28.5263
2023-11-13,28.5374
2023-11-14,28.5544
2023-11-15,28.5947
2023-11-16,28.6924
2023-11-17,28.7685
2023-11-18,28.7986
2023-11-19,28.8383
2023-11-20,28.8542
2023-11-21,28.8746
2023-11-22,28.8817
2023-11-23,28.8774
2023-11-24,28.8624
2023-11-25,28.8260
2023-11-26,28.7372
2023-11-27,28.6917
2023-11-28,28.6867
2023-11-29,28.7016
2023-11-30,28.6889
2023-12-01,28.6729
2023-12-02,28.6467
2023-12-03,28.6390
2023-12-04,28.6350
2023-12-05,28.6330
2023-12-06,28.6475
2023-12-07,28.6811
2023-12-08,28.6821
2023-12-09,28.6824
2023-12-10,28.6400
2023-12-11,28.5798
2023-12-12,28.5581
2023-12-13,28.5807
2023-12-14,28.5929
2023-12-15,28.6091
2023-12-16,28.6017
2023-12-17,28.5726
2023-12-18,28.5593
2023-12-19,28.5570
2023-12-20,28.5767
2023-12-21,28.5748
2023-12-22,28.5495
2023-12-23,28.5242
2023-12-24,28.5102
2023-12-25,28.5115
2023-12-26,28.5324
2023-12-27,28.5489
2023-12-28,28.5164
2023-12-29,28.5201
2023-12-30,28.5279
2023-12-31,28.5393
2024-01-01,28.5511
2024-01-02,28.5361
2024-01-03,28.5199
2024-01-04,28.4781
2024-01-05,28.4056
2024-01-06,28.3739
2024-01-07,28.3732
2024-01-08,28.3959
2024-01-09,28.4080
2024-01-10,28.3911
2024-01-11,28.3873
2024-01-12,28.3727
2024-01-13,28.3422
2024-01-14,28.3142
2024-01-15,28.2721
2024-01-16,28.2168
2024-01-17,28.1896
2024-01-18,28.1683
2024-01-19,28.1540
2024-01-20,28.1536
2024-01-21,28.1395
2024-01-22,28.1272
2024-01-23,28.1440
2024-01-24,28.1596
2024-01-25,28.1631
2024-01-26,28.1807
2024-01-27,28.1908
2024-01-28,28.2035
2024-01-29,28.2249
2024-01-30,28.2827
2024-01-31,28.3464
2024-02-01,28.3772
2024-02-02,28.3606
2024-02-03,28.3085
2024-02-04,28.2599
2024-02-05,28.2183
2024-02-06,28.1919
2024-02-07,28.1843
2024-02-08,28.2020
2024-02-09,28.1913
2024-02-10,28.1834
2024-02-11,28.1496
2024-02-12,28.1549
2024-02-13,28.1563
2024-02-14,28.1709
2024-02-15,28.1821
2024-02-16,28.1930
2024-02-17,28.2402
2024-02-18,28.2782
2024-02-19,28.3007
2024-02-20,28.2827
2024-02-21,28.2525
2024-02-22,28.2155
2024-02-23,28.1595
2024-02-24,28.1568
2024-02-25,28.1685
2024-02-26,28.1797
2024-02-27,28.2129
2024-02-28,28.2704
2024-02-29,28.3514
2024-03-01,28.3956
2024-03-02,28.4274
2024-03-03,28.4441
2024-03-04,28.4411
2024-03-05,28.4457
2024-03-06,28.4622
2024-03-07,28.4548
2024-03-08,28.4257
2024-03-09,28.3779
2024-03-10,28.3464
2024-03-11,28.2974
2024-03-12,28.2505
2024-03-13,28.2341
2024-03-14,28.2099
2024-03-15,28.1894
2024-03-16,28.2224
2024-03-17,28.2932
2024-03-18,28.3877
2024-03-19,28.4820
2024-03-20,28.5509
2024-03-21,28.5885
2024-03-22,28.5794
2024-03-23,28.5205
2024-03-24,28.4425
2024-03-25,28.3895
2024-03-26,28.3516
2024-03-27,28.4015
2024-03-28,28.5058
2024-03-29,28.6249
2024-03-30,28.7400
2024-03-31,28.7883
2024-04-01,28.9265
2024-04-02,28.9398
2024-04-03,28.9025
2024-04-04,28.8461
2024-04-05,28.7481
2024-04-06,28.6791
2024-04-07,28.6371
2024-04-08,28.5679
2024-04-09,28.4836
2024-04-10,28.4282
2024-04-11,28.4201
2024-04-12,28.4098
2024-04-13,28.3914
2024-04-14,28.3676
2024-04-15,28.4220
2024-04-16,28.5103
2024-04-17,28.5927
2024-04-18,28.6608
2024-04-19,28.6813
2024-04-20,28.6944
2024-04-21,28.6833
2024-04-22,28.6818
2024-04-23,28.7278
2024-04-24,28.7379
2024-04-25,28.6675
2024-04-26,28.6022
2024-04-27,28.5361
2024-04-28,28.4790
2024-04-29,28.4155
2024-04-30,28.4087
2024-05-01,28.4467
2024-05-02,28.4647
2024-05-03,28.4471
2024-05-04,28.3875
2024-05-05,28.3329
2024-05-06,28.3029
2024-05-07,28.2596
2024-05-08,28.2037
2024-05-09,28.1426
2024-05-10,28.0920
2024-05-11,28.0833
2024-05-12,28.1194
2024-05-13,28.1433
2024-05-14,28.1422
2024-05-15,28.1439
2024-05-16,28.1387
2024-05-17,28.1080
2024-05-18,28.0852
2024-05-19,28.0577
2024-05-20,28.0500
2024-05-21,28.0417
2024-05-22,28.0288
2024-05-23,28.0182
2024-05-24,27.9943
2024-05-25,27.9654
2024-05-26,27.9422
2024-05-27,27.9245
2024-05-28,27.8936
2024-05-29,27.8460
2024-05-30,27.8336
2024-05-31,27.8860
2024-06-01,27.9364
2024-06-02,27.9879
2024-06-03,28.0148
2024-06-04,27.9774
2024-06-05,27.9243
2024-06-06,27.8491
2024-06-07,27.8044
2024-06-08,27.7993
2024-06-09,27.7763
2024-06-10,27.7568
2024-06-11,27.7502
2024-06-12,27.7824
2024-06-13,27.7991
2024-06-14,27.8014
2024-06-15,27.8199
2024-06-16,27.8391
2024-06-17,27.8611
2024-06-18,27.9022
2024-06-19,27.9029
2024-06-20,27.9149
2024-06-21,27.9352
2024-06-22,27.9299
2024-06-23,27.9295
2024-06-24,27.9503
2024-06-25,27.9712
2024-06-26,27.9789
2024-06-27,27.9626
2024-06-28,27.9467
2024-06-29,27.9061
2024-06-30,27.8481
2024-07-01,27.8268
2024-07-02,27.8134
2024-07-03,27.7976
2024-07-04,27.8034
2024-07-05,27.7819
2024-07-06,27.7344
2024-07-07,27.6730
2024-07-08,27.6511
2024-07-09,27.6561
2024-07-10,27.6694
2024-07-11,27.6728
2024-07-12,27.6863
2024-07-13,27.6474
2024-07-14,27.5994
2024-07-15,27.5432
2024-07-16,27.4892
2024-07-17,27.4122
2024-07-18,27.3439
2024-07-19,27.2767
2024-07-20,27.2806
2024-07-21,27.3139
2024-07-22,27.3183
2024-07-23,27.3117
2024-07-24,27.2723
2024-07-25,27.1901
2024-07-26,27.0872
2024-07-27,26.9717
2024-07-28,26.8429
2024-07-29,26.7535
2024-07-30,26.7654
2024-07-31,26.7901
2024-08-01,26.8281
2024-08-02,26.9006
2024-08-03,26.9677
2024-08-04,27.0174
2024-08-05,26.9690
2024-08-06,27.0101
2024-08-07,26.9782
2024-08-08,26.9555
2024-08-09,26.9085
2024-08-10,26.8887
2024-08-11,26.8421
2024-08-12,26.7722
2024-08-13,26.7328
2024-08-14,26.7049
2024-08-15,26.6967
2024-08-16,26.6959
2024-08-17,26.7038
2024-08-18,26.7012
2024-08-19,26.7117
2024-08-20,26.7447
2024-08-21,26.7622
2024-08-22,26.7759
2024-08-23,26.7517
2024-08-24,26.7362
2024-08-25,26.6800
2024-08-26,26.6029
2024-08-27,26.5660
2024-08-28,26.5755
2024-08-29,26.5966
2024-08-30,26.6140
2024-08-31,26.6131
2024-09-01,26.6177
2024-09-02,26.6377
2024-09-03,26.6426
2024-09-04,26.6250
2024-09-05,26.5973
2024-09-06,26.6005
2024-09-07,26.5989
2024-09-08,26.5587
2024-09-09,26.5124
2024-09-10,26.5032
2024-09-11,26.5101
2024-09-12,26.5091
2024-09-13,26.4961
2024-09-14,26.4507
2024-09-15,26.3656
2024-09-16,26.2756
2024-09-17,26.2009
2024-09-18,26.1486
2024-09-19,26.1257
2024-09-20,26.1733
2024-09-21,26.2566
2024-09-22,26.3536
2024-09-23,26.4087
2024-09-24,26.4494
2024-09-25,26.4703
2024-09-26,26.4434
2024-09-27,26.4328
2024-09-28,26.4080
2024-09-29,26.4051
2024-09-30,26.3878
2024-10-01,26.3677
2024-10-02,26.3509
2024-10-03,26.3238
2024-10-04,26.3153
2024-10-05,26.3118
2024-10-06,26.2954
2024-10-07,26.2687
2024-10-08,26.2898
2024-10-09,26.3307
2024-10-10,26.3433
2024-10-11,26.3364
2024-10-12,26.3371
2024-10-13,26.3693
2024-10-14,26.4373
2024-10-15,26.4857
2024-10-16,26.4935
2024-10-17,26.4722
2024-10-18,26.4536
2024-10-19,26.4472
2024-10-20,26.4497
2024-10-21,26.4297
2024-10-22,26.3952
2024-10-23,26.3446
2024-10-24,26.2933
2024-10-25,26.2630
2024-10-26,26.2738
2024-10-27,26.2979
2024-10-28,26.3392
2024-10-29,26.4254
2024-10-30,26.4922
2024-10-31,26.5521
2024-11-01,26.5716
2024-11-02,26.5492
2024-11-03,26.5179
2024-11-04,26.4985
2024-11-05,26.5295
2024-11-06,26.5940
2024-11-07,26.6392
2024-11-08,26.6353
2024-11-09,26.6202
2024-11-10,26.6436
2024-11-11,26.6999
2024-11-12,26.7207
2024-11-13,26.7349
2024-11-14,26.7481
2024-11-15,26.7385
2024-11-16,26.7278
2024-11-17,26.7271
2024-11-18,26.7264
2024-11-19,26.7409
2024-11-20,26.7467
2024-11-21,26.7080
2024-11-22,26.6554
2024-11-23,26.6186
2024-11-24,26.5911
2024-11-25,26.5917
2024-11-26,26.6087
2024-11-27,26.6154
2024-11-28,26.6116
2024-11-29,26.6128
2024-11-30,26.5792
2024-12-01,26.5380
2024-12-02,26.4827
2024-12-03,26.4354
2024-12-04,26.4129
2024-12-05,26.3940
2024-12-06,26.3443
2024-12-07,26.3060
2024-12-08,26.2617
2024-12-09,26.2076
2024-12-10,26.1431
2024-12-11,26.1051
2024-12-12,26.0575
2024-12-13,26.0177
2024-12-14,25.9548
2024-12-15,25.8672
2024-12-16,25.8069
2024-12-17,25.7685
2024-12-18,25.7555
2024-12-19,25.7339
2024-12-20,25.7182
2024-12-21,25.7089
2024-12-22,25.6748
2024-12-23,25.6144
2024-12-24,25.5641
2024-12-25,25.5305
2024-12-26,25.5377
2024-12-27,25.5777
2024-12-28,25.6211
2024-12-29,25.6721
2024-12-30,25.7345
2024-12-31,25.7986
2025-01-01,25.8533
2025-01-02,25.8746
2025-01-03,25.8593
2025-01-04,25.8080
2025-01-05,25.7727
2025-01-06,25.7618
2025-01-07,25.7704
2025-01-08,25.7748
2025-01-09,25.7527
2025-01-10,25.7417
2025-01-11,25.7724
2025-01-12,25.8369
2025-01-13,25.9025
2025-01-14,25.9121
2025-01-15,25.8722
2025-01-16,25.8043
2025-01-17,25.7512
2025-01-18,25.7167
2025-01-19,25.6730
2025-01-20,25.6318
2025-01-21,25.5992
2025-01-22,25.5747
2025-01-23,25.5465
2025-01-24,25.5230
2025-01-25,25.5291
2025-01-26,25.5674
2025-01-27,25.5959
2025-01-28,25.6287
2025-01-29,25.6559
2025-01-30,25.6699
2025-01-31,25.6985
2025-02-01,25.7458
2025-02-02,25.8018
2025-02-03,25.8635
2025-02-04,25.9244
2025-02-05,25.9866
2025-02-06,26.0455
2025-02-07,26.0871
2025-02-08,26.1047
2025-02-09,26.1262
2025-02-10,26.1578
2025-02-11,26.2044
2025-02-12,26.2624
2025-02-13,26.3135
2025-02-14,26.3470
2025-02-15,26.3673
2025-02-16,26.3994
2025-02-17,26.4387
2025-02-18,26.4747
2025-02-19,26.4865
2025-02-20,26.5006
2025-02-21,26.5527
2025-02-22,26.5967
2025-02-23,26.5960
2025-02-24,26.5787
2025-02-25,26.5944
2025-02-26,26.6254
2025-02-27,26.7113
2025-02-28,26.8322
2025-03-01,26.9040
2025-03-02,26.9195
2025-03-03,26.9572
2025-03-04,26.9806
2025-03-05,27.0120
2025-03-06,27.0717
2025-03-07,27.1161
2025-03-08,27.1659
2025-03-09,27.2475
2025-03-10,27.3322
2025-03-11,27.4323
2025-03-12,27.4911
2025-03-13,27.4759
2025-03-14,27.3777
2025-03-15,27.2951
2025-03-16,27.2262
2025-03-17,27.1838
2025-03-18,27.1962
2025-03-19,27.2283
2025-03-20,27.2882
2025-03-21,27.3945
2025-03-22,27.4787
2025-03-23,27.5385
2025-03-24,27.5919
2025-03-25,27.6307
2025-03-26,27.6110
2025-03-27,27.5953
2025-03-28,27.5553
2025-03-29,27.4930
2025-03-30,27.4490
2025-03-31,27.4188
2025-04-01,27.4189
2025-04-02,27.3948
2025-04-03,27.3650
2025-04-04,27.3545
2025-04-05,27.3757
2025-04-06,27.4097
2025-04-07,27.4710
2025-04-08,27.5147
2025-04-09,27.5507
2025-04-10,27.5704
2025-04-11,27.5651
2025-04-12,27.5813
2025-04-13,27.6066
2025-04-14,27.6233
2025-04-15,27.6232
2025-04-16,27.6434
2025-04-17,27.6768
2025-04-18,27.7257
2025-04-19,27.7570
2025-04-20,27.7740
2025-04-21,27.7864
2025-04-22,27.7929
2025-04-23,27.8001
2025-04-24,27.8011
2025-04-25,27.8067
2025-04-26,27.8165
2025-04-27,27.8274
2025-04-28,27.8172
2025-04-29,27.8143
2025-04-30,27.8176
2025-05-01,27.8661
2025-05-02,27.9211
2025-05-03,27.9730
2025-05-04,28.0007
2025-05-05,28.0221
2025-05-06,28.0286
2025-05-07,28.0037
2025-05-08,27.9627
2025-05-09,27.9206
2025-05-10,27.8799
2025-05-11,27.8356
2025-05-12,27.7971
2025-05-13,27.7626
2025-05-14,27.7317
2025-05-15,27.7337
2025-05-16,27.7453
2025-05-17,27.7141
2025-05-18,27.6953
2025-05-19,27.6752
2025-05-20,27.6759
2025-05-21,27.7002
2025-05-22,27.7300
2025-05-23,27.7344
2025-05-24,27.7285
2025-05-25,27.7067
2025-05-26,27.6767
2025-05-27,27.6582
2025-05-28,27.6642
2025-05-29,27.7110
2025-05-30,27.7566
2025-05-31,27.7941
2025-06-01,27.8378
2025-06-02,27.8432
2025-06-03,27.8215
2025-06-04,27.7634
2025-06-05,27.6851
2025-06-06,27.6323
2025-06-07,27.6042
2025-06-08,27.6125
2025-06-09,27.6307
2025-06-10,27.6896
2025-06-11,27.7496
2025-06-12,27.7728
2025-06-13,27.7733
2025-06-14,27.7591
2025-06-15,27.7296
2025-06-16,27.6819
2025-06-17,27.6455
2025-06-18,27.6407
2025-06-19,27.6795
2025-06-20,27.7488
2025-06-21,27.7601
2025-06-22,27.7385
2025-06-23,27.6924
2025-06-24,27.6368
2025-06-25,27.5894
2025-06-26,27.5595
2025-06-27,27.5368
2025-06-28,27.5217
2025-06-29,27.5213
2025-06-30,27.5372
2025-07-01,27.5691
2025-07-02,27.5992
2025-07-03,27.5894
2025-07-04,27.5845
2025-07-05,27.5877
2025-07-06,27.5725
2025-07-07,27.5521
2025-07-08,27.5150
2025-07-09,27.4943
2025-07-10,27.4736
2025-07-11,27.4243
2025-07-12,27.3392
2025-07-13,27.2580
2025-07-14,27.2025
2025-07-15,27.1562
2025-07-16,27.1228
2025-07-17,27.1262
2025-07-18,27.1331
2025-07-19,27.1001
2025-07-20,27.0570
2025-07-21,26.9959
2025-07-22,26.9342
2025-07-23,26.8777
2025-07-24,26.8176
2025-07-25,26.7728
2025-07-26,26.7523
2025-07-27,26.7564
2025-07-28,26.7721
2025-07-29,26.7699
2025-07-30,26.7597
2025-07-31,26.7413
2025-08-01,26.6932
2025-08-02,26.6863
2025-08-03,26.6647
2025-08-04,26.6777
2025-08-05,26.6995
2025-08-06,26.7227
2025-08-07,26.7335
2025-08-08,26.7193
2025-08-09,26.6838
2025-08-10,26.6308
2025-08-11,26.5807
2025-08-12,26.5542
2025-08-13,26.5430
2025-08-14,26.5427
2025-08-15,26.5294
2025-08-16,26.5247
2025-08-17,26.5110
2025-08-18,26.5056
2025-08-19,26.4855
2025-08-20,26.4641
2025-08-21,26.4274
2025-08-22,26.3861
2025-08-23,26.3575
2025-08-24,26.3605
2025-08-25,26.3882
2025-08-26,26.3924
2025-08-27,26.3926
2025-08-28,26.3688
2025-08-29,26.3261
2025-08-30,26.2670
2025-08-31,26.2661
2025-09-01,26.2789
2025-09-02,26.3034
2025-09-03,26.3468
2025-09-04,26.3935
2025-09-05,26.4282
2025-09-06,26.4388
2025-09-07,26.4269
2025-09-08,26.3910
2025-09-09,26.3497
2025-09-10,26.3044
2025-09-11,26.2714
2025-09-12,26.2173
2025-09-13,26.1991
2025-09-14,26.2333
2025-09-15,26.2825
2025-09-16,26.3326
2025-09-17,26.3549
2025-09-18,26.3550
2025-09-19,26.3395
2025-09-20,26.3309
2025-09-21,26.3181
2025-09-22,26.2605
2025-09-23,26.1831
2025-09-24,26.1274
2025-09-25,26.1102
2025-09-26,26.1171
2025-09-27,26.1549
2025-09-28,26.2182
2025-09-29,26.2728
2025-09-30,26.2958
2025-10-01,26.2872
2025-10-02,26.2849
2025-10-03,26.2981
2025-10-04,26.3000
2025-10-05,26.2996
2025-10-06,26.3269
2025-10-07,26.3753
2025-10-08,26.3993
2025-10-09,26.3806
2025-10-10,26.3418
2025-10-11,26.3013
2025-10-12,26.2492
2025-10-13,26.2126
2025-10-14,26.2226
2025-10-15,26.2394
2025-10-16,26.2491
2025-10-17,26.2528
2025-10-18,26.2341
2025-10-19,26.2120
2025-10-20,26.2015
2025-10-21,26.1738
2025-10-22,26.1422
2025-10-23,26.1180
2025-10-24,26.1078
2025-10-25,26.1009
2025-10-26,26.1040
2025-10-27,26.0943
2025-10-28,26.0947
2025-10-29,26.1124
2025-10-30,26.1202
2025-10-31,26.1113
2025-11-01,26.1341
2025-11-02,26.1875
2025-11-03,26.2189
2025-11-04,26.1906
2025-11-05,26.1120
2025-11-06,26.0311
2025-11-07,25.9675
2025-11-08,25.9535
2025-11-09,25.9632
2025-11-10,25.9689
2025-11-11,25.9683
2025-11-12,25.9763
2025-11-13,25.9948
2025-11-14,26.0232
2025-11-15,26.0104
2025-11-16,25.9941
2025-11-17,25.9918
2025-11-18,25.9958
2025-11-19,26.0163
2025-11-20,26.0139
2025-11-21,25.9834
2025-11-22,25.9377
2025-11-23,25.9042
2025-11-24,25.9247
2025-11-25,25.9551
2025-11-26,26.0147
2025-11-27,26.0640
2025-11-28,26.1129
2025-11-29,26.1492
2025-11-30,26.1662
2025-12-01,26.1810
2025-12-02,26.1683
2025-12-03,26.1486
2025-12-04,26.1469
2025-12-05,26.1222
2025-12-06,26.0889
2025-12-07,26.0225
2025-12-08,25.9680
2025-12-09,25.9502
2025-12-10,25.9458
2025-12-11,25.9243
2025-12-12,25.8968
2025-12-13,25.8578
2025-12-14,25.8288
2025-12-15,25.8181
2025-12-16,25.8450
2025-12-17,25.8987
2025-12-18,25.9233
2025-12-19,25.9264
2025-12-20,25.9254
2025-12-21,25.9048
2025-12-22,25.8809
2025-12-23,25.8546
2025-12-24,25.8272
2025-12-25,25.8034
2025-12-26,25.7984
2025-12-27,25.8660
2025-12-28,25.9089
2025-12-29,25.9029
2025-12-30,25.8970
2025-12-31,25.8800
2026-01-01,25.8713
2026-01-02,25.8630
2026-01-03,25.8625
2026-01-04,25.8380
2026-01-05,25.7965
2026-01-06,25.7721
2026-01-07,25.7552
2026-01-08,25.7561
2026-01-09,25.7445
2026-01-10,25.7609
2026-01-11,25.7907
2026-01-12,25.8096
2026-01-13,25.8257
2026-01-14,25.8410
2026-01-15,25.8623
2026-01-16,25.9101
2026-01-17,25.9692
2026-01-18,26.0041
2026-01-19,26.0125
2026-01-20,26.0180
2026-01-21,26.0185
2026-01-22,26.0303
2026-01-23,26.0533
2026-01-24,26.0696
2026-01-25,26.0751
2026-01-26,26.0732
2026-01-27,26.0856
2026-01-28,26.0469
2026-01-29,25.9873
2026-01-30,25.9610
2026-01-31,25.9790
2026-02-01,26.0095
2026-02-02,26.0541
2026-02-03,26.0895
2026-02-04,26.1155
2026-02-05,26.1556
2026-02-06,26.1875
2026-02-07,26.2305
2026-02-08,26.2742
2026-02-09,26.3183
2026-02-10,26.3748
2026-02-11,26.4398
2026-02-12,26.4978
2026-02-13,26.5305
2026-02-14,26.5267
2026-02-15,26.5167
2026-02-16,26.5399
2026-02-17,26.5766
2026-02-18,26.6317
2026-02-19,26.6785
2026-02-20,26.7133
2026-02-21,26.7447
2026-02-22,26.7633
2026-02-23,26.7468
2026-02-24,26.7037
2026-02-25,26.7112
2026-02-26,26.7232
2026-02-27,26.7175
2026-02-28,26.7159
2026-03-01,26.7217
2026-03-02,26.7438
2026-03-03,26.7652
2026-03-04,26.7852
2026-03-05,26.8034
2026-03-06,27.0223
2026-03-07,26.8947
2026-03-08,26.9330
2026-03-09,26.9637
2026-03-10,26.9885
2026-03-11,27.0059
2026-03-12,27.0104
2026-03-13,27.0117
2026-03-14,27.0354
2026-03-15,27.0857
2026-03-16,27.1635
2026-03-17,27.2392
2026-03-18,27.3035
2026-03-19,27.3436
2026-03-20,27.3609
2026-03-21,27.3797
2026-03-22,27.4394
2026-03-23,27.5231
2026-03-24,27.5800
2026-03-25,27.6047
2026-03-26,27.5785
2026-03-27,27.5424
2026-03-28,27.5437
2026-03-29,27.5544
2026-03-30,27.5742
2026-03-31,27.5912
2026-04-01,27.6077
2026-04-02,27.6294
2026-04-03,27.6658
2026-04-04,27.7097
2026-04-05,27.7642
2026-04-06,27.8204
2026-04-07,27.8685
2026-04-08,27.9035
2026-04-09,27.8833
2026-04-10,27.8718
2026-04-11,27.9011
2026-04-12,28.0161
2026-04-13,28.1196
2026-04-14,28.2023
2026-04-15,28.2782
2026-04-16,28.3475
2026-04-17,28.4039
2026-04-18,28.4452
2026-04-19,28.5117
2026-04-20,28.5756
2026-04-21,28.5965
2026-04-22,28.6128
2026-04-23,28.5996
2026-04-24,28.6170
2026-04-25,28.6525
2026-04-26,28.6853
2026-04-27,28.6872
2026-04-28,28.7231
2026-04-29,28.7842
2026-04-30,28.8377
2026-05-01,28.8283
2026-05-02,28.7793
2026-05-03,28.7582
2026-05-04,28.7761
2026-05-05,28.7681
2026-05-06,28.7182
2026-05-07,28.6891
2026-05-08,28.6777
2026-05-09,28.7032
2026-05-10,28.7465
2026-05-11,28.7695
2026-05-12,28.7969
2026-05-13,28.8165
2026-05-14,28.8249
2026-05-15,28.8444
2026-05-16,28.8562
2026-05-17,28.8872
2026-05-18,28.8605
2026-05-19,28.8347
2026-05-20,28.7998
2026-05-21,28.7768
2026-05-22,28.7404
2026-05-23,28.7310
2026-05-24,28.7533
2026-05-25,28.7626
2026-05-26,28.7719
2026-05-27,28.7669
2026-05-28,28.7849
2026-05-29,28.8044
2026-05-30,28.8144
2026-05-31,28.8274
2026-06-01,28.9030
2026-06-02,28.9983
2026-06-03,29.0924
2026-06-04,29.1938
2026-06-05,29.2492
2026-06-06,29.2696
2026-06-07,29.2551
2026-06-08,29.2090
2026-06-09,29.1913
2026-06-10,29.2107
2026-06-11,29.2263
2026-06-12,29.2667
2026-06-13,29.2995
2026-06-14,29.3162
2026-06-15,29.3279
2026-06-16,29.3419
2026-06-17,29.3768
2026-06-18,29.3901
2026-06-19,29.4141
2026-06-20,29.3976
2026-06-21,29.3716
2026-06-22,29.3713
2026-06-23,29.3647
2026-06-24,29.3390
2026-06-25,29.3156
2026-06-26,29.2949
2026-06-27,29.2889
2026-06-28,29.2757
2026-06-29,29.2583
2026-06-30,29.2450
2026-07-01,29.2148
2026-07-02,29.1585
2026-07-03,29.1706
2026-07-04,29.1973
2026-07-05,29.2269
2026-07-06,29.2857
2026-07-07,29.3255
2026-07-08,29.3375
2026-07-09,29.3436
2026-07-10,29.3540
2026-07-11,29.3555
2026-07-12,29.3380
2026-07-13,29.3170
2026-07-14,29.3521
2026-07-15,29.3852
2026-07-16,29.4074
2026-07-17,29.3647
2026-07-18,29.3596
2026-07-19,29.3560
2026-07-20,29.3606
2026-07-21,29.3668
2026-07-22,29.3634
2026-07-23,29.3736
2026-07-24,29.3875
2026-07-25,29.4006
2026-07-26,29.3986
2026-07-27,29.3963
2026-07-28,29.3848
2026-07-29,29.3971
2026-07-30,29.4197
2026-07-31,29.4753
2026-08-01,29.5071
2026-08-02,29.5238
2026-08-03,29.5400
2026-08-04,29.5359
2026-08-05,29.4825
2026-08-06,29.4205
2026-08-07,29.4127
2026-08-08,29.4429
2026-08-09,29.4772
2026-08-10,29.4722
2026-08-11,29.4244
2026-08-12,29.4164
2026-08-13,29.4319
2026-08-14,29.4461
2026-08-15,29.4371
2026-08-16,29.4121
2026-08-17,29.3747
2026-08-18,29.3466
2026-08-19,29.3342
2026-08-20,29.3219
2026-08-21,29.3485
2026-08-22,29.4020
2026-08-23,29.3897
2026-08-24,29.3881
2026-08-25,29.3676
2026-08-26,29.3552
2026-08-27,29.3692
2026-08-28,29.3891
2026-08-29,29.4057
2026-08-30,29.4336
2026-08-31,29.4228
2026-09-01,29.4295
2026-09-02,29.4610
2026-09-03,29.4777
2026-09-04,29.5001
2026-09-05,29.5368
2026-09-06,29.5636
2026-09-07,29.5548
2026-09-08,29.5394
2026-09-09,29.5038
2026-09-10,29.4690
2026-09-11,29.5094
2026-09-12,29.5372
2026-09-13,29.5644
2026-09-14,29.5969
2026-09-15,29.6216
2026-09-16,29.6393
2026-09-17,29.6555
2026-09-18,29.6819
2026-09-19,29.7420
2026-09-20,29.7306
2026-09-21,29.7790
2026-09-22,29.7193
2026-09-23,29.6200
2026-09-24,29.6368
2026-09-25,29.8224
2026-09-26,29.8086
2026-09-27,29.8067
2026-09-28,29.8070
2026-09-29,29.8498
2026-09-30,29.8856
2026-10-01,29.9748
2026-10-02,29.9627
